# +===================================================================
# | Generado el 10-12-2024 a las 17:28:25 
# | Servidor: localhost
# | MySQL Version: 10.4.32-MariaDB
# | PHP Version: 8.0.30
# | Base de datos: 'softventas'
# | Tablas: abonoscreditoscompras;  abonoscreditosventas;  ajustes;  arqueocaja;  bancos;  cajas;  clientes;  colores;  combos;  combosxproductos;  compras;  configuracion;  cotizaciones;  creditosxclientes;  departamentos;  detalleajustes;  detallecompras;  detallecotizaciones;  detallenotas;  detallepedidos;  detallependientes;  detallepreventas;  detalletraspasos;  detalleventas;  documentos;  familias;  imei;  impuestos;  kardex;  log;  marcas;  mediospagos;  mediospagoxventas;  modelos;  movimientoscajas;  notascredito;  origenes;  pedidos;  pendientes;  presentaciones;  preventas;  productos;  proveedores;  provincias;  subfamilias;  sucursales;  tiposcambio;  tiposmoneda;  traspasos;  usuarios;  ventas
# +-------------------------------------------------------------------
# Si tienen tablas con relacion y no estan en orden dara problemas al recuperar datos. Para evitarlo:
SET FOREIGN_KEY_CHECKS=0; 
SET time_zone = '+00:00';
SET sql_mode = ''; 


/*!40101 SET @OLD_CHARACTER_SET_CLIENT=@@CHARACTER_SET_CLIENT */;
/*!40101 SET @OLD_CHARACTER_SET_RESULTS=@@CHARACTER_SET_RESULTS */;
/*!40101 SET @OLD_COLLATION_CONNECTION=@@COLLATION_CONNECTION */;
/*!40101 SET NAMES utf8 */;

# | Vaciado de tabla 'abonoscreditoscompras'
# +-------------------------------------
DROP TABLE IF EXISTS `abonoscreditoscompras`;


# | Estructura de la tabla 'abonoscreditoscompras'
# +-------------------------------------
CREATE TABLE `abonoscreditoscompras` (
  `idabono` int(11) NOT NULL AUTO_INCREMENT,
  `codabono` varchar(30) CHARACTER SET utf8 COLLATE utf8_spanish_ci NOT NULL,
  `codcredito` varchar(30) CHARACTER SET utf8 COLLATE utf8_spanish_ci NOT NULL,
  `codcompra` varchar(30) CHARACTER SET utf8 COLLATE utf8_spanish_ci NOT NULL,
  `codproveedor` varchar(30) CHARACTER SET utf8 COLLATE utf8_spanish_ci NOT NULL,
  `montoabono` decimal(12,2) NOT NULL,
  `formaabono` int(11) NOT NULL,
  `codbanco` int(11) NOT NULL,
  `comprobante` varchar(50) CHARACTER SET utf8 COLLATE utf8_spanish_ci NOT NULL,
  `fechaabono` datetime NOT NULL,
  `codsucursal` int(11) NOT NULL,
  PRIMARY KEY (`idabono`)
) ENGINE=InnoDB DEFAULT CHARSET=utf8 COLLATE=utf8_general_ci;
                
# | Carga de datos de la tabla 'abonoscreditoscompras'
# +-------------------------------------

# | Vaciado de tabla 'abonoscreditosventas'
# +-------------------------------------
DROP TABLE IF EXISTS `abonoscreditosventas`;


# | Estructura de la tabla 'abonoscreditosventas'
# +-------------------------------------
CREATE TABLE `abonoscreditosventas` (
  `idabono` int(11) NOT NULL AUTO_INCREMENT,
  `codabono` varchar(30) CHARACTER SET utf8 COLLATE utf8_spanish_ci NOT NULL,
  `codcredito` varchar(30) CHARACTER SET utf8 COLLATE utf8_spanish_ci NOT NULL,
  `codarqueo` int(11) NOT NULL,
  `codcaja` int(11) NOT NULL,
  `codventa` varchar(30) CHARACTER SET utf8 COLLATE utf8_spanish_ci NOT NULL,
  `codcliente` varchar(30) CHARACTER SET utf8 COLLATE utf8_spanish_ci NOT NULL,
  `montoabono` decimal(12,2) NOT NULL,
  `formaabono` int(11) NOT NULL,
  `codbanco` int(11) NOT NULL,
  `comprobante` varchar(100) CHARACTER SET utf8 COLLATE utf8_spanish_ci NOT NULL,
  `fechaabono` datetime NOT NULL,
  `codsucursal` int(11) NOT NULL,
  PRIMARY KEY (`idabono`)
) ENGINE=InnoDB DEFAULT CHARSET=utf8 COLLATE=utf8_general_ci;
                
# | Carga de datos de la tabla 'abonoscreditosventas'
# +-------------------------------------

# | Vaciado de tabla 'ajustes'
# +-------------------------------------
DROP TABLE IF EXISTS `ajustes`;


# | Estructura de la tabla 'ajustes'
# +-------------------------------------
CREATE TABLE `ajustes` (
  `idajuste` int(11) NOT NULL AUTO_INCREMENT,
  `codajuste` varchar(30) CHARACTER SET utf8 COLLATE utf8_spanish_ci NOT NULL,
  `tipodocumento` varchar(30) CHARACTER SET utf8 COLLATE utf8_spanish_ci NOT NULL,
  `codfactura` varchar(30) CHARACTER SET utf8 COLLATE utf8_spanish_ci NOT NULL,
  `codigo` varchar(30) CHARACTER SET utf8 COLLATE utf8_spanish_ci NOT NULL,
  `motivoajuste` text CHARACTER SET utf8 COLLATE utf8_spanish_ci NOT NULL,
  `fechaajuste` datetime NOT NULL,
  `codsucursal` int(11) NOT NULL,
  PRIMARY KEY (`idajuste`)
) ENGINE=InnoDB DEFAULT CHARSET=utf8 COLLATE=utf8_unicode_ci;
                
# | Carga de datos de la tabla 'ajustes'
# +-------------------------------------

# | Vaciado de tabla 'arqueocaja'
# +-------------------------------------
DROP TABLE IF EXISTS `arqueocaja`;


# | Estructura de la tabla 'arqueocaja'
# +-------------------------------------
CREATE TABLE `arqueocaja` (
  `codarqueo` int(11) NOT NULL AUTO_INCREMENT,
  `tipodocumento` varchar(30) CHARACTER SET utf8 COLLATE utf8_spanish_ci NOT NULL,
  `codcaja` int(11) NOT NULL,
  `montoinicial` decimal(12,2) NOT NULL,
  `ingresos` decimal(12,2) NOT NULL,
  `ingresos2` decimal(12,2) NOT NULL,
  `egresos` decimal(12,2) NOT NULL,
  `egresonotas` decimal(12,2) NOT NULL,
  `creditos` decimal(12,2) NOT NULL,
  `abonos` decimal(12,2) NOT NULL,
  `efectivocaja` decimal(12,2) NOT NULL,
  `dineroefectivo` decimal(12,2) NOT NULL,
  `diferencia` decimal(12,2) NOT NULL,
  `comentarios` text CHARACTER SET utf8 COLLATE utf8_spanish_ci NOT NULL,
  `fechaapertura` datetime NOT NULL,
  `fechacierre` varchar(25) CHARACTER SET utf8 COLLATE utf8_spanish_ci NOT NULL,
  `statusarqueo` int(2) NOT NULL,
  PRIMARY KEY (`codarqueo`)
) ENGINE=InnoDB AUTO_INCREMENT=2 DEFAULT CHARSET=utf8 COLLATE=utf8_general_ci;
                
# | Carga de datos de la tabla 'arqueocaja'
# +-------------------------------------

COMMIT;
INSERT IGNORE INTO `arqueocaja` (`codarqueo`, `tipodocumento`, `codcaja`, `montoinicial`, `ingresos`, `ingresos2`, `egresos`, `egresonotas`, `creditos`, `abonos`, `efectivocaja`, `dineroefectivo`, `diferencia`, `comentarios`, `fechaapertura`, `fechacierre`, `statusarqueo`) VALUES 
      ('1', 'TICKET_CIERRE_8', '1', '0.00', '0.00', '0.00', '0.00', '0.00', '0.00', '0.00', '0.00', '0.00', '0.00', 'NINGUNO', '2024-10-26 08:53:19', '0000-00-00 00:00:00', '1');
COMMIT;

# | Vaciado de tabla 'bancos'
# +-------------------------------------
DROP TABLE IF EXISTS `bancos`;


# | Estructura de la tabla 'bancos'
# +-------------------------------------
CREATE TABLE `bancos` (
  `codbanco` int(11) NOT NULL AUTO_INCREMENT,
  `nombanco` varchar(100) CHARACTER SET utf8 COLLATE utf8_spanish_ci NOT NULL,
  `codsucursal` int(11) NOT NULL,
  PRIMARY KEY (`codbanco`)
) ENGINE=InnoDB DEFAULT CHARSET=utf8 COLLATE=utf8_general_ci;
                
# | Carga de datos de la tabla 'bancos'
# +-------------------------------------

# | Vaciado de tabla 'cajas'
# +-------------------------------------
DROP TABLE IF EXISTS `cajas`;


# | Estructura de la tabla 'cajas'
# +-------------------------------------
CREATE TABLE `cajas` (
  `codcaja` int(11) NOT NULL AUTO_INCREMENT,
  `nrocaja` varchar(15) CHARACTER SET utf8 COLLATE utf8_spanish_ci NOT NULL,
  `nomcaja` text CHARACTER SET utf8 COLLATE utf8_spanish_ci NOT NULL,
  `codigo` int(11) NOT NULL,
  `codsucursal` int(11) NOT NULL,
  PRIMARY KEY (`codcaja`)
) ENGINE=InnoDB AUTO_INCREMENT=3 DEFAULT CHARSET=utf8 COLLATE=utf8_general_ci;
                
# | Carga de datos de la tabla 'cajas'
# +-------------------------------------

COMMIT;
INSERT IGNORE INTO `cajas` (`codcaja`, `nrocaja`, `nomcaja`, `codigo`, `codsucursal`) VALUES 
      ('1', '001', 'CAJA PRINCIPAL', '2', '1'), 
      ('2', '002', 'CAJA MOISES', '4', '1');
COMMIT;

# | Vaciado de tabla 'clientes'
# +-------------------------------------
DROP TABLE IF EXISTS `clientes`;


# | Estructura de la tabla 'clientes'
# +-------------------------------------
CREATE TABLE `clientes` (
  `idcliente` int(11) NOT NULL AUTO_INCREMENT,
  `codcliente` varchar(30) CHARACTER SET utf8 COLLATE utf8_spanish_ci NOT NULL,
  `tipocliente` varchar(30) CHARACTER SET utf8 COLLATE utf8_spanish_ci NOT NULL,
  `documcliente` int(11) NOT NULL,
  `dnicliente` varchar(20) CHARACTER SET utf8 COLLATE utf8_spanish_ci DEFAULT NULL,
  `nomcliente` varchar(90) CHARACTER SET utf8 COLLATE utf8_spanish_ci DEFAULT NULL,
  `razoncliente` text CHARACTER SET utf8 COLLATE utf8_spanish_ci NOT NULL,
  `girocliente` text CHARACTER SET utf8 COLLATE utf8_spanish_ci NOT NULL,
  `tlfcliente` varchar(20) CHARACTER SET utf8 COLLATE utf8_spanish_ci DEFAULT NULL,
  `id_provincia` int(11) NOT NULL,
  `id_departamento` int(11) NOT NULL,
  `direccliente` text CHARACTER SET utf8 COLLATE utf8_spanish_ci DEFAULT NULL,
  `emailcliente` text CHARACTER SET utf8 COLLATE utf8_spanish_ci DEFAULT NULL,
  `limitecredito` float(12,2) NOT NULL,
  `fechaingreso` date NOT NULL,
  `codsucursal` int(11) NOT NULL,
  PRIMARY KEY (`idcliente`)
) ENGINE=InnoDB AUTO_INCREMENT=1198 DEFAULT CHARSET=utf8 COLLATE=utf8_general_ci;
                
# | Carga de datos de la tabla 'clientes'
# +-------------------------------------

COMMIT;
INSERT IGNORE INTO `clientes` (`idcliente`, `codcliente`, `tipocliente`, `documcliente`, `dnicliente`, `nomcliente`, `razoncliente`, `girocliente`, `tlfcliente`, `id_provincia`, `id_departamento`, `direccliente`, `emailcliente`, `limitecredito`, `fechaingreso`, `codsucursal`) VALUES 
      ('1', '1', 'CONTRIBUYENTE EXONERADO', '11', '23016197', '', 'ADRIANA ROSA DOMINGUEZ', '', '0412 4589655', '1', '3', 'BARRIO VIAL II', 'ADRIANARDOM72@GMAIL.COM', '100.00', '2024-03-21', '1'), 
      ('2', '2', 'CONTRIBUYENTE EXONERADO', '11', '35036737', '', 'JESICA GIMENA CARMONA', '', '0412 4859966', '1', '3', 'BARRIO LOS CAUDILLOS', 'JESICARMONA90@GMAIL.COM', '0.00', '2024-03-21', '1'), 
      ('3', '3', 'NATURAL', '11', '37739628', 'LARA PERELLO', '', '', '(3804) 565453', '1', '3', 'AV. RAMIREZ DE VELAZCO', 'LARAPERELLO01@GMAIL.COM', '0.00', '2024-03-21', '1'), 
      ('4', '4', 'NATURAL', '11', '14734484', 'NELLY ESTHER PIRAN', '', '', '(3804) 731354', '1', '3', 'BARRIO 4 DE JUNIO', '', '0.00', '2024-03-21', '1'), 
      ('5', '5', 'NATURAL', '11', '28635843', 'VANESA ALEJANDRA BARROS', '', '', '(3804) 527665', '1', '3', 'BARRIO URBANO 1 CASA 49', 'JUANMARCOSCORVERA@GMAIL.COM', '0.00', '2024-03-21', '1'), 
      ('6', '6', 'NATURAL', '11', '5950985', 'ESTHER ROMERO', '', '', '(3804) 679347', '1', '3', 'BARRIO COCHANGASTA', 'JUNOTACH@HOTMAI.COM', '0.00', '2024-03-21', '1'), 
      ('7', '7', 'NATURAL', '11', '32561687', 'JESSICA MARIANA CONTRERAS', '', '', '(3804) 107121', '1', '3', 'BARRIO ISLAS MALVINAS', '', '0.00', '2024-03-21', '1'), 
      ('8', '8', 'NATURAL', '11', '34914642', 'NATALI NOEMI LUNA', '', '', '(3804) 927851', '1', '3', 'BARRIO ANTARTIDA 1', '', '0.00', '2024-03-21', '1'), 
      ('9', '9', 'NATURAL', '11', '33749824', 'ANDREA CUFRE', '', '', '(3804) 247820', '1', '3', 'BARRIO ANTARTIDA 4', 'WASHA_99@HOTMAIL.COM', '0.00', '2024-03-21', '1'), 
      ('10', '10', 'NATURAL', '11', '29942296', 'SANCHEZ ANA CECILIA', '', '', '(3804) 311841', '1', '3', 'BARRIO INFANTERIA 2 ', 'CECILIASANCHEZ-772@HOTMAIL.COM', '0.00', '2024-03-21', '1'), 
      ('11', '11', 'NATURAL', '11', '31201268', 'PALACIO SOLEDAD ', '', '', '(3804) 611367', '1', '3', 'BARRIO CEMENTERIO ', 'PALACIOSOL@HOTMAIL.COM', '0.00', '2024-03-21', '1'), 
      ('12', '12', 'NATURAL', '11', '25527514', 'ORLANDO SORIA', '', '', '(3804) 696348', '1', '3', 'BARRIO NESTOR KIRCHNER', '', '0.00', '2024-03-21', '1'), 
      ('13', '13', 'NATURAL', '11', '23550190', 'BENETTO FERNANDO ', '', '', '(3804) 785504', '1', '3', 'BARRIO MIRADOR ', '', '0.00', '2024-03-21', '1'), 
      ('14', '14', 'NATURAL', '11', '11496956', 'ESTELA ZALAZAR', '', '', '(3804) 531066', '1', '3', 'BARRIO FACUNDO QUIROGA', '', '0.00', '2024-03-21', '1'), 
      ('15', '15', 'NATURAL', '11', '31402397', 'DAIANA BELEN NARVAEZ', '', '', '(3804) 613262', '1', '3', 'BARRIO VARGAS', 'DAI_16_55@HOTMAIL.COM', '0.00', '2024-03-21', '1'), 
      ('16', '16', 'NATURAL', '11', '26555509', 'MARIELA FALCONE', '', '', '(3804) 374643', '1', '3', 'BARRIO 12 DE JUNIO', 'FALCONEMARIELA@GMAIL.COM', '0.00', '2024-03-21', '1'), 
      ('17', '17', 'NATURAL', '11', '27450656', 'VIVIANA CRISTELA', '', '', '(3804) 508699', '1', '3', 'BARRIO 20 DE MAYO', 'VIVIANACOSTA548@GMAIL.COM', '0.00', '2024-03-21', '1'), 
      ('18', '18', 'NATURAL', '11', '27052880', 'CECILIA MARIA KARAM', '', '', '(3804) 670167', '1', '3', 'BARRIO LOS NARANJOS', 'CEKARAM@HOTMAIL.COM', '0.00', '2024-03-21', '1'), 
      ('19', '19', 'NATURAL', '11', '29361769', 'VERONICA ISABEL OLIVERA', '', '', '(3804) 567491', '1', '3', 'BARRIO POLICIAL NUEVO', 'VERONICAISABELOLIVERA@GMAIL.COM', '0.00', '2024-03-21', '1'), 
      ('20', '20', 'NATURAL', '11', '21356379', 'SILVIA ADRIANA CARRIZO', '', '', '(3804) 648099', '1', '3', 'BARRIO 20 DE MAYO', '', '0.00', '2024-03-21', '1'), 
      ('21', '21', 'NATURAL', '11', '32161707', 'IRMA CECILIA GUEVARA', '', '', '(3804) 135691', '1', '3', '25 DE MAYO SUR', 'TANOSANZIN2017@GMAIL.COM', '0.00', '2024-03-21', '1'), 
      ('22', '22', 'NATURAL', '11', '21866859', 'CASAS PATRICIA ALEJANDRA', '', '', '(3804) 148023', '1', '3', 'NUEVA ESPERANZA', '', '0.00', '2024-03-21', '1'), 
      ('23', '23', 'NATURAL', '11', '30493836', 'ZARATE MARISO', '', '', '(3804) 932026', '1', '3', 'LA QUEBRADA KM 2 ', 'NOELIAVICTORIA@GMAIL.COM', '0.00', '2024-03-21', '1'), 
      ('24', '24', 'NATURAL', '11', '36836783', 'MATURANO CLAUDIA', '', '', '(3804) 845973', '1', '3', 'FERROVIARIO', 'CLAU_NMATURABO@HOTMAIL.COM', '0.00', '2024-03-21', '1'), 
      ('25', '25', 'NATURAL', '11', '25541437', 'VEGA CRISTINA ANDREA', '', '', '(3804) 520652', '1', '3', 'AV. VICENTE BUSTOS CASA 13', '', '0.00', '2024-03-21', '1'), 
      ('26', '26', 'NATURAL', '11', '24939710', 'MATEO GUILLERMINA', '', '', '(3804) 720495', '1', '3', 'SAN FRANCISCO DE ASIS SUR', 'GUILERMINAMATEO_@HOTMAIL.COM', '0.00', '2024-03-21', '1'), 
      ('27', '27', 'NATURAL', '11', '13918530', 'AGUERO MIRTA DEL VALLE', '', '', '(3804) 431871', '1', '3', 'FERROVIARIO MILAN 653', '', '0.00', '2024-03-21', '1'), 
      ('28', '28', 'NATURAL', '11', '27946857', 'BRITOS IVANA CLARA', '', '', '(3804) 307503', '1', '3', 'AGAVES SEC 6 CASA 10', '', '0.00', '2024-03-21', '1'), 
      ('29', '29', 'NATURAL', '11', '26558448', 'SOLUAGA ANDREA', '', '', '(3804) 228225', '1', '3', 'AVRIVADVIA 1500', 'GESTIONESRIOJANAS@GMAIL.COM', '0.00', '2024-03-21', '1'), 
      ('30', '30', 'NATURAL', '11', '25343944', 'PICA JUAN MANUEL', '', '', '(3804) 660830', '1', '3', 'SANTA FE 769', 'JUANMPICA@HOTMAIL.COM', '0.00', '2024-03-21', '1'), 
      ('31', '31', 'NATURAL', '11', '34328725', 'JENNIFER ANAHI BRITOS', '', '', '(3804) 376857', '1', '3', 'DARDO ROCHA 573 BARRIO CEMENTERIO', 'JENNIFERBRITTOS@GMAIL.COM', '0.00', '2024-03-21', '1'), 
      ('32', '32', 'NATURAL', '11', '34915022', 'CUELLO SALOME', '', '', '(3804) 358739', '1', '3', 'BARRIO COCHANGASTA', 'SALO-CN-20@HOTMAIL.COM', '0.00', '2024-03-21', '1'), 
      ('33', '33', 'NATURAL', '11', '29652516', 'MARTORELLI JUANA SALOME', '', '', '(3804) 675329', '1', '3', '26 DE MAYO', 'MARTORELLIJUANASALOME@GMAIL.COM', '0.00', '2024-03-21', '1'), 
      ('34', '34', 'NATURAL', '11', '33694585', 'CASAS GISELA', '', '', '(3804) 245018', '1', '3', 'VIRGEN DE ANDACOLLO', 'GISECASAS12@GMAIL.COM', '0.00', '2024-03-21', '1'), 
      ('35', '35', 'NATURAL', '11', '32418850', 'LABAQUE NIETO CECILIA', '', '', '(3804) 581285', '1', '3', 'URBANO 38', 'CECYLBE16@GMAIL.COM', '0.00', '2024-03-21', '1'), 
      ('36', '36', 'NATURAL', '11', '30415525', 'ADI MARIA VALERIA', '', '', '(3804) 569963', '1', '3', 'EVITA', 'MVADI513@GMAIL.COM', '0.00', '2024-03-21', '1'), 
      ('37', '37', 'NATURAL', '11', '33096337', 'ARIAS MARIA', '', '', '(3804) 862658', '1', '3', 'YACAMPIS', 'SUSMARIAARIAS@GMAIL.COM', '0.00', '2024-03-21', '1'), 
      ('38', '38', 'NATURAL', '11', '31903387', 'POBLETE CARLOS SAUL', '', '', '(3804) 212772', '1', '3', 'SANTA CATALINA', 'POBLETECARLOS183@GMAIL.COM', '50.00', '2024-03-21', '1'), 
      ('39', '39', 'NATURAL', '11', '26979160', 'GABRIELA PATTI ', '', '', '(3804) 540932', '1', '3', 'RIVADAVIA 799', 'MEMORY-WORLD@HOTMAIL.COM', '0.00', '2024-03-21', '1'), 
      ('40', '40', 'NATURAL', '11', '14795278', 'MARINA RIVAS ', '', '', '(3804) 667722', '1', '3', 'SAN MARTIN SN', 'RIVASMARINA393@HOTMAIL.COM', '0.00', '2024-03-21', '1'), 
      ('41', '41', 'NATURAL', '11', '31869616', 'NADIA BELEN AZCURRA ', '', '', '(3804) 300054', '1', '3', 'BARRIO LA CA?ADA ', '', '0.00', '2024-03-21', '1'), 
      ('42', '42', 'NATURAL', '11', '24668224', 'MARIELA PAEZ ', '', '', '(0264) 6809040', '1', '3', 'CIUDAD ', '', '0.00', '2024-03-21', '1'), 
      ('43', '43', 'NATURAL', '11', '36255964', 'BAZAN BELEN', '', '', '(3804) 305706', '1', '3', 'LA HERMITA', '', '0.00', '2024-03-21', '1'), 
      ('44', '44', 'NATURAL', '11', '30569666', 'IVANA BEATRIZ GARCIA VONESA', '', '', '(3804) 363672', '1', '3', 'JOSE IGNACIO RUCCI ', 'VONESAGARCIALRJ@GMAIL.COM', '0.00', '2024-03-21', '1'), 
      ('45', '45', 'NATURAL', '11', '32624391', 'ELBIA MARISOL TOBARES ', '', '', '(3804) 948454', '1', '3', 'SANTA ROSA ', 'ELBIAYARIEL@GMAIL.COM', '0.00', '2024-03-21', '1'), 
      ('46', '46', 'NATURAL', '11', '31374320', 'RITA VALERIA FERREYRA ', '', '', '(3804) 248697', '1', '3', '4 DE JUNIO', '', '0.00', '2024-03-21', '1'), 
      ('47', '47', 'NATURAL', '11', '32136474', 'GABRIELA ZALAZAR', '', '', '(0115) 9265513', '1', '3', 'SAN VICENTE ', '', '0.00', '2024-03-21', '1'), 
      ('48', '48', 'NATURAL', '11', '30668229', 'MARTA MELINDA CABRERA PAEZ ', '', '', '(3804) 699843', '1', '3', 'TIRO FEDERAL ', '', '0.00', '2024-03-21', '1'), 
      ('49', '49', 'NATURAL', '11', '17891243', 'MORENO CARLOS ENRIQUE', '', '', '', '1', '3', 'SAN CAYETANO', '', '0.00', '2024-03-21', '1'), 
      ('50', '50', 'NATURAL', '11', '36255860', 'YANINA GUERRA ', '', '', '(3804) 633211', '1', '3', 'B HERMITILLA CALLE VINCHINA N 22', '', '0.00', '2024-03-21', '1'), 
      ('51', '51', 'NATURAL', '11', '34328691', 'BELEN TANQUIA ', '', '', '(3804) 797394', '1', '3', 'RENE FAVALORO ', 'BELU_CYNDY@HOTMAIL.COM', '0.00', '2024-03-21', '1'), 
      ('52', '52', 'NATURAL', '11', '24939364', 'CLAUDIO MARCELO SIRRALTA ', '', '', '(3804) 280065', '1', '3', 'EL PROGRESO', 'CLAUSIERRALRA75@GMAIL.COM', '0.00', '2024-03-21', '1'), 
      ('53', '53', 'NATURAL', '11', '39175364', 'BAZAN AYLEN MACARENA', '', '', '(3804) 203845', '1', '3', 'B?VIRGEN DE GUADALUPE', 'MACARENA_BAZAN@HOTMAIL.COM', '0.00', '2024-03-21', '1'), 
      ('54', '54', 'NATURAL', '11', '37739615', 'TOLEDO CAMILA GUADALUPE', '', '', '(3804) 508531', '1', '3', 'JULIO C. CORZO', '', '0.00', '2024-03-21', '1'), 
      ('55', '55', 'NATURAL', '11', '33095914', 'DANIELA AMALIA GOMEZ', '', '', '(3804) 850611', '1', '3', 'LA QUEBRADA ', '', '0.00', '2024-03-21', '1'), 
      ('56', '56', 'NATURAL', '11', '30822093', 'MALDONADO CECILIA', '', '', '(3804) 326849', '1', '3', 'ANTARTIDA 1', 'CHECHU_MAL84@HOTMAIL.COM', '0.00', '2024-03-21', '1'), 
      ('57', '57', 'NATURAL', '11', '26054032', 'MARIA GABRIELA LEIVA ', '', '', '(3804) 340131', '1', '3', 'BARRIO SAN VICENTE ', 'NACHIRITA3127@GMAIL.COM', '0.00', '2024-03-21', '1'), 
      ('58', '58', 'NATURAL', '11', '31201338', 'VERONICA FABIANA CORZO ', '', '', '(3804) 389532', '1', '3', 'NUEVA RIOJA ', '', '0.00', '2024-03-21', '1'), 
      ('59', '59', 'NATURAL', '11', '29608635', 'GONZALEZ GABRIELA SILVANA', '', '', '(3804) 629166', '1', '3', 'LOS OBREROS 2', 'GABRIELAEDU_2009@YAHOO.COM.AR', '0.00', '2024-03-21', '1'), 
      ('60', '60', 'NATURAL', '11', '33967051', 'DANIELA TOLEDO ', '', '', '(3804) 239806', '1', '3', 'BARRIO 20 DE MAYO - CALLE COLON Y FCO CHAPARRO S/N', 'DANYTOL.10@GMAIL.COM', '0.00', '2024-03-21', '1'), 
      ('61', '61', 'NATURAL', '11', '25737377', 'RIVERO DANIEL HUGO', '', '', '(3804) 273940', '1', '3', 'URBANO 4', 'DANIELHUGOARISTOTELES@HOTMAIL.COM', '0.00', '2024-03-21', '1'), 
      ('62', '62', 'NATURAL', '11', '29449083', 'GRACIELA BEATRIZ SOTOMAYOR ', '', '', '(3804) 567367', '1', '3', 'BARRIO JUAN F QUIROGA ', 'GRACIELABSOTOMAYOR@GMAIL.COM', '0.00', '2024-03-21', '1'), 
      ('63', '63', 'NATURAL', '11', '14739932', 'GALLINO NICOLAS SILVIO', '', '', '(3804) 633020', '1', '3', 'SAN VICENTE', '', '0.00', '2024-03-21', '1'), 
      ('64', '64', 'NATURAL', '11', '31734023', 'GUADALUPE CABRERA ', '', '', '(3804) 672290', '1', '3', 'BARRIO EVITA ', 'ALMASOLITARIA_6@GMAIL.COM', '0.00', '2024-03-21', '1'), 
      ('65', '65', 'NATURAL', '11', '30415682', 'BELEN DEL CARMEN RIOS NIETO', '', '', '(3804) 623917', '1', '3', 'UNIVERSITARIO', 'BRIOS258@YAHOO.COM.AR', '0.00', '2024-03-21', '1'), 
      ('66', '66', 'NATURAL', '11', '28597685', 'GRACIELA ARIAS ', '', '', '(3804) 380904', '1', '3', 'URBANO 27', 'GREYARIAS003@GMAIL.COM', '0.00', '2024-03-21', '1'), 
      ('67', '67', 'NATURAL', '11', '25203354', 'CLARA PEREZ', '', '', '(3804) 546498', '1', '3', 'PARQUE INDUSTRIAL', '', '0.00', '2024-03-21', '1'), 
      ('68', '68', 'NATURAL', '11', '10781739', 'MARIA EDIT VERA ', '', '', '(3804) 4463270', '1', '3', 'BARRIO SHINCAL ', '', '0.00', '2024-03-21', '1'), 
      ('69', '69', 'NATURAL', '11', '29942037', 'SEBASTIAN CORZO ', '', '', '(3804) 204247', '1', '3', 'BARRIO 4 DE JUNIO ', 'ALBERTOSEBASTIANCC@GMAIL.COM', '0.00', '2024-03-21', '1'), 
      ('70', '70', 'NATURAL', '11', '34065454', 'ELISABETH DE LOS ANGELES MADRIGAL', '', '', '(3884) 455172', '1', '3', 'CENTRO', 'CLYMADRIGAL@GMAIL.COM', '0.00', '2024-03-21', '1'), 
      ('71', '71', 'NATURAL', '11', '24267391', 'MARCELA CARLETTI ', '', '', '(3804) 201128', '1', '3', '25 DE MAYO NORTE ', 'CARLETTI.MARCELA@GMAIL.COM', '0.00', '2024-03-21', '1'), 
      ('72', '72', 'NATURAL', '11', '34061855', 'GISELA ROMINA GAITE', '', '', '(3804) 559487', '1', '3', '25 DE MAYO NORTE ', 'GISELAGAITE@GMAIL.COM', '0.00', '2024-03-21', '1'), 
      ('73', '73', 'NATURAL', '11', '28063790', 'MIGUEL FERNANDO DIAZ', '', '', '(3886) 536321', '1', '3', 'MILITAR ANEXO CURTEL CASA17', 'MIGUELFERNANDODIAZ33@HOTMAIL.COM', '0.00', '2024-03-21', '1'), 
      ('74', '74', 'NATURAL', '11', '29686893', 'AGUIRRE NOEL', '', '', '(3804) 507413', '1', '3', 'SAUL UBALDINI', '', '0.00', '2024-03-21', '1'), 
      ('75', '75', 'NATURAL', '11', '27052009', 'MARIA NOEL GONZALEZ', '', '', '(3804) 520522', '1', '3', 'LAS AGAVES', 'MARIANOEL195@GMAIL.COM', '0.00', '2024-03-21', '1'), 
      ('76', '76', 'NATURAL', '11', '28896350', 'NICOLAS VALENTIN CONTRERAS ', '', '', '(3804) 356421', '1', '3', 'BARRIO ATAHUALPA ', '', '0.00', '2024-03-21', '1'), 
      ('77', '77', 'NATURAL', '11', '28428275', 'SEIMANDI EMILSE', '', '', '(3804) 590326', '1', '3', 'FALDEO DEL VELAZCO SUR', 'EMI_LSE26@HOTMAIL.COM', '0.00', '2024-03-21', '1'), 
      ('78', '78', 'NATURAL', '11', '28896337', 'MARIA VIVIANA AGUAYSOL ', '', '', '(3804) 208125', '1', '3', 'ANTARTIDA 3 N? 12', 'MARIAVIVIANAAGUAYSOL@GMAIL.COM', '0.00', '2024-03-21', '1'), 
      ('79', '79', 'NATURAL', '11', '38002889', 'AYELEN GUADALUPE HERRERA ', '', '', '(3804) 516174', '1', '3', 'BARRIO YACAMPIS', 'AYELENH640@GMAIL.COM', '0.00', '2024-03-21', '1'), 
      ('80', '80', 'NATURAL', '11', '23016032', 'SOLEDAD LUNA ', '', '', '(3804) 449004', '1', '3', 'BARRIO HOSPITAL ', '', '0.00', '2024-03-21', '1'), 
      ('81', '81', 'NATURAL', '11', '10571549', 'NORA EMPERATRIZ QUINTEROS ', '', '', '(3804) 320382', '1', '3', 'BARRIO VARGAS ', 'NORAEMPERATRIZQUINTEROS@GMAIL.COM', '0.00', '2024-03-21', '1'), 
      ('82', '82', 'NATURAL', '11', '27450611', 'ERIKA VANESA MORENO ', '', '', '(3804) 647684', '1', '3', 'CARLOS ONETTO ', 'VANEMORENO2009.VM@GMAIL.COM', '0.00', '2024-03-21', '1'), 
      ('83', '83', 'NATURAL', '11', '17037247', 'BIBIANA MONICA ROLDAN', '', '', '(3804) 488055', '1', '3', 'MARIA AUGUSTA', 'CURINAPICHOLO@HOTMAIL.COM', '0.00', '2024-03-21', '1'), 
      ('84', '84', 'NATURAL', '11', '22714171', 'MIRTA JUDITH CEBALLOS ', '', '', '(3804) 791656', '1', '3', 'AGUADITA DE VARGAS RIO BLANCO S/N ', '', '0.00', '2024-03-21', '1'), 
      ('85', '85', 'NATURAL', '11', '25425604', 'ELINA MERCEDES FERNANDEZ', '', '', '(3804) 692076', '1', '3', 'BARRIO VIRGEN DEL VALLE ', '', '0.00', '2024-03-21', '1'), 
      ('86', '86', 'NATURAL', '11', '25786254', 'JUAN MANUEL GARCIA ', '', '', '(3804) 299229', '1', '3', 'BARRIO ALUNAI ', '', '0.00', '2024-03-21', '1'), 
      ('87', '87', 'NATURAL', '11', '28885590', 'CARRIZO WALTER', '', '', '(3834) 646683', '1', '3', 'B SAN JORGE', 'CARRIZOWALTER.E32@GMAIL.COM', '0.00', '2024-03-21', '1'), 
      ('88', '88', 'NATURAL', '11', '28348535', 'KARINA HERRERA ', '', '', '(3804) 418187', '1', '3', 'VILLA SANAGASTA ', 'KARYHERRERA@GMAIL.COM', '0.00', '2024-03-21', '1'), 
      ('89', '89', 'NATURAL', '11', '27351899', 'ANDREA ROXANA PAZ', '', '', '(3834) 5440089', '1', '3', 'SIN DOMICILIO', '', '0.00', '2024-03-21', '1'), 
      ('90', '90', 'NATURAL', '11', '31374233', 'DANIELA MACIA ', '', '', '(3804) 947983', '1', '3', 'BARRIO ARGENTINO ', '', '0.00', '2024-03-21', '1'), 
      ('91', '91', 'NATURAL', '11', '35500309', 'PEREZ GIMENA', '', '', '(3834) 639356', '1', '3', 'CALERA DEL SAUCE C/N18', 'GIMENAPEREZ16@GMAIL.COM', '0.00', '2024-03-21', '1'), 
      ('92', '92', 'NATURAL', '11', '34716970', 'CUELLO MARIA CECILIA', '', '', '(3834) 270560', '1', '3', 'B GENERAL PAZ', 'CUELLOMCECILIA@YAHOO.COM', '0.00', '2024-03-21', '1'), 
      ('93', '93', 'NATURAL', '11', '35500537', ' ROMERO JOHANNA', '', '', '(3834) 260843', '1', '3', 'B SAN RAMON', 'ALEJO1014.JR@GMAIL.COM', '0.00', '2024-03-21', '1'), 
      ('94', '94', 'NATURAL', '11', '29138203', 'MARIA EUGENIA AVILA ', '', '', '(3804) 221381', '1', '3', 'BARRIO VIRGEN DE GUADALUPE ', '', '0.00', '2024-03-21', '1'), 
      ('95', '95', 'NATURAL', '11', '20924450', 'BARROS PATRICIA', '', '', '(3834) 371280', '1', '3', 'B 17VIV C/N?2', '', '0.00', '2024-03-21', '1'), 
      ('96', '96', 'NATURAL', '11', '20071167', 'FILIPPIN STELLA MARIS', '', '', '(3834) 980531', '1', '3', 'ANTINACO', '', '0.00', '2024-03-21', '1'), 
      ('97', '97', 'NATURAL', '11', '34029161', 'DE LA FUENTE', '', '', '(3834) 782529', '1', '3', 'SIN DOMICILIO', '', '0.00', '2024-03-21', '1'), 
      ('98', '98', 'NATURAL', '11', '39913900', 'OVIEDO SASHA', '', '', '(3834) 328417', '1', '3', 'VILLA PARQUE CHACABUCO', 'DENISESASHAOVIEDOROMERO@GMAIL.COM', '0.00', '2024-03-21', '1'), 
      ('99', '99', 'NATURAL', '11', '16319398', 'FIGUEROA DELIA', '', '', '(3834) 794741', '1', '3', 'COLONIA DEL VALLE', '', '0.00', '2024-03-21', '1'), 
      ('100', '100', 'NATURAL', '11', '25302213', 'NORIEGA MARIA', '', '', '(3834) 255225', '1', '3', 'SIN DOMICILIO', '', '100.00', '2024-03-21', '1'), 
      ('101', '101', 'NATURAL', '11', '16503817', 'AIBAR ROSA', '', '', '(3834) 367320', '1', '3', 'PARQUE NORTE', 'ROSY_AIBAR@HOTMAIL.COM', '0.00', '2024-03-21', '1'), 
      ('102', '102', 'NATURAL', '11', '28780972', 'RIVERA MARIA CECILIA', '', '', '(3834) 359938', '1', '3', 'VALLE CHICO C/N104', '', '0.00', '2024-03-21', '1'), 
      ('103', '103', 'NATURAL', '11', '34029668', 'GUZMAN JOHANA', '', '', '(3834) 342052', '1', '3', 'B SAN JOS? BANDA DE VARELA', 'JOHANAGUZMAN061106@GMAIL.COM', '0.00', '2024-03-21', '1'), 
      ('104', '104', 'NATURAL', '11', '19002569', 'ALFARO KATHERIN', '', '', '(3834) 569245', '1', '3', 'CENTRO', 'KATTYAAK87@GMAIL.COM', '0.00', '2024-03-21', '1'), 
      ('105', '105', 'NATURAL', '11', '35286076', 'CALVIMONTE FEDERICO SANTIAGO', '', '', '(3834) 984383', '1', '3', 'SIN DOMICILIO', '', '0.00', '2024-03-21', '1'), 
      ('106', '106', 'NATURAL', '11', '34522984', 'CALDERON MARIA BELEN', '', '', '(3834) 546612', '1', '3', 'SALTA 1005', 'MELLY28028@HOTMAIL.COM', '0.00', '2024-03-21', '1'), 
      ('107', '107', 'NATURAL', '11', '31398340', 'BERTAZZO MARIA', '', '', '(3834) 011407', '1', '3', 'CENTRO', 'MAVIBERTAZZO85@GMAIL.COM', '0.00', '2024-03-21', '1'), 
      ('108', '108', 'NATURAL', '11', '39016247', 'BUSTOS RAMONA', '', '', '(3834) 061135', '1', '3', 'BARRIO JARDIN', 'DEBORABUSTOS22@GMAIL.COM', '0.00', '2024-03-21', '1'), 
      ('109', '109', 'NATURAL', '11', '21682798', 'SOSA ADRIANA', '', '', '() 3834448', '1', '3', 'B80 VIV', '', '0.00', '2024-03-21', '1'), 
      ('110', '110', 'NATURAL', '11', '26025458', 'ROBLEDO JULIETA', '', '', '(3834) 411034', '1', '3', '40VIV SUR CASA7', '', '0.00', '2024-03-21', '1'), 
      ('111', '111', 'NATURAL', '11', '21866827', 'SONIA DEL VALLE MILLICAY', '', '', '(3804) 509859', '1', '3', 'B?BENJAMIN RINCON CALLE VENECIA34', '', '0.00', '2024-03-21', '1'), 
      ('112', '112', 'NATURAL', '11', '20308882', 'RODRIGUEZ MARCELA', '', '', '(3834) 301309', '1', '3', '920VIV', '', '0.00', '2024-03-21', '1'), 
      ('113', '113', 'NATURAL', '11', '32903891', 'MARIANELA MOYA', '', '', '(3804) 4444357', '1', '3', 'BARRIO SAN MARTIN', 'MARIANELAMOYA244@GMAIL.COM', '0.00', '2024-03-21', '1'), 
      ('114', '114', 'NATURAL', '11', '30089137', 'MARIA JOSE VERGARA', '', '', '(3804) 255902', '1', '3', 'BARRIO HOSPITAL', '', '0.00', '2024-03-21', '1'), 
      ('115', '115', 'NATURAL', '11', '24065548', 'VERA NATALIA', '', '', '(3834) 665166', '1', '3', '160VIV NORTE CASA N159', 'NATALIA.N.ATY@HOTMAIL.COM', '0.00', '2024-03-21', '1'), 
      ('116', '116', 'NATURAL', '11', '25225106', 'MARIA LAURA GARCIA', '', '', '(3804) 626441', '1', '3', 'URBANO 24', 'LAURAGARCIALRA@HOTMAIL.COM', '0.00', '2024-03-21', '1'), 
      ('117', '117', 'NATURAL', '11', '33360330', 'CAPILLA BARBARA', '', '', '(3834) 194498', '1', '3', 'VALLE CHICO', 'NOEKPILLA@GMAIL.COM', '0.00', '2024-03-21', '1'), 
      ('118', '118', 'NATURAL', '11', '29527136', 'RODRIGUEZ NATALIA', '', '', '(3834) 357587', '1', '3', 'MIRA FLORES', '', '0.00', '2024-03-21', '1'), 
      ('119', '119', 'NATURAL', '11', '31648617', 'HERRERA VANESSA', '', '', '(3834) 557483', '1', '3', 'PASAJE TINOGASTA 2225', 'VANESSAHERRERA082@GMAIL.COM', '0.00', '2024-03-21', '1'), 
      ('120', '120', 'NATURAL', '11', '27057457', 'RUTH RODRIGUEZ', '', '', '(3834) 782809', '1', '3', 'BARRBARRIO 107VIV SUR', '', '0.00', '2024-03-21', '1'), 
      ('121', '121', 'NATURAL', '11', '26555539', 'PAEZ ROXANA ANDREA', '', '', '(3804) 867172', '1', '3', 'FRANCISCO 1?', '', '0.00', '2024-03-21', '1'), 
      ('122', '122', 'NATURAL', '11', '32461125', 'LUJAN CECILIA MARYBEL', '', '', '(3804) 417665', '1', '3', 'NESTOR K', 'LUJANCECILIAMARYBEL2003@GMAIL.COM', '0.00', '2024-03-21', '1'), 
      ('123', '123', 'NATURAL', '11', '29651138', 'ARGA?ARAZ CARINA', '', '', '(3834) 593648', '1', '3', 'ESQUIU N928', 'CARIARGANIARAZ82@GMAIL.COM', '0.00', '2024-03-21', '1'), 
      ('124', '124', 'NATURAL', '11', '27155840', 'PERALTA SILVANA', '', '', '(3804) 651761', '1', '3', 'UPCN', 'SILVANAPERALTA7@GMAIL.COM', '0.00', '2024-03-21', '1'), 
      ('125', '125', 'NATURAL', '11', '17763082', 'ACOSTA FABIANA INES', '', '', '(3834) 314565', '1', '3', 'B AUTONOMIA', 'FABIOINES@HOTMAIL.COM.AR', '0.00', '2024-03-21', '1'), 
      ('126', '126', 'NATURAL', '11', '22219867', 'SECO AGUIRRE ROSANA', '', '', '(3834) 592908', '1', '3', 'B AVELLAVELLANEDA Y TULA CASA 134', 'SECOAGUIRREROSANA@GMAIL.COM', '0.00', '2024-03-21', '1'), 
      ('127', '127', 'NATURAL', '11', '28087591', 'CASTRO KARINA', '', '', '(3804) 932270', '1', '3', 'CENTRO', 'KARINANATALIACC@GMAIL.COM', '0.00', '2024-03-21', '1'), 
      ('128', '128', 'NATURAL', '11', '23200805', 'CARRIZO MARTA', '', '', '(3834) 353806', '1', '3', 'BARRIO SAN JORGE CASA N12', '', '0.00', '2024-03-21', '1'), 
      ('129', '129', 'NATURAL', '11', '22127596', 'BEATRIZ DEL VALLVALLE GRAMAJO', '', '', '(3834) 913277', '1', '3', 'BARRIO PAPA FRANCISCO', '', '0.00', '2024-03-21', '1'), 
      ('130', '130', 'NATURAL', '11', '24954723', 'GOMEZ IRIS', '', '', '', '1', '3', 'BARRIO ARTURO ILIA', '', '0.00', '2024-03-21', '1'), 
      ('131', '131', 'NATURAL', '11', '30375792', 'APARICIO LUNA NELSON DANIEL', '', '', '(3838) 601136', '1', '3', 'ANTINACO CASA 12', 'NELSONAPARICIOLUNA@GMAIL.COM', '0.00', '2024-03-21', '1'), 
      ('132', '132', 'NATURAL', '11', '20345807', 'CLAUDIA BONAVENTURA ', '', '', '(3804) 532460', '1', '3', 'URBANO 1 CASA 94', '', '0.00', '2024-03-21', '1'), 
      ('133', '133', 'NATURAL', '11', '28719949', 'DE SIMONE MARIA LAURA', '', '', '(3834) 712606', '1', '3', '100,VIV SUR CASA22', 'AMILCAR_MAYORISTA@HOTMAIL.COM', '0.00', '2024-03-21', '1'), 
      ('134', '134', 'NATURAL', '11', '44835210', 'CANDIDO TATIANA', '', '', '(3834) 365136', '1', '3', 'BARRIO RIO DEDEL TALA CASA N169', 'TATILAGROSA@GMAIL.COM', '0.00', '2024-03-21', '1'), 
      ('135', '135', 'NATURAL', '11', '27351177', 'ANDREA VERONICA MOYA', '', '', '(3834) 041202', '1', '3', 'OBISPO ESQUIU 285', 'ANDREAMOYA0099@GMAIL.COM', '0.00', '2024-03-21', '1'), 
      ('136', '136', 'NATURAL', '11', '27907648', 'AMAYA SILVIA', '', '', '(3834) 093351', '1', '3', 'BA?ADO DE OVANTA', '', '0.00', '2024-03-21', '1'), 
      ('137', '137', 'NATURAL', '11', '23828196', 'SILVIA ELENA GARCIA', '', '', '(0381) 4725513', '1', '3', 'BARRIO SAN JOSE', 'SILVIAGARCIA658@YAHOO.COM.AR', '0.00', '2024-03-21', '1'), 
      ('138', '138', 'NATURAL', '11', '31037803', 'MONTALBAN JOHANA', '', '', '(3834) 559707', '1', '3', 'BARRIO 90VIV SUR CASA35', '', '0.00', '2024-03-21', '1'), 
      ('139', '139', 'NATURAL', '11', '32927498', 'FLAVIA NOELIA COMLETTI', '', '', '(0381) 6677740', '1', '3', 'EJERCITO ARGENTINO', 'DAC20760@GMAIL.COM', '0.00', '2024-03-21', '1'), 
      ('140', '140', 'NATURAL', '11', '33763747', 'YOHANA NOELIA ALE', '', '', '(0381) 5323983', '1', '3', 'SEOC', 'YOHANA.ALE@GMAIL.COM', '0.00', '2024-03-21', '1'), 
      ('141', '141', 'NATURAL', '11', '25482686', 'SOLUAGA CLARA', '', '', '(3804) 209989', '1', '3', 'AIMOGASTA', 'CLARASOLUAGA110876@GMAIL.COM', '0.00', '2024-03-21', '1'), 
      ('142', '142', 'NATURAL', '11', '18153781', 'JULIA FRIAS', '', '', '(0381) 5685967', '1', '3', 'SAN FRANCISCO', '', '0.00', '2024-03-21', '1'), 
      ('143', '143', 'NATURAL', '11', '33755784', 'CYNTHIA GABRIELA ROBLES', '', '', '(0381) 6814516', '1', '3', 'PARQUE ', 'CYNTHIAGARO@HOTMAIL.COM', '0.00', '2024-03-21', '1'), 
      ('144', '144', 'NATURAL', '11', '29651258', 'QUINTEROS JESICA', '', '', '(3834) 807356', '1', '3', 'BARRIO LA ESPERANZA MANZANA ? CASA 215 CALLE LOS JACARANDA', 'JESSIK_SSQ@HOTMAIL.COM', '0.00', '2024-03-21', '1'), 
      ('145', '145', 'NATURAL', '11', '27351783', 'PACHECO NANCY', '', '', '(3834) 265292', '1', '3', 'BARRIO ALTOS DE CHOYA MANZANA R LOTE 9', 'FLORB699@OUTLOOK.COM', '0.00', '2024-03-21', '1'), 
      ('146', '146', 'NATURAL', '11', '31176735', 'CALSAPI ADRIANA VERONICA', '', '', '(3834) 269127', '1', '3', 'SAN NICOLAS C/N1973', '', '0.00', '2024-03-21', '1'), 
      ('147', '147', 'NATURAL', '11', '27361378', 'MABEL LUNA', '', '', '(3804) 276205', '1', '3', 'LA FLORIDA', '', '0.00', '2024-03-21', '1'), 
      ('148', '148', 'NATURAL', '11', '24134313', 'SILVIO ARNALDO CASTILLO', '', '', '(3804) 218280', '1', '3', '8 DE DICIEMBRE', '', '0.00', '2024-03-21', '1'), 
      ('149', '149', 'NATURAL', '11', '22135179', 'ANDREA CONTRERA', '', '', '(3804) 696734', '1', '3', '9 DE JULIO', '', '0.00', '2024-03-21', '1'), 
      ('150', '150', 'NATURAL', '11', '31126234', 'VILLAFA?EZ RAQUEL', '', '', '(3834) 616266', '1', '3', 'SIN DOMICILIO', '', '0.00', '2024-03-21', '1'), 
      ('151', '151', 'NATURAL', '11', '22998004', 'CELIA ADRIANA CARRIZO', '', '', '(3804) 394898', '1', '3', 'PARQUE INDUSTRIAL', '', '0.00', '2024-03-21', '1'), 
      ('152', '152', 'NATURAL', '11', '39299287', 'ADRIANA VERONICA SANTANDER', '', '', '(3804) 380275', '1', '3', 'CARLOS SAUL MENEM', '', '0.00', '2024-03-21', '1'), 
      ('153', '153', 'NATURAL', '11', '21803657', 'TERESA CARRILLO', '', '', '(3804) 815512', '1', '3', 'SANTA RITA', '', '0.00', '2024-03-21', '1'), 
      ('154', '154', 'NATURAL', '11', '22714683', 'OLIVA NICOLAS ALBERTO', '', '', '(3804) 711086', '1', '3', 'JARDIN RESIDENCIAL', '', '0.00', '2024-03-21', '1'), 
      ('155', '155', 'NATURAL', '11', '35248690', 'LOSSO LEONARDO', '', '', '(3834) 217381', '1', '3', 'BARRIO VALLE CHIVO', 'LOSSOLUIS@GMAIL.COM', '0.00', '2024-03-21', '1'), 
      ('156', '156', 'NATURAL', '11', '27368970', 'NIEVA CRUSTINA MARIA DEL VALLE', '', '', '(3834) 910921', '1', '3', 'ALTOS DE CHOYA 257', 'MARIACRISTINALALOBA@HOTMAIL.COM', '0.00', '2024-03-21', '1'), 
      ('157', '157', 'NATURAL', '11', '34633941', 'MARIA BELEN ANDRADA', '', '', '(3804) 251818', '1', '3', 'CALLE VIAMONTE N ? 91', '', '0.00', '2024-03-21', '1'), 
      ('158', '158', 'NATURAL', '11', '37319221', 'CROCCO AMIRA', '', '', '(3804) 696708', '1', '3', 'VARGAS', 'AMIRACROCCO@HOTMAIL.COM', '0.00', '2024-03-21', '1'), 
      ('159', '159', 'NATURAL', '11', '30032923', 'PEREA YANINA VERONICA', '', '', '(3834) 648141', '1', '3', 'B EVA PERON', 'YANINAPEREA01@GMAIL.COM', '0.00', '2024-03-21', '1'), 
      ('160', '160', 'NATURAL', '11', '28647408', 'NIEVA IRIS', '', '', '(3834) 648736', '1', '3', 'BARRIO 100VIB SUR CASA51', 'IRISNIEVA301@GMAIL.COM', '0.00', '2024-03-21', '1'), 
      ('161', '161', 'NATURAL', '11', '28309856', 'COBACHO MARIA LAURA', '', '', '(3834) 223188', '1', '3', 'AV LOS INMIGRANTES 278', 'MARUALAURACOBACHO678@GMAIL.COM', '0.00', '2024-03-21', '1'), 
      ('162', '162', 'NATURAL', '11', '25117132', 'ORTEGA PATRICIA ALEJANDRA', '', '', '(3834) 219014', '1', '3', 'LOTEO VILLA OLIMPIA SUMALAO', 'ALLEPATOORTEGA@GMAIL.COM', '0.00', '2024-03-21', '1'), 
      ('163', '163', 'NATURAL', '11', '36504430', 'MORENO BELEN', '', '', '(3834) 983172', '1', '3', 'BARRIO VIRGEN MORENITA', 'MORENOBELLUSINIA@GMAIL.COM', '0.00', '2024-03-21', '1'), 
      ('164', '164', 'NATURAL', '11', '32628559', 'ROMERO CINTIA', '', '', '(3834) 260887', '1', '3', 'BANDA DE VARELA', 'CINTHIA212223@GMAIL.COM', '0.00', '2024-03-21', '1'), 
      ('165', '165', 'NATURAL', '11', '24065592', 'ALESSANDRO HUGO', '', '', '(3834) 522138', '1', '3', 'PRADO164', 'HUGO02@MAIL.COM', '0.00', '2024-03-21', '1'), 
      ('166', '166', 'NATURAL', '11', '31198829', 'OLIVERA SILVIA', '', '', '(3834) 385959', '1', '3', 'NUEVA CONETA CAPAYAN', '', '0.00', '2024-03-21', '1'), 
      ('167', '167', 'NATURAL', '11', '17890409', 'ROMERO BEATRIZ', '', '', '(3834) 813488', '1', '3', 'VILLA PARQUE CHACABUCO', 'DENISESASHAOVIEDOROMERO@GMAIL.COM', '0.00', '2024-03-21', '1'), 
      ('168', '168', 'NATURAL', '11', '31374187', 'NOELIA ELIZABETH GUZMAN ZARATE', '', '', '(3804) 505024', '1', '3', 'BARRIO EVITA ', 'NOEGUZMANZARATE@GMAIL.COM', '0.00', '2024-03-21', '1'), 
      ('169', '169', 'NATURAL', '11', '30089215', 'MARIA CARLA GUZMAN ZARATE ', '', '', '(3804) 564373', '1', '3', 'BARRIO EVITA ', 'CARLAGUZMAN@GMAIL.COM', '0.00', '2024-03-21', '1'), 
      ('170', '170', 'NATURAL', '11', '24939663', 'GUERRA PAOLA', '', '', '(3804) 594447', '1', '3', 'CGT SUR', 'PAO-GUERRA75@HOTMAIL.COM', '0.00', '2024-03-21', '1'), 
      ('171', '171', 'NATURAL', '11', '33278820', 'ROBLEDO NATALIA SOLEDAD', '', '', '(3804) 219719', '1', '3', 'SAN FRANCISCO DE ASIS', 'NATII_ROBLEDO@HOTMAIL.COM', '0.00', '2024-03-21', '1'), 
      ('172', '172', 'NATURAL', '11', '25737167', 'MARIA NIETO PERALTA ', '', '', '(3804) 230470', '1', '3', 'BARRIO SANTA JUSTINA ', '', '0.00', '2024-03-21', '1'), 
      ('173', '173', 'NATURAL', '11', '21780825', 'MARIA ALEJANDRA ORDO?EZ', '', '', '(3804) 664675', '1', '3', '9 DE JULIO', 'ALEJANDRA4371@HOTMAIL.COM', '0.00', '2024-03-21', '1'), 
      ('174', '174', 'NATURAL', '11', '22036567', 'PAULA GUZMAN ', '', '', '(3804) 656978', '1', '3', 'BARRIO PARQUE INDUSTRIAL ', 'PAULA19769@GMAIL.COM', '0.00', '2024-03-21', '1'), 
      ('175', '175', 'NATURAL', '11', '94339054', 'CIRILA MOLLO ANCACHI', '', '', '(3804) 829918', '1', '3', 'BARRIO LOS OBREROS ', '', '0.00', '2024-03-21', '1'), 
      ('176', '176', 'NATURAL', '11', '26358825', 'OROPEL MIGUEL ELIAS', '', '', '(3834) 057507', '1', '3', 'BARRIO LIBERTADOR SEDUNDO CASA 43', 'OROPELELIAS@GMAIL.COM', '0.00', '2024-03-21', '1'), 
      ('177', '177', 'NATURAL', '11', '25425441', 'CARLOS MARIANO VILLAGRA ', '', '', '(3804) 566774', '1', '3', 'BARRIO NESTOR KIRCHNER', 'ALICIANUNEZ0961@GMAIL.COM', '0.00', '2024-03-21', '1'), 
      ('178', '178', 'NATURAL', '11', '5979116', 'PACHECO SARA ROSA', '', '', '(3834) 000199', '1', '3', 'LA CHACARITA', '', '0.00', '2024-03-21', '1'), 
      ('179', '179', 'NATURAL', '11', '5211371', 'VEGA ELBA', '', '', '(3834) 340412', '1', '3', 'BARRIO 920VIV CASA285', '', '0.00', '2024-03-21', '1'), 
      ('180', '180', 'NATURAL', '11', '23446941', 'FUENTES SONIA', '', '', '(3834) 295340', '1', '3', '9 DE JULIO 881', '', '0.00', '2024-03-21', '1'), 
      ('181', '181', 'NATURAL', '11', '18410590', 'MOYA VALERIA', '', '', '(3804) 539852', '1', '3', 'ALTOS DEL VELAZCO', 'VALEMOYA1@HOTMAIL.COM', '0.00', '2024-03-21', '1'), 
      ('182', '182', 'NATURAL', '11', '12179988', 'SILVIA DEL VALLE MORENO', '', '', '(3834) 331721', '1', '3', 'BARRIO ALTOS DE CHOYA', 'ROXANASOSA781@GMAIL.COM', '0.00', '2024-03-21', '1'), 
      ('183', '183', 'NATURAL', '11', '23854341', 'ALBARRACIN SANDRA', '', '', '(3834) 001443', '1', '3', '50VIV SUR CASA25', '', '0.00', '2024-03-21', '1'), 
      ('184', '184', 'NATURAL', '11', '31310002', 'RIBERO PATRICIA', '', '', '(3834) 942070', '1', '3', 'BARRIO 130VIV C70', 'OSCARSAULCBA@GMAIL.COM', '0.00', '2024-03-21', '1'), 
      ('185', '185', 'NATURAL', '11', '13707159', 'SANCHEZ FANY DEL VALLE', '', '', '(3834) 274844', '1', '3', 'B920VIV AV AMERINDIA C416', '', '0.00', '2024-03-21', '1'), 
      ('186', '186', 'NATURAL', '11', '26187971', 'ESPECHE CINTIA', '', '', '(3834) 265567', '1', '3', 'B PARQUE LA GRUTA ESTE CASA161', '', '0.00', '2024-03-21', '1'), 
      ('187', '187', 'NATURAL', '11', '25737147', 'OCAMPO MARIA ALEJANDRA', '', '', '(3834) 678701', '1', '3', 'B ANTINACO C40', 'OCAMPOALEJANDRA44@GMAIL.COM', '0.00', '2024-03-21', '1'), 
      ('188', '188', 'NATURAL', '11', '14481594', 'CONTRERAS CARLOS MIGUEL', '', '', '(0381) 4296903', '1', '3', 'PASAJE CHUBUT 805', '', '0.00', '2024-03-21', '1'), 
      ('189', '189', 'NATURAL', '11', '37416571', 'SANTANDER XIOMARA', '', '', '(3804) 761077', '1', '3', 'MARIA AUGUSTA', '', '0.00', '2024-03-21', '1'), 
      ('190', '190', 'NATURAL', '11', '36854770', 'MARIA ANTONELLA LEGUIZA', '', '', '(3804) 521892', '1', '3', '29 DE JULIO ', 'CRUSTIANBORQUES3142@GMAIL.COM', '0.00', '2024-03-21', '1'), 
      ('191', '191', 'NATURAL', '11', '29651240', 'DORIA NICOLAS', '', '', '(3834) 258014', '1', '3', 'RIO SALADO 142', 'ELUNIKO069@GMAIL.COM', '0.00', '2024-03-21', '1'), 
      ('192', '192', 'NATURAL', '11', '283486956', 'MORA JESICA DANIELA', '', '', '(3804) 649905', '1', '3', 'SAN VICENTE', 'JESICA.WAL3841@GMAIL.COM', '0.00', '2024-03-21', '1'), 
      ('193', '193', 'NATURAL', '11', '30415946', 'RITA SANCHEZ', '', '', '(3804) 543079', '1', '3', 'CALLE PUBLICA S/N B? LAS BREAS', 'MATECAM04@HOTMAIL.COM', '0.00', '2024-03-21', '1'), 
      ('194', '194', 'NATURAL', '11', '33621113', 'FILARDI MIGUEL', '', '', '(3834) 379152', '1', '3', 'B NORTE', 'ELCORDOBES15@HOTMAIL.COM', '0.00', '2024-03-21', '1'), 
      ('195', '195', 'NATURAL', '11', '22515700', 'MOLINA ALEJANDRA', '', '', '(3834) 681538', '1', '3', 'B FERMIN CARRIZO C 5', '', '0.00', '2024-03-21', '1'), 
      ('196', '196', 'NATURAL', '11', '41223861', 'FERREYRA LOURDES MICAELA', '', '', '(3834) 250718', '1', '3', '140VIV EL BA?ADO', 'LOURDESFERREYRA31@HOTMAIL.COM', '0.00', '2024-03-21', '1'), 
      ('197', '197', 'NATURAL', '11', '25302882', 'BAZAN MARIA CRISTINA', '', '', '(3834) 917125', '1', '3', 'LA TABLADA', 'CRISTINABAZAN940@GMAIL.COM', '0.00', '2024-03-21', '1'), 
      ('198', '198', 'NATURAL', '11', '39999230', 'ROBLES MARIA PAZ', '', '', '(3834) 968432', '1', '3', 'HUILLAPIMA/ CAPAYAN', 'MARIAROBLES06@GMAIL.COM', '0.00', '2024-03-21', '1'), 
      ('199', '199', 'NATURAL', '11', '12433148', 'MALDONADO MARIA ISABEL', '', '', '(3834) 208062', '1', '3', 'EVA PERON', '', '0.00', '2024-03-21', '1'), 
      ('200', '200', 'NATURAL', '11', '34605616', 'ZALAZAR GABRIEL', '', '', '(3834) 676644', '1', '3', 'PAPA FRANCISCO', 'GABY_SALAZAR_20@LIVE.COM.AR', '0.00', '2024-03-21', '1'), 
      ('201', '201', 'NATURAL', '11', '44117621', 'BERLINGIERI MELINA', '', '', '(3834) 4117621', '1', '3', 'CONETA', 'MELI.BERLINGIERI02@GMAIL.COM', '0.00', '2024-03-21', '1'), 
      ('202', '202', 'NATURAL', '11', '20935292', 'PAEZ PATRICIA ALEJANDRA', '', '', '(3834) 054380', '1', '3', 'SIN DOMICILIO', 'PAEZPATRICIA00@GMAIL.COM', '0.00', '2024-03-21', '1'), 
      ('203', '203', 'NATURAL', '11', '14324323', 'LUIS OSCAR MACEDO', '', '', '(3834) 753092', '1', '3', 'SAN ISIDRO', 'MACEDOMARIA126@GMAIL.COM', '0.00', '2024-03-21', '1'), 
      ('204', '204', 'NATURAL', '11', '22751401', 'BORDON LAILA', '', '', '(3834) 758964', '1', '3', 'LA CHACARITA', 'YANIHERRERA20@HOTMAIL.COM', '0.00', '2024-03-21', '1'), 
      ('205', '205', 'NATURAL', '11', '24939107', 'MOLINA MARISA', '', '', '(3804) 370689', '1', '3', 'ITALIA ESQ. GALVEZ', 'ALDII772395@GMAIL.COM', '0.00', '2024-03-21', '1'), 
      ('206', '206', 'NATURAL', '11', '92188517', 'ARGUELLO CARMEN', '', '', '(3834) 423670', '1', '3', '1 DE MAYO 1749', '', '0.00', '2024-03-21', '1'), 
      ('207', '207', 'NATURAL', '11', '29852357', 'TEJADA MARIA EUGENIA', '', '', '(3804) 626265', '1', '3', 'NESTOR KIRSNER', 'ETEJADA@ESTUDIOMARNETTO.COM.AR', '0.00', '2024-03-21', '1'), 
      ('208', '208', 'NATURAL', '11', '26511189', 'GOMEZ ARIEL ERNESTO', '', '', '(3834) 618814', '1', '3', 'SIN DOMICILIO', 'ARIEL05_@HOTMAIL.COM', '0.00', '2024-03-21', '1'), 
      ('209', '209', 'NATURAL', '11', '30803424', 'TEJADA MARIA JULIETA', '', '', '(3804) 784356', '1', '3', 'HABITAT', 'JULITEJADA84@HOTMAIL.COM', '0.00', '2024-03-21', '1'), 
      ('210', '210', 'NATURAL', '11', '23928324', 'QUIROGA LUCIA', '', '', '(3834) 542056', '1', '3', '1000VIV SUR ', '', '0.00', '2024-03-21', '1'), 
      ('211', '211', 'NATURAL', '11', '33360433', 'HERRERA CLARA', '', '', '(3834) 601501', '1', '3', 'FLORIDA1266', 'CLARAHERRERA@HOTMAIL.COM', '0.00', '2024-03-21', '1'), 
      ('212', '212', 'NATURAL', '11', '34219242', 'MOLINA MARIA SOLEDAD', '', '', '(3834) 269728', '1', '3', 'JUAN PABLO VERA 1085', 'SOLSOLEDASMOLINA323@GMAIL.COM', '0.00', '2024-03-21', '1'), 
      ('213', '213', 'NATURAL', '11', '30157874', 'ROBLES PATRICIA', '', '', '(3834) 564331', '1', '3', 'BARRIO COOPERATIVA NORTE', 'PATRICIAROBLES71@GMAGMAIL.COM', '0.00', '2024-03-21', '1'), 
      ('214', '214', 'NATURAL', '11', '29629125', 'ROMAN ROSANA ANAHI', '', '', '(3834) 396021', '1', '3', 'FELIX PLAS/N VILLVILLA DOLORES', 'ROSANA.ROMAN@YAHOO.ES', '0.00', '2024-03-21', '1'), 
      ('215', '215', 'NATURAL', '11', '14476595', 'ALMEIDA SONIA', '', '', '(3834) 519109', '1', '3', 'B 90 VIV SUR C14', 'AGUSTINAOLIVERA295@GMAIL.COM', '0.00', '2024-03-21', '1'), 
      ('216', '216', 'NATURAL', '11', '28775832', 'SANCHEZ ROMINA ', '', '', '(3805) 46083', '1', '3', 'BARRIO SAN ANDRES', 'ROMINASANCHEZ@GMAIL.COM', '0.00', '2024-03-21', '1'), 
      ('217', '217', 'NATURAL', '11', '29742843', 'CERRANO MARIA ESTEFANIA ', '', '', '(3804) 690179', '1', '3', 'BARRIO PANAMERICANO', 'ESTEFANIA_CERRANO@HOTMAIL.COM', '0.00', '2024-03-21', '1'), 
      ('218', '218', 'NATURAL', '11', '28087350', 'BARRIONUEVO JOSE ARIEL', '', '', '(3804) 243738', '1', '3', 'BARRIO LOS OBREROS I ', '', '0.00', '2024-03-21', '1'), 
      ('219', '219', 'NATURAL', '11', '26054297', 'VEGA MARIA DE LAS M.', '', '', '(3804) 923742', '1', '3', 'B? JARDIN RESIDENCIAL', '', '0.00', '2024-03-21', '1'), 
      ('220', '220', 'NATURAL', '11', '31374211', 'BAZAN CARRIZO MARIA EUGENIA ', '', '', '(3804) 236624', '1', '3', 'B? PUERTA DE LA QUEBRADA ', 'EUGEBAZANN@HOTMAIL.COM', '0.00', '2024-03-21', '1'), 
      ('221', '221', 'NATURAL', '11', '22681353', 'CRESPO MARIA ALEJANDRA', '', '', '(3804) 305518', '1', '3', 'B? LOS PROFESIONALES', 'ALUMAJA34@HOTMAIL.COM', '0.00', '2024-03-21', '1'), 
      ('222', '222', 'NATURAL', '11', '32913211', 'PALACIO BELEN ', '', '', '(3804) 441622', '1', '3', 'B? HOSPITAL', '', '0.00', '2024-03-21', '1'), 
      ('223', '223', 'NATURAL', '11', '17408422', 'MIRTA LILIANA CEJAS', '', '', '(3804) 955290', '1', '3', 'RASTREADOR FORNIER ESQUINA LOS SEIBOS BARRIO COCHANGASTA SUR', 'MIRTALILIANACEJAS@GMAIL.COM', '0.00', '2024-03-21', '1'), 
      ('224', '224', 'NATURAL', '11', '23646822', 'JIMENEZ ALFREDO', '', '', '(3804) 528396', '1', '3', 'B? JARDIN RESIDENCIAL', 'A.AJIMENEZ@HOTMAIL.COM', '0.00', '2024-03-21', '1'), 
      ('225', '225', 'NATURAL', '11', '16429319', 'HERRERA BEATRIZ', '', '', '(3804) 323541', '1', '3', 'B? FALDEO DEL VELAZCO SUR MZNA G II CASA21-CALLE RAUL SUFAN', 'RBEATRIZHERRERA@GMAIL.COM', '0.00', '2024-03-21', '1'), 
      ('226', '226', 'NATURAL', '11', '16856574', 'VILLACORTA SERGIO', '', '', '(3804) 376776', '1', '3', 'B? 20 DE MAYO', '', '0.00', '2024-03-21', '1'), 
      ('227', '227', 'NATURAL', '11', '34328697', 'ANA LUZ BLANCO', '', '', '(3804) 4940210', '1', '3', 'MONTEVIDEO 207', 'ANITALUZBLANCO@GMAIL.COM', '0.00', '2024-03-21', '1'), 
      ('228', '228', 'NATURAL', '11', '29202346', 'FLORES LUCIANA ', '', '', '(3804) 621000', '1', '3', 'B? ASODIN C/ PUBLICA 9507', 'NANDA-346@LIVE.COM.AR', '0.00', '2024-03-21', '1'), 
      ('229', '229', 'NATURAL', '11', '27917079', 'AGUERO JORGE GASTON', '', '', '(3804) 4666555', '1', '3', 'B? NESTOR KIRCHNER MZA 1271 CASA 9', 'GASTONPRENSADEPORTES@GMAIL.COM', '0.00', '2024-03-21', '1'), 
      ('230', '230', 'NATURAL', '11', '18604855', 'DE SIMONE HUGO', '', '', '(3804) 296756', '1', '3', 'B? NESTORKIRCHNER MZA 1301 CASA 03', '', '0.00', '2024-03-21', '1'), 
      ('231', '231', 'NATURAL', '11', '32629420', 'GLOSS MARIA BELEN', '', '', '(0381) 6384630', '1', '3', 'LAS HERAS 643', 'GLOSSMBELEN@HOTMAIL.COM.AR', '0.00', '2024-03-21', '1'), 
      ('232', '232', 'NATURAL', '11', '19031029', 'PE?A POZO MILAGROS ROSANGEL', '', '', '(3804) 652710', '1', '3', 'MANZANA 926 BARRIO SOEM', 'MILAGROSSALOMONES@GMAIL.COM', '0.00', '2024-03-21', '1'), 
      ('233', '233', 'NATURAL', '11', '30311069', 'BAZAN VERONICA', '', '', '(3804) 869511', '1', '3', 'BASE SAN MARTIN 36 BARRIO ANTARTIDA 2', 'LAURA_64@LIFE.COM', '0.00', '2024-03-21', '1'), 
      ('234', '234', 'NATURAL', '11', '26336426', 'VALLE DE LA FUENTE CARLOS', '', '', '(3804) 297816', '1', '3', 'B?URBANO XXIII CASA 49', 'JCVALLE-@HOTMAIL.COM', '0.00', '2024-03-21', '1'), 
      ('235', '235', 'NATURAL', '11', '28349397', 'ARTAZA SILVIA', '', '', '(3804) 228098', '1', '3', 'CALLE GONZALO DE BERSEO BARRIO TAMBOR DE TAQUARI', 'SILVIAARTAZA8@GMAIL.COM', '0.00', '2024-03-21', '1'), 
      ('236', '236', 'NATURAL', '11', '22959852', 'ESPINOZA SILVIA NOEMI', '', '', '(3804) 555764', '1', '3', 'B? LOTEO SAN NICOLAS CALLE HECTOR BARRIONUEVO S/N', '', '0.00', '2024-03-21', '1'), 
      ('237', '237', 'NATURAL', '11', '37653905', 'CARTA?A SEMERARO GISELLA ARACELI', '', '', '(3804) 342423', '1', '3', 'B? 25 DE MAYO SUR CALLE MARIA ARG?ELLO CASA 901', 'ARACELI.SEMERARO@GMAIL.COM', '0.00', '2024-03-21', '1'), 
      ('238', '238', 'NATURAL', '11', '20925168', 'BUENADER ANDREA MARCELA', '', '', '(3834) 903232', '1', '3', 'B RENTAS 264', 'ANDREAMARCELABUENADER@GMAIL.COM', '0.00', '2024-03-21', '1'), 
      ('239', '239', 'NATURAL', '11', '24830284', 'SEGURA CLAUDIA DEL ROSARIO', '', '', '(3834) 363877', '1', '3', '107 VIV SUR C/29', 'MILISEGURA2013@GMAIL.COM', '0.00', '2024-03-21', '1'), 
      ('240', '240', 'NATURAL', '11', '34323734', 'AVELLANEDA CLAUDIA LETICIA', '', '', '(3834) 815100', '1', '3', 'JUAN CHELEMIN C/N 171', 'LETYLZB4@GMAIL.COM', '0.00', '2024-03-21', '1'), 
      ('241', '241', 'NATURAL', '11', '17939431', 'RODRIGUEZ MARIA', '', '', '(3834) 776885', '1', '3', 'B INTI HUASI', '', '0.00', '2024-03-21', '1'), 
      ('242', '242', 'NATURAL', '11', '24284107', 'SILVA OLGA LILIANA', '', '', '', '1', '3', '40VIV C/30', 'NIEVAMARIA447@GMAIL.COM', '0.00', '2024-03-21', '1'), 
      ('243', '243', 'NATURAL', '11', '28615972', 'FIGUEROA FERNANDA ANALIA ', '', '', '(3834) 204722', '1', '3', 'CALLE LUIS GALARZA', 'ANALIA.10.FI22@GMAIL.COM', '0.00', '2024-03-21', '1'), 
      ('244', '244', 'NATURAL', '11', '12851163', 'AGUAYSOL ESTELA', '', '', '(3804) 511915', '1', '3', 'B?CENTRO CALLE LAMADRID 175', 'MARIA.GUAYSOL0203@GMAIL.COM', '0.00', '2024-03-21', '1'), 
      ('245', '245', 'NATURAL', '11', '12896116', 'BARRERA ROSA JORGELINA', '', '', '(3834) 194371', '1', '3', 'B LA TERCENA', '', '0.00', '2024-03-21', '1'), 
      ('246', '246', 'NATURAL', '11', '30990599', 'ROJO CINTIA', '', '', '(3804) 623883', '1', '3', 'B?SAN FRANCISCO CALLE CARLOS SANCHEZ 1350 MANZANA 1003', 'ISAIASAMARFIL@GMAIL.COM', '0.00', '2024-03-21', '1'), 
      ('247', '247', 'NATURAL', '11', '42215863', 'MEDINA RITA', '', '', '(0381) 6448296', '1', '3', 'PASAJE BAIGORRIA 2654', 'RITAMEDINA.2210@GMAIL.COM', '0.00', '2024-03-21', '1'), 
      ('248', '248', 'NATURAL', '11', '26870071', 'DIAZ MARIA SOLEDAD', '', '', '(3804) 466029', '1', '3', 'B?JUAN MELIS CALLE GENERAL PAZ 711', '', '0.00', '2024-03-21', '1'), 
      ('249', '249', 'NATURAL', '11', '23930535', 'FEDERICO VECE', '', '', '(0381) 4142445', '1', '3', 'BARRIO JARDIN', 'FRICOVECE@GMAIL.COM', '0.00', '2024-03-21', '1'), 
      ('250', '250', 'NATURAL', '11', '27052198', 'ALBORNOS LUNA CARLA JIMENA', '', '', '(3804) 730090', '1', '3', 'B? HOSPITAL SECTOR 5 CASA N?3', 'LEANDROCORTEZ265@HOTMAIL.COM', '0.00', '2024-03-21', '1'), 
      ('251', '251', 'NATURAL', '11', '38763454', 'MORENO ALMONACID CAMILA', '', '', '(3804) 870977', '1', '3', 'B?YACAMPI CALLE CABO PRIMERO RODRIGUEZ S/N', '', '0.00', '2024-03-21', '1'), 
      ('252', '252', 'NATURAL', '11', '26792778', 'GARCIA SABRINA MARCELA ', '', '', '(3804) 418223', '1', '3', 'TRAMPA DEL TIGRE KM 5, URBANO RURAL RUTA 38', 'SABRINAGARCIA448@GMAIL.COM', '0.00', '2024-03-21', '1'), 
      ('253', '253', 'NATURAL', '11', '24357086', 'TRIPOLONE MARCELA ALEJANDRA ', '', '', '(3804) 320908', '1', '3', 'B? CARITAS, AV LANCILLOTTO CASA 23', 'TRIPOLONE.MARCELA@YAHOO.COM.AR', '0.00', '2024-03-21', '1'), 
      ('254', '254', 'NATURAL', '11', '26771598', 'TRUJILLO SILVANA ELISABETH ', '', '', '(3804) 553760', '1', '3', 'B? SANTA JUSTINA PEATONAL 202 CASA 35', 'MICAELA05FERNANDEZ@GMAIL.COM', '0.00', '2024-03-21', '1'), 
      ('255', '255', 'NATURAL', '11', '30760752', 'SALAZAR ESTEFANIA', '', '', '(3804) 917937', '1', '3', 'B?CENTRO, CALLE JOAQUIN V. GONZALEZ 381 ', 'VALERUARTE@HOTMAIL.COM', '0.00', '2024-03-21', '1'), 
      ('256', '256', 'NATURAL', '11', '43822407', 'CORDOBA ALEX AGUSTIN', '', '', '(3834) 213493', '1', '3', 'B? CANAL 9 II, CALLE MOLLE 2774 ESQUINA AVENIDA RAMON NAVARRO', 'AGUSTINCORDOBA@GMAIL.COM', '0.00', '2024-03-21', '1'), 
      ('257', '257', 'NATURAL', '11', '27608404', 'SANCHEZ IVANA', '', '', '(3834) 919238', '1', '3', 'LA CHACARITA', 'VITYBELLO@LIVE.COM.AR', '0.00', '2024-03-21', '1'), 
      ('258', '258', 'NATURAL', '11', '25543118', 'CUNEO SILVIA ADRIANA', '', '', '(0381) 4093635', '1', '3', 'CELCEDO GUTIERRES 543 ', 'CUNEOSA@LIVE.COM.AR', '0.00', '2024-03-21', '1'), 
      ('259', '259', 'NATURAL', '11', '35388052', 'LUCERO NOELIA DEL VALLE', '', '', '(3834) 382991', '1', '3', 'BANDA DE VARELA', 'BARROSPATRICIA@HOTMAIL.COM', '0.00', '2024-03-21', '1'), 
      ('260', '260', 'NATURAL', '11', '25117815', 'VERA MIRANDA HECTOR', '', '', '(3834) 818921', '1', '3', 'PASAJE SOTO MAYOR632', 'HECTORALEVERA72@HOTMAIL.COM', '0.00', '2024-03-21', '1'), 
      ('261', '261', 'NATURAL', '11', '11303841', 'VAQUEL ELENA DEL CARMEN', '', '', '(3834) 586162', '1', '3', 'BARRIO 76', 'ROXANAQ170@GMAIL.COM', '0.00', '2024-03-21', '1'), 
      ('262', '262', 'NATURAL', '11', '12636355', 'RIVERO FELIPE SANTIAGO', '', '', '(3804) 421914', '1', '3', 'PEATONAL 405 CASA 116, BARRIO HOSPITAL SECTOR 4', '', '0.00', '2024-03-21', '1'), 
      ('263', '263', 'NATURAL', '11', '36769023', 'ROSAS OLIVA NORMA ALEJANDRA ', '', '', '(3826) 414225', '1', '3', 'B? DESAMPARADOS CALLE ROQUE S?ENZ PE?A S/N . CHAMICAL', 'ROJASALEJANDRA@HOTMAIL.COM', '0.00', '2024-03-21', '1'), 
      ('264', '264', 'NATURAL', '11', '37743560', 'DELGADO ROSA NOELI', '', '', '(3834) 036065', '1', '3', 'AV ACOSTA VILLAFA?EZ 1567', 'TUSHITKM@GMAIL.COM', '0.00', '2024-03-21', '1'), 
      ('265', '265', 'NATURAL', '11', '29473992', 'CORSO ROMINA CELESTE', '', '', '(3804) 377281', '1', '3', 'URBANO 38 MANZANA 1344 CASA 58', 'CELU982@GMAIL.COM', '0.00', '2024-03-21', '1'), 
      ('266', '266', 'NATURAL', '11', '29424815', 'PUGLIESE CARLOS MARTIN ', '', '', '(3804) 699897', '1', '3', 'CALLE PERU 245- BARRIO VIAL ', 'CARLOSPUGLIESE514@GMAIL.COM', '0.00', '2024-03-21', '1'), 
      ('267', '267', 'NATURAL', '11', '27527858', 'PAOLA EDITH LARA', '', '', '(3804) 758273', '1', '3', 'FALDEO DEL VELAZCO SUR MANZANAMANZANA C CASA 7', 'LARA--EDITH@HOTMAIL.COM', '0.00', '2024-03-21', '1'), 
      ('268', '268', 'NATURAL', '11', '34908555', 'RINALDINI NICOLAS', '', '', '(3804) 780559', '1', '3', '25 DE MAYO 173 BARRIO CENTRO ( VALLEJO CALZADOS)', 'ELCORDOBESNICO55@HOTMAIL.COM', '0.00', '2024-03-21', '1'), 
      ('269', '269', 'NATURAL', '11', '30923695', 'AGUILAR V?CTOR HUGO', '', '', '(3804) 598566', '1', '3', 'CALLE APOSTOL ANDRES 2053 BARRIO SAN CAYETANO ', '39VHA@GMAIL.COM', '0.00', '2024-03-21', '1'), 
      ('270', '270', 'NATURAL', '11', '39701216', 'MEGIAS ANA LUCIA ', '', '', '(3804) 620259', '1', '3', 'BARRIO LAS AGAVES CALLE VERBENA CASA 31', 'LUCIAMEGIAS20@GMAIL.COM', '0.00', '2024-03-21', '1'), 
      ('271', '271', 'NATURAL', '11', '28106481', 'MALDONADO MERCEDES ', '', '', '(3804) 677059', '1', '3', 'CORRIENTES 726 BARRIO CENTRO', 'MERCE_MALD@HOTMAIL.COM', '0.00', '2024-03-21', '1'), 
      ('272', '272', 'NATURAL', '11', '27364033', 'SOTO MARIELA', '', '', '(0381) 1525240', '1', '3', 'LOS CHA?ARITOS', 'DANIELCUELLAR@ARNET.COM.AR', '0.00', '2024-03-21', '1'), 
      ('273', '273', 'NATURAL', '11', '30089144', 'BARRIONUEVO ANALIA DEL VALLE', '', '', '(3804) 120103', '1', '3', 'BARRIO 52 VV.', 'ANALIABARRIONUEVO74@GMAIL.COM', '0.00', '2024-03-21', '1'), 
      ('274', '274', 'NATURAL', '11', '36436884', 'RUARTE DAIANA ', '', '', '(3804) 212964', '1', '3', 'BARRIO FLORIDA SOBRE AVENIDA RAMIREZ DE VELAZCO S/N', '', '0.00', '2024-03-21', '1'), 
      ('275', '275', 'NATURAL', '11', '36035945', 'GARAY FRANCO', '', '', '(3804) 629871', '1', '3', 'BARRIO OBREROS , CALLE CHEPES Y SONEL.', '', '0.00', '2024-03-21', '1'), 
      ('276', '276', 'NATURAL', '11', '39700859', 'GUIA SABRINA BELEN ', '', '', '(3804) 554413', '1', '3', 'COLON 710 BARRIO TAMBOR DE TACUARI', 'SABRINAGUIA17@GMAIL.COM', '0.00', '2024-03-21', '1'), 
      ('277', '277', 'NATURAL', '11', '17037420', 'JUSTO ROQUE CALIVA', '', '', '(3804) 132573', '1', '3', 'EX RUTA 38 EXTREMO NORTE ', '', '0.00', '2024-03-21', '1'), 
      ('278', '278', 'NATURAL', '11', '12433006', 'VALLE ROSARIO', '', '', '(3834) 285056', '1', '3', 'BARRIO 27VIV CASA N6', '', '0.00', '2024-03-21', '1'), 
      ('279', '279', 'NATURAL', '11', '31386470', 'FLORES MARIA', '', '', '(3804) 641213', '1', '3', 'INDEPENDENCIA 1213 BARRIO BENJAMIN RINCON', 'CARMENFLORES_VALU@HOTMAIL.COM', '0.00', '2024-03-21', '1'), 
      ('280', '280', 'NATURAL', '11', '34295564', 'BARRIONUEVO AYELEN NAZARENA', '', '', '(3834) 709877', '1', '3', 'B ANTINACO CASA19', 'BARRIONUEVOAYELEN@HOTMAIL.COM', '0.00', '2024-03-21', '1'), 
      ('281', '281', 'NATURAL', '11', '28647226', 'BARROS NOELIA ANGELA', '', '', '(3834) 4741903', '1', '3', 'BARRIO 90VIV SUR C54', '', '0.00', '2024-03-21', '1'), 
      ('282', '282', 'NATURAL', '11', '31037751', 'FIGUEROA GLADYS', '', '', '(3834) 908744', '1', '3', 'TACANA', '', '0.00', '2024-03-21', '1'), 
      ('283', '283', 'NATURAL', '11', '25737436', 'VICTORIA ALEJANDRA CASTRO', '', '', '(3804) 668734', '1', '3', 'GENERAL SAN MARTIN BARRIO ANTARTIDA 2', '', '0.00', '2024-03-21', '1'), 
      ('284', '284', 'NATURAL', '11', '20110172', 'GOMEZ IRENE', '', '', '(3804) 935718', '1', '3', 'BARRIO VIRGEN DE GUADALUPE CASA 22', 'CAMILAJGOMEZ47@GMAIL.COM', '0.00', '2024-03-21', '1'), 
      ('285', '285', 'NATURAL', '11', '13918946', 'GONZALEZ ALBERTO ', '', '', '', '1', '3', 'BARRIO ALTA RIOJA CALLE ANTARTIDA ARGENTINA 1823', 'ALBERTOGONSHA@GMAIL.COM', '0.00', '2024-03-21', '1'), 
      ('286', '286', 'NATURAL', '11', '36503827', 'DIAZ JESSICA', '', '', '(3804) 781322', '1', '3', 'BARRIO FALDEO DEL VELAZCO SUR CASA 12', '', '0.00', '2024-03-21', '1'), 
      ('287', '287', 'NATURAL', '11', '25225584', 'ROMERO LORENA ', '', '', '(3804) 406592', '1', '3', 'BARRIO 12 DE JUNIO CALLE FRANCISCO TACONI 116', 'KAREKARENMR41@HOTMAIL.COM', '0.00', '2024-03-21', '1'), 
      ('288', '288', 'NATURAL', '11', '22231132', 'ZARATE ESTELA DEL VALLE', '', '', '(3804) 681865', '1', '3', 'BARRIO LUIS VEDER HERRERA CONTINUACION DE JURAMENTO', '', '0.00', '2024-03-21', '1'), 
      ('289', '289', 'NATURAL', '11', '92629480', 'PULQUILLANCA MENDEZ EXEQUIEL ALEJANDRO', '', '', '(3804) 243921', '1', '3', ' 1 DE MARZO 2148 BARRIOBARRIO SANTA CELIA', 'PULQUILLANCAALEJANDRO@YAHOO.COM.AR', '0.00', '2024-03-21', '1'), 
      ('290', '290', 'NATURAL', '11', '95131967', 'GUAMAN BRICENA', '', '', '(2804) 548543', '1', '3', 'CALLE LAPRIDA 371 BARRIO PARQUE SUR', 'DIAZGUSTAVO911@GMAIL.COM', '0.00', '2024-03-21', '1'), 
      ('291', '291', 'NATURAL', '11', '32681782', 'SILVINA LENCINA', '', '', '(3834) 540552', '1', '3', 'OBISPO ESQU? U 175', 'TILVISHLENCINA@GMAIL.COM', '0.00', '2024-03-21', '1'), 
      ('292', '292', 'NATURAL', '11', '32628891', 'BAZAN LUCIA', '', '', '(3834) 343055', '1', '3', 'PASAJE SANCHEZ GARDEL 174', 'LUCIA_21@HOTMAIL.COM', '0.00', '2024-03-21', '1'), 
      ('293', '293', 'NATURAL', '11', '30089480', 'BOEHLER CLARA VERONICA', '', '', '(3804) 711402', '1', '3', 'BARRIO NESTOR KIRCHNER MANZANA 1292 CASA 2', '', '0.00', '2024-03-21', '1'), 
      ('294', '294', 'NATURAL', '11', '20545634', 'RIBLEDO DELIA', '', '', '(3834) 4499069', '1', '3', 'LAS PIRQUITAS', '', '0.00', '2024-03-21', '1'), 
      ('295', '295', 'NATURAL', '11', '31535198', 'RUIZ JULIA', '', '', '(3804) 651338', '1', '3', 'BARRIO ANTARTIDA NORTE ISLA SHETLAN 1165', 'JAZMIN200214@HOTMAIL.COM', '0.00', '2024-03-21', '1'), 
      ('296', '296', 'NATURAL', '11', '33260021', 'CHANAMPA JOHANNA GISELLE', '', '', '(3804) 203352', '1', '3', 'BARRIO SAN CAYETANO , CALLCALLE APOSTOL SAN PABLO 1748', 'YOYCHANAMPA@GMAIL.COM', '0.00', '2024-03-21', '1'), 
      ('297', '297', 'NATURAL', '11', '21866871', 'QUINTEROS NICOLAS ERNESTO ', '', '', '(3804) 539290', '1', '3', 'URBANO 30 CASA 24', '', '0.00', '2024-03-21', '1'), 
      ('298', '298', 'NATURAL', '11', '28819816', 'CRUZ LAURA', '', '', '(3834) 252214', '1', '3', 'GRAL NAVARRO 207', 'CRUZLAURA1@HOTMAIL.COM', '0.00', '2024-03-21', '1'), 
      ('299', '299', 'NATURAL', '11', '39013851', 'ARGA?ARAZ YULIANA ARACELI', '', '', '(3834) 238712', '1', '3', 'VILLA CUBAS', 'ALE_93@HOTMAIL.COM', '0.00', '2024-03-21', '1'), 
      ('300', '300', 'NATURAL', '11', '22017976', 'HERRERA LUIS DANIEL', '', '', '(3834) 765102', '1', '3', 'B LOTEO ARGENTINA NORTE MANZANA I LOTE 14', 'DANIELHERRERA6179@GMAIL.COM', '0.00', '2024-03-21', '1');
COMMIT;
INSERT IGNORE INTO `clientes` (`idcliente`, `codcliente`, `tipocliente`, `documcliente`, `dnicliente`, `nomcliente`, `razoncliente`, `girocliente`, `tlfcliente`, `id_provincia`, `id_departamento`, `direccliente`, `emailcliente`, `limitecredito`, `fechaingreso`, `codsucursal`) VALUES 
      ('301', '301', 'NATURAL', '11', '27192868', 'PEDRAZA CARINA', '', '', '(3834) 250616', '1', '3', 'VALLE CHICO', '', '0.00', '2024-03-21', '1'), 
      ('302', '302', 'NATURAL', '11', '31249894', 'CALI SABRINA ', '', '', '(3804) 566090', '1', '3', 'SAN NICOLAS DE BARI OESTE 1563 BARRIO SAN VICENTE', 'SABRI.GIULY@HOTMAIL.COM', '0.00', '2024-03-21', '1'), 
      ('303', '303', 'NATURAL', '11', '11098200', 'CORDOBA MERCEDES DEL VALLE ', '', '', '(3804) 545264', '1', '3', 'SAN NICOLAS DE BARI OESTE 1563 BARRIO SAN VICENTE', '', '0.00', '2024-03-21', '1'), 
      ('304', '304', 'NATURAL', '11', '12252360', 'EUGENIA MOLINA', '', '', '(0381) 4139275', '1', '3', 'CORDOBA 894', '', '0.00', '2024-03-21', '1'), 
      ('305', '305', 'NATURAL', '11', '23117290', 'ILDA MORA', '', '', '(0381) 5427984', '1', '3', 'CORDOBA 300', 'HMM343@HOTMAIL.COM', '0.00', '2024-03-21', '1'), 
      ('306', '306', 'NATURAL', '11', '23016417', 'VERA SUSANA DEL VALLE', '', '', '(3804) 939822', '1', '3', 'BARRIO ANTARTIDA CALLE STHETLAN SIN NUMERO', '', '0.00', '2024-03-21', '1'), 
      ('307', '307', 'NATURAL', '11', '27916919', 'CARRIZO PAOLA ELIZABETH', '', '', '(3804) 100685', '1', '3', 'BARRIO ESTACION CALLE GRAL PAZ N?55 ', '', '0.00', '2024-03-21', '1'), 
      ('308', '308', 'NATURAL', '11', '30668531', 'RIVERO CLAUDIA ELIZABETH', '', '', '(3804) 627461', '1', '3', 'BARRIO HOSPITAL SECTOR 4 CASA 116 PEATONAL 405', '', '0.00', '2024-03-21', '1'), 
      ('309', '309', 'NATURAL', '11', '10152951', 'PIZARRO ADA RAMONA ', '', '', '(3804) 931335', '1', '3', 'RIVADAVIA 1748 BARRIO ALTA RIOJA ', '', '0.00', '2024-03-21', '1'), 
      ('310', '310', 'NATURAL', '11', '31527238', 'NIETO FABIOLA ANALIA ', '', '', '(3804) 200362', '1', '3', 'PJE SAN ANTONIO S/N BARRIO COCHANGASTA', 'ANYEORELLANA@GMAIL.COM', '0.00', '2024-03-21', '1'), 
      ('311', '311', 'NATURAL', '11', '29429191', 'ANDRADA FLAVIA ROMINA ', '', '', '(3804) 886338', '1', '3', 'VIAMONTE 91 BARRIO 12 DE JUNIO ', '', '0.00', '2024-03-21', '1'), 
      ('312', '312', 'NATURAL', '11', '26012702', 'DE ROSA GEORGINA', '', '', '(0381) 4488078', '1', '3', 'LOMAS DE TAFI', 'GEORGINADEROSAQ@HOTMAIL.COM', '0.00', '2024-03-21', '1'), 
      ('313', '313', 'NATURAL', '11', '43075252', 'ELOY FERNANDO CHUSGO', '', '', '(3804) 518051', '1', '3', 'CALLE PAMPLONA BARRIO 10 DE JUNIO', 'FERNADOCHUSGO@GMAIL.COM', '0.00', '2024-03-21', '1'), 
      ('314', '314', 'NATURAL', '11', '93991836', 'VILLCA VIZA SAMUEL ', '', '', '(3804) 937726', '1', '3', 'BARRIO LOS OBREROS MANZANA 12 EN LA ESQUINA. AVENIDA CORONEL MONTES', '', '0.00', '2024-03-21', '1'), 
      ('315', '315', 'NATURAL', '11', '26442315', 'MOYANO IVANA SOLEDAD ', '', '', '(3804) 477948', '1', '3', 'VELEZ SARFIELD 942, BARRIO CENTRO', 'AUTOCOMVENTAS@YAHOO.COM.AR', '0.00', '2024-03-21', '1'), 
      ('316', '316', 'NATURAL', '11', '30262132', 'SANTILLAN NELIDA', '', '', '(3804) 785892', '1', '3', 'AG?ERO VERA 9190 LOTEO SAN NICOLAS ', '', '0.00', '2024-03-21', '1'), 
      ('317', '317', 'NATURAL', '11', '28766611', 'REYNOSO RUBEN DARIO', '', '', '(3804) 911041', '1', '3', 'BARRIO SOCIEDAD CALLE OLTA CASA 1687', '', '0.00', '2024-03-21', '1'), 
      ('318', '318', 'NATURAL', '11', '28404008', 'PONCE RAFAELA EVANGELINA', '', '', '(3834) 617061', '1', '3', 'AV SAN MARTIN', '', '0.00', '2024-03-21', '1'), 
      ('319', '319', 'NATURAL', '11', '20924741', 'MORENO PABLO', '', '', '(3834) 402254', '1', '3', 'B 40VIV SUR C/55', '', '0.00', '2024-03-21', '1'), 
      ('320', '320', 'NATURAL', '11', '35080397', 'MONGE FLAVIA SOLEDAD', '', '', '(3834) 370542', '1', '3', 'BARRIO 140NORTE CASA90', 'FLALULIMONGE@GMAIL.COM', '0.00', '2024-03-21', '1'), 
      ('321', '321', 'NATURAL', '11', '21344427', 'CAMPOS TERESA', '', '', '(0381) 1569084', '1', '3', 'ALEM 2400', '', '0.00', '2024-03-21', '1'), 
      ('322', '322', 'NATURAL', '11', '22877435', 'ACU?A SO?A', '', '', '(0381) 6493800', '1', '3', 'VILLA CARMELA', 'SO?A-ALEJO72@HOTMAIL.COM', '0.00', '2024-03-21', '1'), 
      ('323', '323', 'NATURAL', '11', '25609744', 'CORREA RODRIGUEZ MAURICIO ', '', '', '(3804) 675371', '1', '3', 'BARRIO INFANTER?A II CALLE 4 CASA 122', 'CORREARMAURICIO@HOTMAIL.COM', '0.00', '2024-03-21', '1'), 
      ('324', '324', 'NATURAL', '11', '30116533', 'GUZMAN LAURA SOFIA ', '', '', '(3804) 598792', '1', '3', 'CABO PRIMERO RODRIGUEZ PSJE SAN SEBASTIAN S/N ', 'LALAGUZMANGOMEZ@OUTLOOK.COM', '0.00', '2024-03-21', '1'), 
      ('325', '325', 'NATURAL', '11', '27523271', 'MERCADO MARIELA', '', '', '(3804) 806768', '1', '3', 'BARRIO MONSE?OR PIO CABRAL, PROYECTADA 1', '', '0.00', '2024-03-21', '1'), 
      ('326', '326', 'NATURAL', '11', '36255628', 'ARABEL ANA LUCIA', '', '', '(3804) 765774', '1', '3', 'CENTRO', 'LUARABELT@GMAIL.COM', '0.00', '2024-03-21', '1'), 
      ('327', '327', 'NATURAL', '11', '17544212', 'HERRERA GRISELDA BEATRIZ ', '', '', '(3804) 405617', '1', '3', 'BARRIO LA HERMITA CALLE ARAUCO CASA 2032', 'GRICELDAHERRB@GMAIL.COM', '0.00', '2024-03-21', '1'), 
      ('328', '328', 'NATURAL', '11', '33883578', 'JESICA JAQUELINE MORENO', '', '', '(3804) 141571', '1', '3', 'SANTA FE 1324 BARRIO SAN ROMAN', 'YAQUELINMORENO88@GMAIL.COM', '0.00', '2024-03-21', '1'), 
      ('329', '329', 'NATURAL', '11', '13141864', 'MOYA ELSA DEL CARMEN', '', '', '(3834) 4745889', '1', '3', 'MARDOQUEO MOLINA334', '', '0.00', '2024-03-21', '1'), 
      ('330', '330', 'NATURAL', '11', '36503886', 'CUELLO MARIA SOLEDAD', '', '', '(3804) 816288', '1', '3', 'ANTARTIDA 1 ISLAS SHETLAND 1846', 'CUELLOSOLEDAD42@GMAIL.COM', '0.00', '2024-03-21', '1'), 
      ('331', '331', 'NATURAL', '11', '35502350', 'ROMERO ROBLEDO MARIA INES', '', '', '(3804) 536616', '1', '3', 'AV. ANGEL VICENTE PE?ALOZA 626', 'RRMARINES99@GMAIL.COM', '0.00', '2024-03-21', '1'), 
      ('332', '332', 'NATURAL', '11', '17408473', 'PRADO PATRICIA ', '', '', '(3804) 775360', '1', '3', 'CERRO DE LA CRUZ 807 BARRIO TAMBOR DE TACUARI ', '', '0.00', '2024-03-21', '1'), 
      ('333', '333', 'NATURAL', '11', '27051539', 'SANTANGELO PAULA', '', '', '(1136) 332988', '1', '3', 'FACUNDO QUIROGA 1398 BARRIO MILITAR', 'BICHINUNI@HOTMAIL.COM.AR', '0.00', '2024-03-21', '1'), 
      ('334', '334', 'NATURAL', '11', '26465694', 'QUINTEROS MARIA DE LOS ANGELES', '', '', '(3834) 684246', '1', '3', 'BARRIO 80VIV NORTE', 'MQ4340200@GMAIL.COM', '0.00', '2024-03-21', '1'), 
      ('335', '335', 'NATURAL', '11', '4347345', 'ESCOBAR LILIANA', '', '', '(0381) 4347345', '1', '3', 'LAS TALITAS', '', '0.00', '2024-03-21', '1'), 
      ('336', '336', 'NATURAL', '11', '17262081', 'RAMONA FLORES', '', '', '(0381) 5760248', '1', '3', 'BARRIO BELGRANO', '', '0.00', '2024-03-21', '1'), 
      ('337', '337', 'NATURAL', '11', '23802022', 'KARINA LESCANO', '', '', '(0381) 5690451', '1', '3', 'LOMAS DE TAFI', 'ALEJANDRO_TUCUMAN@HOTMAIL.COM', '0.00', '2024-03-21', '1'), 
      ('338', '338', 'NATURAL', '11', '20759707', 'SOLORZANO GLADYS', '', '', '(0381) 5461295', '1', '3', 'LAVALLE 1861', 'SOLORZANOGLA47@GMAIL.COM', '0.00', '2024-03-21', '1'), 
      ('339', '339', 'NATURAL', '11', '45440775', 'DANA JUAREZ', '', '', '(3815) 83270', '1', '3', 'BARRIO SAN BERNARDO', '', '0.00', '2024-03-21', '1'), 
      ('340', '340', 'NATURAL', '11', '31687013', 'VICTORIA ARIAS', '', '', '(0381) 6814823', '1', '3', 'BARRIO NORTE', 'ARIASVICKY@HOTMAIL.COM', '0.00', '2024-03-21', '1'), 
      ('341', '341', 'NATURAL', '11', '23309198', 'SOLOHAGA JORGE NICOLAS', '', '', '(3834) 518332', '1', '3', 'COLOMBIA175', '', '0.00', '2024-03-21', '1'), 
      ('342', '342', 'NATURAL', '11', '24332167', 'LAZARTE SILVIA ', '', '', '(0381) 5231908', '1', '3', 'BARRIO SALVADOR ', '', '0.00', '2024-03-21', '1'), 
      ('343', '343', 'NATURAL', '11', '14500897', 'DIAZ RITA DEL VALLE', '', '', '(3834) 4420421', '1', '3', 'RAMON CLERO AHUMADA2253', 'BELU9CORDI@GMAIL.COM', '0.00', '2024-03-21', '1'), 
      ('344', '344', 'NATURAL', '11', '27450484', 'BRITOS ESTEBAN GABRIEL', '', '', '(3804) 602564', '1', '3', 'PASAJE SUIZA 547 BARRIO TIRO FEDERAL', 'BRITGABRIESTE@GMAIL.COM', '0.00', '2024-03-21', '1'), 
      ('345', '345', 'NATURAL', '11', '17534106', 'ALEJANDRA HEREDIA', '', '', '(3804) 532386', '1', '3', 'AV. SAN FRANCISCO KM8 1\\2 PUERTA DE LA QUEBARADA', 'ALEH_2004@HOTMAIL.COM', '0.00', '2024-03-21', '1'), 
      ('346', '346', 'NATURAL', '11', '16276757', 'SANCHEZ ROBERTINA ANALIA', '', '', '(3834) 253928', '1', '3', 'SAN ANTONIO', '', '0.00', '2024-03-21', '1'), 
      ('347', '347', 'NATURAL', '11', '26373488', 'ANDREA DEL CARMEN CASTELLANOS', '', '', '(3834) 249535', '1', '3', 'CHACABUCO 57', 'CASTELLANOSANDREA283@GMAIL.COM', '0.00', '2024-03-21', '1'), 
      ('348', '348', 'NATURAL', '11', '30275144', 'CARRIZO SONIA', '', '', '(3834) 226629', '1', '3', 'BARRIO 9DE JULIO ', 'SONIAVC-07@HOTMAIL.COM', '0.00', '2024-03-21', '1'), 
      ('349', '349', 'NATURAL', '11', '24363130', 'ABREGU RAMONA DEL VALLE', '', '', '(3834) 295590', '1', '3', 'BARRBARRIO 140VIV NORTE CASA5', '', '0.00', '2024-03-21', '1'), 
      ('350', '350', 'NATURAL', '11', '16667133', 'MAZA SUSANA', '', '', '(3834) 586210', '1', '3', 'CARMEN BARROS S/N SANTA ROSA VALLE VIEJO', 'SUVALLE64@HOTMAIL.COM', '0.00', '2024-03-21', '1'), 
      ('351', '351', 'NATURAL', '11', '4600434', 'MERCADO RAMONA SUSANA', '', '', '(3834) 586210', '1', '3', 'VILLA DOLORES', '', '0.00', '2024-03-21', '1'), 
      ('352', '352', 'NATURAL', '11', '27227253', 'MORENO JUAN PABLO ', '', '', '(3804) 564069', '1', '3', 'CANADA 211 BARRIO VIAL', 'JNPABLO_MORENO@HOTMAIL.COM', '0.00', '2024-03-21', '1'), 
      ('353', '353', 'NATURAL', '11', '38480639', 'ZALAZAR PAULA FLORENCIA', '', '', '(3825) 676071', '1', '3', 'CGT SUR INTERSECCI?N CON QUEBRACHO COLORADO FRENTE AL FALDEO', 'PAULAFLORENCIA90@GMAIL.COM', '0.00', '2024-03-21', '1'), 
      ('354', '354', 'NATURAL', '11', '31201393', 'GOMEZ MARIA BELEN', '', '', '(3804) 677229', '1', '3', 'BARRIO HOSPITAL CALLE ASCASUBI PEAT 506 SECTOR 5 CASA 164', 'CHOCHICG7@GMAIL.COM', '0.00', '2024-03-21', '1'), 
      ('355', '355', 'NATURAL', '11', '26433087', 'GALVAN NATALIA', '', '', '(3834) 014002', '1', '3', 'FLORIDA PASAJE SAN CALLETANO 1563', '', '0.00', '2024-03-21', '1'), 
      ('356', '356', 'NATURAL', '11', '14329995', 'VENEGA MIRTA ', '', '', '(3804) 211882', '1', '3', '1 DE JULIO 108 BARRIO DARDO DE LA VEGA DIAZ', '', '0.00', '2024-03-21', '1'), 
      ('357', '357', 'NATURAL', '11', '27946762', 'VASQUEZ ADRIANA', '', '', '(3804) 388529', '1', '3', 'MZA U CASA 5 BARRIO FALDEO DEL VELAZCO SUR', 'MILYOCAMPO.09@GMAIL.COM', '0.00', '2024-03-21', '1'), 
      ('358', '358', 'NATURAL', '11', '30668250', 'FAJARDO VERONICA', '', '', '(3804) 544766', '1', '3', 'BASE MARGARITA MONOBLOK 4DPTO 2 BARRIO ANTARTIDA 4', '', '0.00', '2024-03-21', '1'), 
      ('359', '359', 'NATURAL', '11', '25118079', 'GRISELDA DOMINGUEZ', '', '', '(3834) 335698', '1', '3', 'BARRIO 80VIV NORTE', 'GRISOL976@HOTMAIL.COM', '0.00', '2024-03-21', '1'), 
      ('360', '360', 'NATURAL', '11', '20314729', 'FERREYRA SANDRA ESTHER ', '', '', '(3804) 771033', '1', '3', 'BARRIO ANTARTIDA , ISLAS ORCADAS 2243', '', '0.00', '2024-03-21', '1'), 
      ('361', '361', 'NATURAL', '11', '26054820', 'GONZALEZ LUCIA ', '', '', '(3804) 568597', '1', '3', 'BARRIO URBANO 4 CALLE P?BLICA MANZANA 1139', 'LUCIAGONZALEZ_04@HOTMAIL.COM', '0.00', '2024-03-21', '1'), 
      ('362', '362', 'NATURAL', '11', '32163157', 'RUIZ SOLEDAD', '', '', '(3804) 386096', '1', '3', 'BARRIO RUCHI CALLE LIMA S/N', '', '0.00', '2024-03-21', '1'), 
      ('363', '363', 'NATURAL', '11', '27363144', 'DE LA PUENTE CARLOS DANIEL', '', '', '(3804) 211089', '1', '3', 'CAPRICORNIO Y AREAS BARRIO TIERRA DE CAUDILLOS', 'DELAPUENTED@ESTRADA.COM.AR', '0.00', '2024-03-21', '1'), 
      ('364', '364', 'NATURAL', '11', '34560886', 'CASTRO LUC?A ROSANA ', '', '', '(3804) 597390', '1', '3', 'SUIPACHA 680 BARRIO COCHANGASTA', 'LUCIAMODA@HOTMAIL.COM', '0.00', '2024-03-21', '1'), 
      ('365', '365', 'NATURAL', '11', '31712732', 'LUNA HEREDIA EMILIO', '', '', '(3804) 462596', '1', '3', 'AV AGELELI 679', 'LUNAHEREDIAEMILIOALEJANDRO@GMAIL.COM', '0.00', '2024-03-21', '1'), 
      ('366', '366', 'NATURAL', '11', '29449247', 'CELADA MARIA', '', '', '(3804) 227318', '1', '3', 'CALLE CECILIA SIMONE Y MISTOL N?2 BARRIO URBANO II', 'MARIACELADA@HOTMAIL.COM', '0.00', '2024-03-21', '1'), 
      ('367', '367', 'NATURAL', '11', '26591168', 'MIRIAN CASTILLO', '', '', '(3834) 346473', '1', '3', 'BARRIO ACHACHAY ', 'MIRIAN78@GMAIL.COM', '0.00', '2024-03-21', '1'), 
      ('368', '368', 'NATURAL', '11', '37743754', 'CRISTIAN BENAVIDEZ', '', '', '(3834) 676608', '1', '3', 'BARRIO ACHACHAY', 'CRISTIANBENAVIDEZ28@GMAIL.COM', '0.00', '2024-03-21', '1'), 
      ('369', '369', 'NATURAL', '11', '24939190', 'MARIA ALICIA GACETUA', '', '', '(3804) 937163', '1', '3', 'QUITO BARRIO JUAN DOMINGO PERON', 'MGSCETUA@GMAIL.COM', '0.00', '2024-03-21', '1'), 
      ('370', '370', 'NATURAL', '11', '31996973', 'BARRERA ANA CAROLINA ', '', '', '(3804) 569935', '1', '3', 'BARRIO ALTA RIOJA PEATONAL 10 CASA 30', 'SOYCARIITOB@HOTMAIL.COM', '0.00', '2024-03-21', '1'), 
      ('371', '371', 'NATURAL', '11', '22219623', 'BARRIONUEVO MARIA EUGENIA', '', '', '(3834) 647702', '1', '3', 'ACHACHAY', '', '0.00', '2024-03-21', '1'), 
      ('372', '372', 'NATURAL', '11', '35503080', 'ROMERO CAROLINA', '', '', '(3804) 928532', '1', '3', 'BARRIO FRANCISCO PRIMEROPRIMERO CALLE PROYECTADA MANZANA 992 CASA 55', 'CAROROME47@GMAIL.COM', '0.00', '2024-03-21', '1'), 
      ('373', '373', 'NATURAL', '11', '36438294', 'PEREZ JAQUELINE DEL VALLE ', '', '', '(3804) 963631', '1', '3', 'BARRIO FRANCISCO PRIMERO CALLE PROYECTADA MANZANA 992 CASA 54', 'JAKI53239@GMAIL.COM', '0.00', '2024-03-21', '1'), 
      ('374', '374', 'NATURAL', '11', '26054483', 'CABRERA PUGLIESE IANINA', '', '', '(3804) 586121', '1', '3', 'CEPEDA NORTE 480. PUERTA LA QUEBRADA', 'CRACABRERAPUGLIESE@GMAIL.COM', '0.00', '2024-03-21', '1'), 
      ('375', '375', 'NATURAL', '11', '36255644', 'YAEL ALI ', '', '', '(3804) 615714', '1', '3', 'PROYECTADA S\\N BARRIO NESTORNESTOR KIRCHNER', 'YAELAMIRA@HOTMAIL.COM', '0.00', '2024-03-21', '1'), 
      ('376', '376', 'NATURAL', '11', '24284196', 'CORZO ALEJANDRA', '', '', '(3804) 816678', '1', '3', 'BARRIO HOSPITAL PEATONAL 107 CASA 31 SECTOR 1', '', '0.00', '2024-03-21', '1'), 
      ('377', '377', 'NATURAL', '11', '31771091', 'HERRERA MARIA CARLA ', '', '', '(3804) 932643', '1', '3', 'AV 30 DE SEPTIEMBRE 254 BARRIO COCHANGASTA ', 'CARLA_H_23@HOTMAIL.COM', '0.00', '2024-03-21', '1'), 
      ('378', '378', 'NATURAL', '11', '31128611', 'BAZAN VANESA ', '', '', '(3804) 375230', '1', '3', 'BARRIO 26 DE MAYO CALLE PUBLICA MANZANA I N?64', '', '0.00', '2024-03-21', '1'), 
      ('379', '379', 'NATURAL', '11', '27014840', 'PEDERIVA MERCEDES ', '', '', '(3804) 931431', '1', '3', 'CALLE MANUEL GALVES 267 BARRIO CEMENTERIO', 'MERPEDERIVA@GMAIL.COM', '0.00', '2024-03-21', '1'), 
      ('380', '380', 'NATURAL', '11', '23519392', 'SOLORZANO SONIA', '', '', '(0381) 4565433', '1', '3', 'EUSEBHIO CANELO 16', 'SONYASOLORZANO@HOTMAIL.COM', '0.00', '2024-03-21', '1'), 
      ('381', '381', 'NATURAL', '11', '27350110', 'LAMAS REINA', '', '', '(3804) 449751', '1', '3', 'BARRIO PARQUE SUR CALLE ANGELILI ESQUINA LAPRIDA', '', '0.00', '2024-03-21', '1'), 
      ('382', '382', 'NATURAL', '11', '23207990', 'REYES MONICA MARCELA', '', '', '(3827) 437549', '1', '3', 'MACHIGASTA DPTO AIMOGASTA ', '', '0.00', '2024-03-21', '1'), 
      ('383', '383', 'NATURAL', '11', '35241608', 'AGUILAR CRISTIAN GABRIEL', '', '', '(3804) 866490', '1', '3', 'VIRREINAS 9004 BARRIO MIRADOR SUR II', 'CGA795@GMAIL.COM', '0.00', '2024-03-21', '1'), 
      ('384', '384', 'NATURAL', '11', '36436148', 'VERGARA GRISELDA BELEN', '', '', '(3804) 104184', '1', '3', 'AV RAMIREZ DE VELAZCO 3422', '', '0.00', '2024-03-21', '1'), 
      ('385', '385', 'NATURAL', '11', '28721456', 'AGUIRRE MARIA DE LOS ANGELES', '', '', '(3834) 270535', '1', '3', 'AV GUEMES', 'AGUIRREMARIAANGEL3004@GMAIL.COM', '0.00', '2024-03-21', '1'), 
      ('386', '386', 'NATURAL', '11', '28243079', 'MARIACA NATALIA', '', '', '(3804) 102280', '1', '3', 'ACONQUIJA 991 BARRIO SAN MART?N', 'NATALIAMARIACA@HOTMAIL.COM', '0.00', '2024-03-21', '1'), 
      ('387', '387', 'NATURAL', '11', '34716841', 'CORDOBA JOHANA MARIBEL', '', '', '(3834) 579180', '1', '3', 'BARRIO PAPA FRANCISCO CALLE SAN JUAN BAUTISTA S/N CAPITAL CATAMARCA', '', '0.00', '2024-03-21', '1'), 
      ('388', '388', 'NATURAL', '11', '38762418', 'FUNES ANTONELA ELISA', '', '', '(3804) 119183', '1', '3', 'BARRIO FALDEO DE VELAZCO SUR CALLE PEDRO BUSTO MANZANA 1005 CASA 28', '', '0.00', '2024-03-21', '1'), 
      ('389', '389', 'NATURAL', '11', '36436459', 'CINTHIA GOMEZ CABRERA', '', '', '(3804) 682463', '1', '3', 'OMBU 60 BARRIO VIVERO NACIONAL', 'GG7001166@GMAIL.COM', '0.00', '2024-03-21', '1'), 
      ('390', '390', 'NATURAL', '11', '26256736', 'PEREA MIRIAN', '', '', '(3834) 524071', '1', '3', 'VICARIO SEGURA 1913', 'MIRIANPERA95@GMAIL.COM', '0.00', '2024-03-21', '1'), 
      ('391', '391', 'NATURAL', '11', '12851217', 'C?RDOBA JULIO ', '', '', '(3804) 490038', '1', '3', 'RED TAMO 37 BARRIO FALDEO SUR', '', '0.00', '2024-03-21', '1'), 
      ('392', '392', 'NATURAL', '11', '24371050', 'GABRIELA ALEJANDRA BIBBO', '', '', '(3804) 497584', '1', '3', 'MZA 1290 CASA 52 BARRIO NESTOR KIRCHNER', 'GABRIELABIBBO@GMAIL.COM', '0.00', '2024-03-21', '1'), 
      ('393', '393', 'NATURAL', '11', '5694032', 'NILDA ELENA REYNALDO', '', '', '(3804) 781156', '1', '3', 'NICARAGUA SIN NUMERO BARRIO VARGAS', '', '0.00', '2024-03-21', '1'), 
      ('394', '394', 'NATURAL', '11', '29189213', 'CALDO GERARDO', '', '', '(3804) 522263', '1', '3', 'BARRIO 8 DE DICIEMBRE CALLE CONTINUACION BASE MARAMBIO', '', '0.00', '2024-03-21', '1'), 
      ('395', '395', 'NATURAL', '11', '24670063', 'MONTES KARINA', '', '', '(3804) 226195', '1', '3', 'PRINCIPAL Y PROYECTADA 3 BARRIO VIRGEN DE LOS CERROS IIII ', '', '0.00', '2024-03-21', '1'), 
      ('396', '396', 'NATURAL', '11', '26054801', 'GARAY RAMONA BEATRIZ ', '', '', '(3804) 136349', '1', '3', 'BARRIO ARGENTINA CALLE CIUDAD DE LA QUIACA', '', '0.00', '2024-03-21', '1'), 
      ('397', '397', 'NATURAL', '11', '32775857', 'MARIA JOSE ROSATI', '', '', '(0381) 6479609', '1', '3', 'BARRIO SMATA', '', '0.00', '2024-03-21', '1'), 
      ('398', '398', 'NATURAL', '11', '36523013', 'DIEGO HERNANDEZ', '', '', '(3804) 294259', '1', '3', 'URBANO 11 MANZANA 965', 'DIEGO_96956@HOTMAIL.COM', '0.00', '2024-03-21', '1'), 
      ('399', '399', 'NATURAL', '11', '27525381', 'SANCHEZ ROXANA ELIZABETH', '', '', '(3834) 256931', '1', '3', 'BENEDICTO RUSSO 1623', 'ROXANAELIZABTHSANCHEZ@HOTMAIL.COM', '0.00', '2024-03-21', '1'), 
      ('400', '400', 'NATURAL', '11', '36436803', 'VERGARA ANA PAULA', '', '', '(3804) 539956', '1', '3', 'BASE MELCHOR 17 BARRIO ANTARTIDA 3 ', 'ANAPAULAVERGARA15@GMAIL.COM', '0.00', '2024-03-21', '1'), 
      ('401', '401', 'NATURAL', '11', '23011823', 'ORELLANA RAMON CARLOS', '', '', '(3834) 737368', '1', '3', 'B SAN JORGE', '', '0.00', '2024-03-21', '1'), 
      ('402', '402', 'NATURAL', '11', '22896900', 'CALVIMONTE MONICA PATRICIA', '', '', '(3834) 390054', '1', '3', 'B LA ESPERANZA', 'CALVIMONTEPATRICIA354@GMAIL.COM', '0.00', '2024-03-21', '1'), 
      ('403', '403', 'NATURAL', '11', '32349254', 'ALAMO MARCELA SOLEDAD', '', '', '(3804) 913184', '1', '3', 'CONTINUACI?N GRANADOS BARRIO 8 DE DICIEMBRE CASA 9016', 'SOLEALAMO29@GMAIL.COM', '0.00', '2024-03-21', '1'), 
      ('404', '404', 'NATURAL', '11', '31030174', 'QUIROGA MARIA EMILIA', '', '', '(0381) 5529100', '1', '3', 'BARRIO MUTUALIDAD PROVINCIAL CASA 6 MZ8', 'EMIMEQ@HOTMAIL.COM', '0.00', '2024-03-21', '1'), 
      ('405', '405', 'NATURAL', '11', '25843867', 'MARIA JOSE QUIROGA', '', '', '(0381) 5482043', '1', '3', 'LOMAS DE TAFI', 'MARIJOQUIROGA1977@GMAIL.COM', '0.00', '2024-03-21', '1'), 
      ('406', '406', 'NATURAL', '11', '33360516', 'CALDERON HERICA GISELLE', '', '', '(3834) 357439', '1', '3', 'AYACUCHO 1237', 'ERIKAS_777@HOTMAIL.COM', '0.00', '2024-03-21', '1'), 
      ('407', '407', 'NATURAL', '11', '23372655', 'ADRIANA GROSSI', '', '', '(3804) 100546', '1', '3', 'PAVON S\\N BARRIO COCHANGASTA', 'ADRI_C_GROSSI@HOTMAIL.COM', '0.00', '2024-03-21', '1'), 
      ('408', '408', 'NATURAL', '11', '31591296', 'DE LA FUENTE SILVIA ELENA', '', '', '(3804) 613785', '1', '3', 'AZTECAS 1071 B FACUNDO QUIROGA', 'ELENADLF29@GMAIL.COM', '0.00', '2024-03-21', '1'), 
      ('409', '409', 'NATURAL', '11', '24309328', 'BRANDAM MONICA BEATRIZ', '', '', '(3834) 963498', '1', '3', 'B JARDIN SUSEX', '', '0.00', '2024-03-21', '1'), 
      ('410', '410', 'NATURAL', '11', '22124298', 'DAVID LOPEZ', '', '', '(0381) 6419524', '1', '3', 'SAN MIGUEL TE TUCUMAN', '', '0.00', '2024-03-21', '1'), 
      ('411', '411', 'NATURAL', '11', '36769613', 'CONTRERAS MARIA ANGELINA', '', '', '(3804) 206821', '1', '3', 'PINCHAS DPTO CASTRO BARROS', '', '0.00', '2024-03-21', '1'), 
      ('412', '412', 'NATURAL', '11', '18608487', 'MASCARE?O MONICA DEL VALLE', '', '', '(3834) 283549', '1', '3', 'B LOS MIRASOLES C/N 8', '', '0.00', '2024-03-21', '1'), 
      ('413', '413', 'NATURAL', '11', '14601579', 'ACOSTA SUSANA MARGARITA', '', '', '(3834) 533437', '1', '3', 'B ELIAS DIAZ EN BA?ADO VALLE VIEJO', 'NADIA.ARAVENA.05@HOTMAIL.COM', '0.00', '2024-03-21', '1'), 
      ('414', '414', 'NATURAL', '11', '30714146', 'CECILIA BRAHIM', '', '', '(3804) 527323', '1', '3', 'MANZANA N CASA 24 BARRIO FALDEO DEL VELAZCO SUR', 'CECILIABRAHIM17@GMAIL.COM', '0.00', '2024-03-21', '1'), 
      ('415', '415', 'NATURAL', '11', '25302444', 'RAMIREZ MARCOS ALEJANDRO', '', '', '(3834) 798477', '1', '3', 'SIN DOMICILIO', '', '0.00', '2024-03-21', '1'), 
      ('416', '416', 'NATURAL', '11', '37623131', 'ORTIZ JOHANA', '', '', '(3804) 605811', '1', '3', 'BARRIO YACAMPI CASA 14', 'DIEGONICOLASFLORES@OUTLOOK.COM', '0.00', '2024-03-21', '1'), 
      ('417', '417', 'NATURAL', '11', '21356532', 'CABRAL HECTOR ALBERTO', '', '', '(3804) 545276', '1', '3', 'BARRIO VIRGEN DEL VALLE PROYECTADA 4 Y 4 MANZANA 35 LOTEO G', '', '0.00', '2024-03-21', '1'), 
      ('418', '418', 'NATURAL', '11', '27053411', 'AREVALO CLAUDIA', '', '', '(3834) 632387', '1', '3', 'SANTA ROSA VALLE VIEJO', '', '0.00', '2024-03-21', '1'), 
      ('419', '419', 'NATURAL', '11', '26593525', 'SARACHO MARIA CECILIA', '', '', '(3834) 502217', '1', '3', 'VALLE CHICO', '', '0.00', '2024-03-21', '1'), 
      ('420', '420', 'NATURAL', '11', '36503771', 'RANGONE GIULIANNA', '', '', '(3804) 555693', '1', '3', 'SANTA CRUZ543 BARRIO SAN MARTIN', 'GIULIANNA03@HOTMAIL.COM', '0.00', '2024-03-21', '1'), 
      ('421', '421', 'NATURAL', '11', '28647492', 'ALANIZ CINTIA', '', '', '(3834) 530406', '1', '3', 'HIPOLIYO IRIGOYEN 2429', 'CECILIA28ALANIZ@GMAIL.COM', '0.00', '2024-03-21', '1'), 
      ('422', '422', 'NATURAL', '11', '34914746', 'ROMERO STELLA MARIS ', '', '', '(3804) 280880', '1', '3', 'CLODULFA OZAN 271 BARRIO 20 DE MAYO', '', '0.00', '2024-03-21', '1'), 
      ('423', '423', 'NATURAL', '11', '27052369', 'CARDENAS SAULA SILVANA', '', '', '(3804) 498171', '1', '3', 'VIAMONTE 1491 B PARQUE SUR', '', '0.00', '2024-03-21', '1'), 
      ('424', '424', 'NATURAL', '11', '31591083', 'MARTINEZ MARCIA', '', '', '(3804) 910162', '1', '3', 'BASE ESPERANZA 1914 BARRIO ANTARTIDA NORTE', 'MARCIIA227@GMAIL.COM', '0.00', '2024-03-21', '1'), 
      ('425', '425', 'NATURAL', '11', '32457021', 'ROJAS LUIS GABRIEL', '', '', '(3834) 395131', '1', '3', 'SIN DOMICILIO', 'LR59213@GMAIL.COM', '0.00', '2024-03-21', '1'), 
      ('426', '426', 'NATURAL', '11', '33091748', 'ESTRADA VALERIA', '', '', '(3309) 1748', '1', '3', 'CIUDADELA', '', '0.00', '2024-03-21', '1'), 
      ('427', '427', 'NATURAL', '11', '23082928', 'RAMONA ISABEL PAEZ', '', '', '(3804) 417944', '1', '3', 'GUILLERMO IRIBARRA BARRIO 20 DE MAYO', 'ISABELPAEZ@HOTMAIL.COM.AR', '0.00', '2024-03-21', '1'), 
      ('428', '428', 'NATURAL', '11', '31888347', 'MERCADO GABRIELA MARISOL', '', '', '(3804) 396017', '1', '3', 'PJE AMISTAD BARRIO TIRO FEDERAL S/N', 'GABY33_MARISOL@OUTLOOK.COM', '0.00', '2024-03-21', '1'), 
      ('429', '429', 'NATURAL', '11', '14899108', 'VEGA BEATRIZ DEL VALLE', '', '', '(3834) 511082', '1', '3', 'CHACABUCO 190', '', '0.00', '2024-03-21', '1'), 
      ('430', '430', 'NATURAL', '11', '21356341', 'QUINTERO MARIA CRISTINA ', '', '', '(3804) 217433', '1', '3', 'CIUDAD DE LA PLATA 2214 BARRIO ARGENTINA', '', '0.00', '2024-03-21', '1'), 
      ('431', '431', 'NATURAL', '11', '33967295', 'NATALIA VANESA LEGIZA', '', '', '(3804) 783479', '1', '3', 'BARRIO JAOQUIN CALLE LOS SAUCES CASA 941', '', '0.00', '2024-03-21', '1'), 
      ('432', '432', 'NATURAL', '11', '28619408', 'DIAZ VALERIA NOEMI', '', '', '(3804) 111194', '1', '3', 'LAPRIDA 429 BARRIO PARQUE SUR', '', '0.00', '2024-03-21', '1'), 
      ('433', '433', 'NATURAL', '11', '264426206', 'RODOLFO CALIVA', '', '', '(0381) 4548873', '1', '3', 'FLORESTA', '', '0.00', '2024-03-21', '1'), 
      ('434', '434', 'NATURAL', '11', '22224841', 'ACTIS MARTA ALICIA', '', '', '(3834) 906400', '1', '3', 'B48VIV NORTE CASA25', 'MARTAACTISALICIA@GMAIL.COM', '0.00', '2024-03-21', '1'), 
      ('435', '435', 'NATURAL', '11', '36035460', 'MENDEZ IVANA ', '', '', '(3804) 496537', '1', '3', 'FALUCHO 3573 BARRIO LIBERTADOR', 'IVI_49_45@HOTMAIL.COM', '0.00', '2024-03-21', '1'), 
      ('436', '436', 'NATURAL', '11', '35389956', 'ACOSTA LEONARDO', '', '', '(3835) 699628', '1', '3', 'SAUJIL', 'POMAN20153@GMAIL.COM', '0.00', '2024-03-21', '1'), 
      ('437', '437', 'NATURAL', '11', '33749913', 'ROMERO ANA MARCELA', '', '', '(3804) 135758', '1', '3', 'MARIANO MORENO 49 BARRIO CENTRO', 'MARCELAROMERO525@GMAIL.COM', '0.00', '2024-03-21', '1'), 
      ('438', '438', 'NATURAL', '11', '28826371', 'ACOSTA MARIA JOSE', '', '', '(3834) 013847', '1', '3', 'B111VIV NORTE CASA8', 'MAJOBENLUIS@GMAIL.COM', '0.00', '2024-03-21', '1'), 
      ('439', '439', 'NATURAL', '11', '39297712', 'POLIZZI SUAYTER VIRGINIA', '', '', '(3804) 374618', '1', '3', 'SAN NICOLAS DE BARI OESTE 318 ', 'POLIZZISV@GMAIL.COM', '0.00', '2024-03-21', '1'), 
      ('440', '440', 'NATURAL', '11', '25302775', 'SEGOVIA MARGARITA', '', '', '(3834) 681079', '1', '3', 'RIO EL TALA103', 'MIBELLAFLORDELAIRE@HOTMAIL.COM', '0.00', '2024-03-21', '1'), 
      ('441', '441', 'NATURAL', '11', '13707406', 'CARRIZO GRACIELA DEL VALLE', '', '', '(3834) 965035', '1', '3', 'NUEVA CONETA', '', '0.00', '2024-03-21', '1'), 
      ('442', '442', 'NATURAL', '11', '25213644', 'MARIA ALEJANDRA RODRIGUEZ', '', '', '(0381) 6514303', '1', '3', 'YERBA BUENA', '', '0.00', '2024-03-21', '1'), 
      ('443', '443', 'NATURAL', '11', '23016053', 'SANCHEZ ESTRELLA DANIELA', '', '', '(3804) 431191', '1', '3', 'BARRIO ANTARTIDA 2 CALLE BASE ESPERANZA S\\N', '', '0.00', '2024-03-21', '1'), 
      ('444', '444', 'NATURAL', '11', '28348839', 'DAVILA SILVANA', '', '', '(3804) 620510', '1', '3', 'BARRIO FERROVIARIO', '', '0.00', '2024-03-21', '1'), 
      ('445', '445', 'NATURAL', '11', '27595390', 'VILLA PATRICIA', '', '', '(0381) 5623351', '1', '3', '9 DE JULIO 194', '', '0.00', '2024-03-21', '1'), 
      ('446', '446', 'NATURAL', '11', '16176345', 'MONICA JUANA ABRAMOVICH', '', '', '', '1', '3', 'CAPITAL', 'MOJABRA@HOTMAIL.COM', '0.00', '2024-03-21', '1'), 
      ('447', '447', 'NATURAL', '11', '24579973', 'PE?A ADRIANA GRACIELA', '', '', '(3804) 851920', '1', '3', 'CASA 9 B SAN CAYETANO ANILLACO', 'ADRIANARUSSA76@GMAIL.COM', '0.00', '2024-03-21', '1'), 
      ('448', '448', 'NATURAL', '11', '36436789', 'BAZAN MARIA BELEN', '', '', '(3804) 777293', '1', '3', 'MISIONES 512 ESQ SANTA CRUZ BARRIO SAN MARTIN', '', '0.00', '2024-03-21', '1'), 
      ('449', '449', 'NATURAL', '11', '23020979', 'MARIA FERNANDA GABRIELA ', '', '', '(9815) 852861', '1', '3', 'MANANTIAL', '', '0.00', '2024-03-21', '1'), 
      ('450', '450', 'NATURAL', '11', '26054366', 'BARRIONUEVO ANDREA GABRIELA', '', '', '(3804) 801220', '1', '3', 'SOBERAN?A NACIONAL 9001 BARRIO LEGISLATIVO', '1977ANDREAGABRIELA@GMAIL.COM', '0.00', '2024-03-21', '1'), 
      ('451', '451', 'NATURAL', '11', '25737087', 'HERRERA YOLANDA DEL VALLE', '', '', '(3804) 351368', '1', '3', 'AV.ALEM Y 12 DEOCTUBRE BARRIO DE VARGAS', 'YOLYH273@GMAIL.COM', '0.00', '2024-03-21', '1'), 
      ('452', '452', 'NATURAL', '11', '25617420', 'MOESCH SONIA INGRID', '', '', '(3826) 401290', '1', '3', 'MZA N4 CASA 41 B EMELI BESTANI', '', '0.00', '2024-03-21', '1'), 
      ('453', '453', 'NATURAL', '11', '11856788', 'CASAS ALBERTO', '', '', '(3804) 368942', '1', '3', 'BARRIOBARRIO HOSPITAL PEAT 202 CASA 129', '', '0.00', '2024-03-21', '1'), 
      ('454', '454', 'NATURAL', '11', '37653858', 'OLMOS GISELLA ', '', '', '(3804) 344959', '1', '3', 'BARRIO ANTARTIDA 4 CASA 31', 'GGGIOLMOS.11@HOTMAIL.COM', '0.00', '2024-03-21', '1'), 
      ('455', '455', 'NATURAL', '11', '30569691', 'RUARTES MARTINEZ MARIA BELEN', '', '', '(3804) 320358', '1', '3', 'AV RAMIREZ DE VELAZCO 1252', 'MARIABELENRUARTES@GMAIL.COM', '0.00', '2024-03-21', '1'), 
      ('456', '456', 'NATURAL', '11', '31712831', 'DIAZ DAVID ', '', '', '(3804) 947518', '1', '3', 'AV SAN NICOLAS DE BARI ESTE S/N ENTRE PROV DE LA PAMPA Y MENDOZA', 'FANATIKORN@YAHOO.COM.AR', '0.00', '2024-03-21', '1'), 
      ('457', '457', 'NATURAL', '11', '33609973', 'CONTRERAS JESICA', '', '', '(3804) 131072', '1', '3', 'AV ALEM 587 BARRIO VARGAS', 'NATYCON88@GMAIL.COM', '0.00', '2024-03-21', '1'), 
      ('458', '458', 'NATURAL', '11', '21830350', 'ABREGU BEATRIZ', '', '', '(3834) 010634', '1', '3', 'MALVINAS NORTE', '', '0.00', '2024-03-21', '1'), 
      ('459', '459', 'NATURAL', '11', '10963911', 'COLLANTE ROSA', '', '', '(3834) 008171', '1', '3', 'POZO EL MISTOL', '', '0.00', '2024-03-21', '1'), 
      ('460', '460', 'NATURAL', '11', '22429463', 'GORDILLO SUSANA NOEMI', '', '', '(0381) 6438236', '1', '3', 'DIAGONAL FACUNDO QUIROGA 2500', '', '0.00', '2024-03-21', '1'), 
      ('461', '461', 'NATURAL', '11', '34193388', 'MARTINEZ MARIA MELINA', '', '', '(3804) 819730', '1', '3', 'BARRIO 29 DE JULIO CALLE PUBLICA S/N CASA 6', 'MELIMARTINEZ2014@HOTMAIL.COM', '0.00', '2024-03-21', '1'), 
      ('462', '462', 'NATURAL', '11', '37554077', 'FERNANDEZ CARLA ', '', '', '(3834) 054243', '1', '3', 'B 50 VIV SAN ISIDRO', '', '0.00', '2024-03-21', '1'), 
      ('463', '463', 'NATURAL', '11', '27882290', 'SANCHEZ KARINA YOLANDA', '', '', '(3834) 983362', '1', '3', 'FACUNDO QUIROGA', 'KAROSAN290@GMAIL.COM', '0.00', '2024-03-21', '1'), 
      ('464', '464', 'NATURAL', '11', '34716681', 'CARRIZO TULA NADIA NOELIA', '', '', '(3834) 441305', '1', '3', 'LA CHACARITA', 'NADIANOELIACT@HOTMAIL.COM', '0.00', '2024-03-21', '1'), 
      ('465', '465', 'NATURAL', '11', '33749699', 'CAMPO DANIELA', '', '', '(3804) 785671', '1', '3', 'AV RAMIREZ DE VELAZCO KM 71/2', 'CAMPODANIELA821@GMAIL.COM', '0.00', '2024-03-21', '1'), 
      ('466', '466', 'NATURAL', '11', '34328542', 'HERRERA MARIA CANDELA', '', '', '(3804) 924403', '1', '3', 'BARRIO YACAMPI CONTINUACION SANAGUA CASA 14', '', '0.00', '2024-03-21', '1'), 
      ('467', '467', 'NATURAL', '11', '17376907', 'NORMA SAMORA', '', '', '(0381) 4323308', '1', '3', 'BARRIO EL BOSQUE', 'SAMORANORMA@GMAIL.COM', '0.00', '2024-03-21', '1'), 
      ('468', '468', 'NATURAL', '11', '30152781', 'BRITO CAROLINA', '', '', '(0381) 6394032', '1', '3', 'SANTIAGO 2553', 'KRO_2_22@HOTMAIL.COM', '0.00', '2024-03-21', '1'), 
      ('469', '469', 'NATURAL', '11', '24110853', 'IONADI EDITH', '', '', '(3804) 282877', '1', '3', 'CHUQUISACA 9130 BARRIO COCHANGASTA', 'EDITH.IONADI@GMAIL.COM', '0.00', '2024-03-21', '1'), 
      ('470', '470', 'NATURAL', '11', '37655739', 'SANCHEZ CYNTHIA', '', '', '(3804) 349282', '1', '3', 'IRIBARREN 848 BARRIO 20 DE MAYO', 'CS7534648@GMAIL.COM', '0.00', '2024-03-21', '1'), 
      ('471', '471', 'NATURAL', '11', '27515261', 'VALDES NATALIA DEL VALLE', '', '', '(3804) 948526', '1', '3', 'SAN LUIS 330 BARRIO SAN MARTIN', '', '0.00', '2024-03-21', '1'), 
      ('472', '472', 'NATURAL', '11', '1600784790', 'LOBO ROSA FATIMA', '', '', '(0381) 4684858', '1', '3', 'BARRIO POLICIAL 3', '', '0.00', '2024-03-21', '1'), 
      ('473', '473', 'NATURAL', '11', '26336136', 'DE LA VEGA PAOLA', '', '', '(3804) 397884', '1', '3', 'CALLE PUBLICA S/N LA QUEBRADA', 'PAOLADELAVEGA13@GMAIL.COM', '0.00', '2024-03-21', '1'), 
      ('474', '474', 'NATURAL', '11', '17125312', 'CORONEL SUSANA EDITH', '', '', '(3834) 064264', '1', '3', 'FELIX AVELLANEDA S/N SUMALAO VALLE VIEJO', 'CORONELSUSY8@GMAIL.COM', '0.00', '2024-03-21', '1'), 
      ('475', '475', 'NATURAL', '11', '27594953', 'TOLEDO MARIA DE LOS ANGELES', '', '', '(0381) 370805', '1', '3', 'BARRIO SOEME MANZANA 7 CASA 8', '', '0.00', '2024-03-21', '1'), 
      ('476', '476', 'NATURAL', '11', '29244909', 'ROSANA SUAREZ', '', '', '(0381) 3814168', '1', '3', 'SAN MIGUEL DE TUCUMAN', '', '0.00', '2024-03-21', '1'), 
      ('477', '477', 'NATURAL', '11', '23518382', 'ANALIA RIONDA', '', '', '(0381) 4684437', '1', '3', 'ZONA SUR', 'ANAROJ73@GMAIL.COM', '0.00', '2024-03-21', '1'), 
      ('478', '478', 'NATURAL', '11', '36839443', 'JULIETA PAEZ', '', '', '(0381) 3931856', '1', '3', '9 DE JMULIO 839', '', '0.00', '2024-03-21', '1'), 
      ('479', '479', 'NATURAL', '11', '32681643', 'CORNEJO DANIEL ALBERTO', '', '', '(3834) 996234', '1', '3', 'CORONEL FRANCISCO OLMOS 112 BARRIO VILLA REYES -CATAMARCA CAPITAL', 'DANIELCORNEJO112@GMAIL.COM', '0.00', '2024-03-21', '1'), 
      ('480', '480', 'NATURAL', '11', '14986017', 'CARLOS ALMIDON', '', '', '(3886) 652106', '1', '3', 'PJE. AMBROSIO 1481', 'PROFECARLOSALMIDON@HOTMAIL.COM', '0.00', '2024-03-21', '1'), 
      ('481', '481', 'NATURAL', '11', '28619862', 'BARRIONUEVO ROQUE MARTIN', '', '', '(3804) 147715', '1', '3', 'BARRIO HOSPITAL SECTOR 3 PEATONAL 303CASA 13', '', '0.00', '2024-03-21', '1'), 
      ('482', '482', 'NATURAL', '11', '29742749', 'CANO CLAUDIA PAOLA', '', '', '(3834) 549474', '1', '3', 'SALTA976', 'CLAUDIA_7883@HOTMAIL.COM', '0.00', '2024-03-21', '1'), 
      ('483', '483', 'NATURAL', '11', '20422548', 'NORRY HECTOR', '', '', '(0381) 3459452', '1', '3', 'SAN MIGUEL DE TUCUMAN', 'NORRYHECTOR@GMAIL.COM', '0.00', '2024-03-21', '1'), 
      ('484', '484', 'NATURAL', '11', '38225102', 'BAZAN DELICIA', '', '', '(3834) 961656', '1', '3', 'PADRE GAVICA SANCHEZ DE LORIA', '', '0.00', '2024-03-21', '1'), 
      ('485', '485', 'NATURAL', '11', '25412095', 'FERNANDEZ NELSON', '', '', '(3804) 265236', '1', '3', 'RUTA 5 KM 6 1\\2', 'FON-COMPRAVENTA@LIFE.COM.AR', '0.00', '2024-03-21', '1'), 
      ('486', '486', 'NATURAL', '11', '14035461', 'SERGIO CUELLO', '', '', '(3804) 538624', '1', '3', 'LOS GRANADOS 77 BARRIOBARRIO HABITAT', 'AGROKOSLAY@YAHOO.COM.AR', '0.00', '2024-03-21', '1'), 
      ('487', '487', 'NATURAL', '11', '39701111', 'CARRIZO MARIA BELEN', '', '', '(3804) 372126', '1', '3', 'CAPDEVILA Y TALAMPAYA CASA 6 BARRIO RICARDO PRIMERO ', 'BEL.TRULALA32@GMAIL.COM', '0.00', '2024-03-21', '1'), 
      ('488', '488', 'NATURAL', '11', '22031220', 'CARMEN DEL VALLE HELGUERA', '', '', '(0381) 3645513', '1', '3', 'OBISPO COLOMBRE', '', '0.00', '2024-03-21', '1'), 
      ('489', '489', 'NATURAL', '11', '28995040', 'CORDOBA COSTANTINO IVANA DEL VALLE', '', '', '(3834) 269000', '1', '3', 'CONESSA 1692', 'IVANSCORDOBA81@HOTMAIL.COM', '0.00', '2024-03-21', '1'), 
      ('490', '490', 'NATURAL', '11', '22383882', 'MANRIQUE JOSE DANIEL', '', '', '(3804) 222957', '1', '3', 'CAAGUAZU 175 BARRIO ALTOS AMERICANOS', '', '0.00', '2024-03-21', '1'), 
      ('491', '491', 'NATURAL', '11', '26209499', 'ROXANA ORTIZ BARGAS', '', '', '(0381) 5335413', '1', '3', 'BARRIO SAN FRANCISCO CAPITAL', 'ROXANAMELLISORTIZ@GMAIL.COM', '0.00', '2024-03-21', '1'), 
      ('492', '492', 'NATURAL', '11', '30107864', 'GOMEZ GILDA', '', '', '(3834) 598610', '1', '3', 'AV BENAVIDES CASA 13 BARRIO SMITH', 'GILDAGOMEZZ@HOTMAIL.COM', '0.00', '2024-03-21', '1'), 
      ('493', '493', 'NATURAL', '11', '25483162', 'HERRERA NILDA', '', '', '(3834) 014957', '1', '3', 'B VILLA BOSCH', 'HERRERANILDA26@GMAIL.COM', '0.00', '2024-03-21', '1'), 
      ('494', '494', 'NATURAL', '11', '24018788', 'BARTOLI LUIS', '', '', '(3804) 210915', '1', '3', 'ALEM 371', 'LUISRVBARTOLI@OUTLOOK.COM', '0.00', '2024-03-21', '1'), 
      ('495', '495', 'NATURAL', '11', '42940150', 'ALBARRACIN CAMILA ROCIO', '', '', '(3834) 011906', '1', '3', 'B144VIV CASA,74', 'CAAMILAALBARRACIN@HOTMAIL.COM', '0.00', '2024-03-21', '1'), 
      ('496', '496', 'NATURAL', '11', '34869873', 'NIETO YOEL', '', '', '(3804) 916271', '1', '3', 'BARRIO LA ROTONDA DE LAS BANDERAS CASA 50 CALLE OCTAVIOOCTAVIO DE LA COLINA', '', '0.00', '2024-03-21', '1'), 
      ('497', '497', 'NATURAL', '11', '22714303', 'VERA JUANA CARINA DEL VALLE', '', '', '(3804) 386410', '1', '3', 'BARRIO HOSPITAL CASACASA 110 SECTOR 3', 'JUANAACARINA123@HOTMAIL.COM', '0.00', '2024-03-21', '1'), 
      ('498', '498', 'NATURAL', '11', '33540536', 'BARQUET MELANIA', '', '', '(0381) 6125581', '1', '3', 'FLORIDA 1057', 'MELANIII2300@GMAIL.COM', '0.00', '2024-03-21', '1'), 
      ('499', '499', 'NATURAL', '11', '26054931', 'AVILA REARTE JIMENA', '', '', '(3804) 243471', '1', '3', 'AV SANTA ROSA ESQ AV RAMON NAVARRO CASA 24', 'JIMENAAVILAREARTE@OUTLOOK.COM', '0.00', '2024-03-21', '1'), 
      ('500', '500', 'NATURAL', '11', '39298357', 'FLORES PEREYRA DAYANA MARISABEL ', '', '', '(3804) 258848', '1', '3', 'PJE SAN CAYETANO 1255 BARRIO SAN RAMON', '', '0.00', '2024-03-21', '1'), 
      ('501', '501', 'NATURAL', '11', '28404279', 'PAEZ ANALIA', '', '', '(3834) 361901', '1', '3', 'BARRIO SAN FERNANDO C29', '', '0.00', '2024-03-21', '1'), 
      ('502', '502', 'NATURAL', '11', '94234542', 'CARRACO ROJAS SYLVIA ', '', '', '(3804) 937026', '1', '3', 'BENJAMIN DE LA VEGA 388 ', 'CECI_2812@HOTMAIL.COM', '0.00', '2024-03-21', '1'), 
      ('503', '503', 'NATURAL', '11', '32804762', 'DIAZ SOFIA', '', '', '(0381) 4028292', '1', '3', 'SAN MIGUEL DE TUCUMAN', 'SOFIALAU8887@GMAIL.COM', '0.00', '2024-03-21', '1'), 
      ('504', '504', 'NATURAL', '11', '31130443', 'LUNA EMILIANO', '', '', '(3804) 219656', '1', '3', 'BARRIO NESTOR KIRCHNER MZA 1256 CASA 45', 'EMI-LUNA@HOTMAIL.COM', '0.00', '2024-03-21', '1'), 
      ('505', '505', 'NATURAL', '11', '35241291', 'GRANILLO EMANUEL NICOLAS', '', '', '(3804) 784549', '1', '3', 'LOS MAESTROS S/N SANAGASTA', 'EMANUEL_06_22@HOTMAIL.COM', '0.00', '2024-03-21', '1'), 
      ('506', '506', 'NATURAL', '11', '32367998', 'PACHECO PAOLA', '', '', '(3834) 008591', '1', '3', 'CALLE JOSE ESPECHE VALLE VIEJO', 'PAO.ALE.PACHEVO@GMAIL.COM', '0.00', '2024-03-21', '1'), 
      ('507', '507', 'NATURAL', '11', '16567375', 'ORQUERA RAMONA', '', '', '', '1', '3', 'BARRIO HOSPITAL CASA 60 SECTOR 2', '', '0.00', '2024-03-21', '1'), 
      ('508', '508', 'NATURAL', '11', '28106550', 'CEJAS YANINA VALERIA', '', '', '(3804) 915272', '1', '3', 'BARRIO FALDEO DEL VELAZCO MZA N CASA 3', 'VCEJAS25@GMAIL.COM', '0.00', '2024-03-21', '1'), 
      ('509', '509', 'NATURAL', '11', '24091001', 'LARA SILVANA', '', '', '(3804) 269142', '1', '3', 'HONDURAS 615 BARRIO VARGAS', 'SNOEL.LARA@GMAIL.COM', '0.00', '2024-03-21', '1'), 
      ('510', '510', 'NATURAL', '11', '32903809', 'GUZMAN BRENDA NATACHA', '', '', '(3804) 376104', '1', '3', 'VICENTE BUSTOS 316 BARRIO SAN ROMAN', 'GNATTACHA@HOTMAIL.COM', '0.00', '2024-03-21', '1'), 
      ('511', '511', 'NATURAL', '11', '31771048', 'MENEM YAMILA', '', '', '(3804) 619894', '1', '3', 'CARMEN DE BARRIONUEVO CASA 3 BARRIO MIS MONTA?A', 'YAMILAMENEM@YAHOO.COM.AR', '0.00', '2024-03-21', '1'), 
      ('512', '512', 'NATURAL', '11', '20588438', 'CORDOBA CLAUDIA PATRICIA DEL VALLE', '', '', '(3834) 214705', '1', '3', 'BARRIO SAN ISIDRO S/N CHUMBICHA - DPTO CAPAYAN', '', '0.00', '2024-03-21', '1'), 
      ('513', '513', 'NATURAL', '11', '24579220', 'GOMEZ MARIA FLORENCIA', '', '', '(3804) 274042', '1', '3', 'JARILLA CASA 5 BARRIO FALDEO SUR', 'FLOR_GOMEX@HOTMAIL.COM', '0.00', '2024-03-21', '1'), 
      ('514', '514', 'NATURAL', '11', '27351837', 'AMAYA LORENA KARINA DEL VALLE', '', '', '(3834) 331761', '1', '3', 'BARRIO SAN MARTIN DE PORRES 383', 'LORENAK_AMAYA@HOTMAIL.COM', '0.00', '2024-03-21', '1'), 
      ('515', '515', 'NATURAL', '11', '31170897', 'LUJAN ANA BELEN', '', '', '(3804) 657719', '1', '3', 'BARRIO 25 DE MAYO SUR CALLE ?NICA 2928', 'ANABELENLUJAN23@GMAIL.COM', '0.00', '2024-03-21', '1'), 
      ('516', '516', 'NATURAL', '11', '29437627', 'NANCY SANTANDER', '', '', '(3816) 577240', '1', '3', 'LOS RALOS ', '', '0.00', '2024-03-21', '1'), 
      ('517', '517', 'NATURAL', '11', '13247321', 'FELISA OCARANZA', '', '', '(0381) 5609842', '1', '3', 'SAN MIGUEL DE TUCUMAN', '', '0.00', '2024-03-21', '1'), 
      ('518', '518', 'NATURAL', '11', '37493810', 'POLIZZI SUAYTER VELENTIN', '', '', '(3804) 529636', '1', '3', 'SAN NICOLAS DE BARI 318 B CENTRO', 'VALE.POLIZZI@HOTMAIL.COM', '0.00', '2024-03-21', '1'), 
      ('519', '519', 'NATURAL', '11', '11707776', 'MIRTA JURI', '', '', '(0381) 5022970', '1', '3', 'LAMADARID 1649', '', '0.00', '2024-03-21', '1'), 
      ('520', '520', 'NATURAL', '11', '29995412', 'CARRIZO CINTIA', '', '', '(3804) 320142', '1', '3', 'BARRIO VIRGEN DE GUADALUPE CASA 44', 'CARRIZO.CINTIA807@HOTMAIL.COM', '0.00', '2024-03-21', '1'), 
      ('521', '521', 'NATURAL', '11', '11007776', 'MIRTA JURI', '', '', '(0381) 5022970', '1', '3', 'LAMADRID 1649', '', '0.00', '2024-03-21', '1'), 
      ('522', '522', 'NATURAL', '11', '39299267', 'GALLARDO JULIETA', '', '', '(3804) 526229', '1', '3', 'EXRUTA 38 BARRIO LOS SEMBRADORES CASA 900', 'JULIMAILEN15@GMAILGMAIL.COM', '0.00', '2024-03-21', '1'), 
      ('523', '523', 'NATURAL', '11', '25741470', 'ELIAS DANTE ', '', '', '(0381) 4593447', '1', '3', 'SAN MIGUEL TUCUMAN', '', '0.00', '2024-03-21', '1'), 
      ('524', '524', 'NATURAL', '11', '21892587', 'TITOS JULIA MONICA', '', '', '(3804) 526013', '1', '3', 'CABO PRIMERO RODRIGUEZ PJE LA VIRGEN DE LOS 3 CERRITOS SAN VICENTE ', '', '0.00', '2024-03-21', '1'), 
      ('525', '525', 'NATURAL', '11', '32163755', 'DIAZ YANINA', '', '', '(3804) 594425', '1', '3', 'CALLE YATASTO S/N BARRIO LA FLORIDA', 'URU_35@HOTMAIL.COM', '0.00', '2024-03-21', '1'), 
      ('526', '526', 'NATURAL', '11', '1200051107', 'GONZALEZ ISABEL', '', '', '(0381) 3010045', '1', '3', 'SAN CAYETANO', '', '0.00', '2024-03-21', '1'), 
      ('527', '527', 'NATURAL', '11', '29649802', 'BUSTO FACUNDO', '', '', '(3804) 495550', '1', '3', 'MALANZAN BARRIO CENTRO CALLE SAN MARTIN S/N', 'FAC83BUSTO@HOTMAIL.COM', '0.00', '2024-03-21', '1'), 
      ('528', '528', 'NATURAL', '11', '5304294', 'TEVEZ NORMA ', '', '', '(3804) 434656', '1', '3', 'PJE CANADA 2017 BARRIO VIAL', '', '0.00', '2024-03-21', '1'), 
      ('529', '529', 'NATURAL', '11', '30569845', 'FUENTES RODRIGUEZ NATALIA', '', '', '(3804) 219054', '1', '3', 'ASPIRANTE GARCIA 2451', 'NATALIAFUENTESLARIOJA@GMAIL.COM', '0.00', '2024-03-21', '1'), 
      ('530', '530', 'NATURAL', '11', '31712961', 'ALAMO ROMINA ELIZABETH ', '', '', '(3804) 648032', '1', '3', 'CALLE ISLA JUBANI 64 BARRIO ANTARTIDA 3', 'ALAMIROMINA77@GMAIL.COM', '0.00', '2024-03-21', '1'), 
      ('531', '531', 'NATURAL', '11', '16285735', 'GALVAN PAULA ', '', '', '(3804) 730826', '1', '3', 'VILLA SANAGASTA S/N BARRIO CENTRO', '', '0.00', '2024-03-21', '1'), 
      ('532', '532', 'NATURAL', '11', '31069903', 'GOMEZ RICARDO NICOLAS ', '', '', '(3804) 217411', '1', '3', 'LA PAZ 9280 BARRIO PANAMERICANO', 'RICARDO.GOMEZ919@GMAIL.COM', '0.00', '2024-03-21', '1'), 
      ('533', '533', 'NATURAL', '11', '34914589', 'MANESTAR JOHANA ', '', '', '(3804) 696951', '1', '3', 'LOS AZAHARES 72 BARRIO LOS NARANJOS', 'JOHANAMANESTAR@GMAIL.COM', '0.00', '2024-03-21', '1'), 
      ('534', '534', 'NATURAL', '11', '27513412', 'NIEVAS GLADYS KARYNA', '', '', '(3804) 219805', '1', '3', 'ECUADOR S/N BARRIO VIVERO NACIONAL ', 'GLADYS.NIEVAS@YAHOO.COM.ES', '0.00', '2024-03-21', '1'), 
      ('535', '535', 'NATURAL', '11', '34061754', 'ONTIVERO MARIA FLORENCIA', '', '', '(3804) 926718', '1', '3', 'CALLE PUBLICA 3 BARRIO MARIA AUGUSTA', 'MARIAONTIVERO60@GMAIL.COM', '0.00', '2024-03-21', '1'), 
      ('536', '536', 'NATURAL', '11', '33431819', 'CINTHYA GUARDIA', '', '', '(0381) 4019133', '1', '3', 'DIEGOS DE ROJAS 144', 'CYN_GCR@HOTMAIL.COM', '0.00', '2024-03-21', '1'), 
      ('537', '537', 'NATURAL', '11', '92672225', 'LOPEZ Y MIGUEL MARIA DEL PILAR', '', '', '(0381) 4252975', '1', '3', 'SAN MIGUEL DE TUCUMAN', 'MPILILOPEZ@HOTMAIL.COM', '0.00', '2024-03-21', '1'), 
      ('538', '538', 'NATURAL', '11', '35284473', 'CORROZA MARTINEZ NATALIA LORENA', '', '', '(3804) 766831', '1', '3', 'BARRIO CEMENTERIO CALLE CESAR CARRIZO 616', '', '0.00', '2024-03-21', '1'), 
      ('539', '539', 'NATURAL', '11', '33394355', 'QUINTEROS MARCIA', '', '', '(3804) 628128', '1', '3', 'ECUADOR S/N BARRIO VIAL', 'MDQ1001@GMAIL.COM', '0.00', '2024-03-21', '1'), 
      ('540', '540', 'NATURAL', '11', '93252343', 'MAZA FERN?NDEZ VER?NICA VALERIA', '', '', '(3804) 586120', '1', '3', 'MOLLE MZA N CASA 22 BARRIO FALDEO DEL VELAZCO SUR (ESQUINA BREA)', 'VERONICAMAZA79@HOTMAIL.COM', '0.00', '2024-03-21', '1'), 
      ('541', '541', 'NATURAL', '11', '28896086', 'TANQUIA FEDERICO GASTON ', '', '', '(3804) 103772', '1', '3', 'ALBERDI 114 BARRIO CENTRO', '', '0.00', '2024-03-21', '1'), 
      ('542', '542', 'NATURAL', '11', '25225934', 'SEMERARO CAROLINA PAOLA', '', '', '(3804) 208058', '1', '3', 'BARRIO NESTOR KIRCHNER CASA 1 MZA 1268', 'CAROLINASEMERARO@HOTMAIL.COM', '0.00', '2024-03-21', '1'), 
      ('543', '543', 'NATURAL', '11', '22797284', 'GOMEZ VICTOR DANTE', '', '', '(3804) 799046', '1', '3', 'SABRAN HERRERA 1728 BARRIO JARDIN NORTE', 'VICTORDANTE520@GMAIL.COM', '0.00', '2024-03-21', '1'), 
      ('544', '544', 'NATURAL', '11', '25225972', 'VILLAFA?E KARINA', '', '', '(3804) 799168', '1', '3', 'CALLE VILLA UNION Y PROYECTADA S/N BARRIO SOCIEDAD RURAL', '', '0.00', '2024-03-21', '1'), 
      ('545', '545', 'NATURAL', '11', '11762508', 'LUISA SALVATIERRA', '', '', '(0381) 4273672', '1', '3', 'COLMENAR', '', '0.00', '2024-03-21', '1'), 
      ('546', '546', 'NATURAL', '11', '22135302', 'NIEVA ARIEL GERMAN', '', '', '(3804) 449446', '1', '3', 'GUEMES 334', 'GERMAN1234@GMAIL.COM', '0.00', '2024-03-21', '1'), 
      ('547', '547', 'NATURAL', '11', '36829557', 'BELEN HASSAN ', '', '', '(3804) 217964', '1', '3', 'CONTINUACION JURAMENTO 725 ', 'BELUU_7@HOTMAIL.COM', '0.00', '2024-03-21', '1'), 
      ('548', '548', 'NATURAL', '11', '23168139', 'SEFERINA DEL CARMEN VERA', '', '', '(3804) 613790', '1', '3', 'COSTANERA ESQUINA PUBLICA BARRIO ALTO DE SAN MARTIN', 'SEFEDJ@HOTMAIL.COM', '0.00', '2024-03-21', '1'), 
      ('549', '549', 'NATURAL', '11', '32602013', 'IVANA GRAMAJO', '', '', '(0381) 3604385', '1', '3', 'PASAJE VIEYTES 2053', '', '0.00', '2024-03-21', '1'), 
      ('550', '550', 'NATURAL', '11', '14352172', 'MARTA LUCIA VEGA', '', '', '(3815) 356637', '1', '3', 'BOLIVIA 834', '', '0.00', '2024-03-21', '1'), 
      ('551', '551', 'NATURAL', '11', '27650232', 'FERNANDEZ DE LA VEGA CLAUDIA', '', '', '(3804) 251530', '1', '3', 'PROYECTADA S/N BARRIO CENTRO COMERCIAL ', 'CLAUDIADELAVEGA0709@GMAIL.COM', '0.00', '2024-03-21', '1'), 
      ('552', '552', 'NATURAL', '11', '23352296', 'FERN?NDEZ MARIA DE LOS ANGELES', '', '', '(3804) 270106', '1', '3', 'CABO PEREZ 55 BARRIO 4 DE JUNIO', 'MARYANGELESFERNANDEZ@HOTMAIL.COM.AR', '0.00', '2024-03-21', '1'), 
      ('553', '553', 'NATURAL', '11', '17377877', 'JUAN SIMON MORALES', '', '', '(0381) 3485525', '1', '3', 'YERBA BUENA', '', '0.00', '2024-03-21', '1'), 
      ('554', '554', 'NATURAL', '11', '32201511', 'PATRICIO DIAZ', '', '', '(0381) 3502596', '1', '3', '9 DE JULIO 1135', 'PATRICIOGERARDODIAZ@GMAIL.COM', '0.00', '2024-03-21', '1'), 
      ('555', '555', 'NATURAL', '11', '32449717', 'OLIVA PAMELA', '', '', '(3804) 588089', '1', '3', 'BARRIO BEJAMIN RINCON CALLE CHILE 271', 'PAMELAOLIVA0515@GMAIL.COM', '0.00', '2024-03-21', '1'), 
      ('556', '556', 'NATURAL', '11', '23977352', 'MARIA DEL CARMEN DIAZ ARIZA', '', '', '(3804) 534202', '1', '3', 'FALDEO SUR MANZANA I CASA 17', 'MDIAZARIZA@HOTHOTMAIL.COM', '0.00', '2024-03-21', '1'), 
      ('557', '557', 'NATURAL', '11', '28479953', 'ROBLES MIRTA', '', '', '(0381) 5507930', '1', '3', 'SAN MIGUEL DE TUCUMAN', 'ROBLESMIRTA081@GMAIL.COM', '0.00', '2024-03-21', '1'), 
      ('558', '558', 'NATURAL', '11', '30569822', 'GOMEZ JULIA', '', '', '(3804) 583977', '1', '3', 'COSTANERA NORTE CASA 170 BARRIO CARLOS SAUL MENEM', '', '0.00', '2024-03-21', '1'), 
      ('559', '559', 'NATURAL', '11', '26771885', 'LUNA PAOLA', '', '', '(3804) 807213', '1', '3', 'EJ?RCITO ARGENTINO 8 BARRIO ANYELELI ', 'PAOLSLUNA1@GMAIL.COM', '0.00', '2024-03-21', '1'), 
      ('560', '560', 'NATURAL', '11', '31336962', 'LOPEZ NATALIA BELEN', '', '', '(3804) 349011', '1', '3', 'BARRIO ANTARTIDA 4 BASE MARGARITA 71', '', '0.00', '2024-03-21', '1'), 
      ('561', '561', 'NATURAL', '11', '32809714', 'LOPEZ BETIANA', '', '', '(3804) 774279', '1', '3', 'BARRIO PARQUE INDUSTRIAL PROYECTADA 6 CASA 9045', '', '0.00', '2024-03-21', '1'), 
      ('562', '562', 'NATURAL', '11', '6000437039', 'ALBORNOZ ANA MARIA', '', '', '(0381) 3949340', '1', '3', 'SAN CAYETANO', '', '0.00', '2024-03-21', '1'), 
      ('563', '563', 'NATURAL', '11', '30521320', 'BORGES DOS SANTOS MARTA GRACIELA', '', '', '(3804) 696447', '1', '3', 'BARRIO LOS ARQUITECTOS CALLE ATLANTICO SUR ', 'CHELYBORGES4@GMAIL.COM', '0.00', '2024-03-21', '1'), 
      ('564', '564', 'NATURAL', '11', '32756228', 'RODRIGUEZ ALEJANDRA ', '', '', '(3804) 248319', '1', '3', 'B VIAL CALLE OLMOS 2397', '', '0.00', '2024-03-21', '1'), 
      ('565', '565', 'NATURAL', '11', '26187415', 'SECO SEGUNDO ALEJANDRO', '', '', '(3834) 569752', '1', '3', 'B EVA PERON ', 'MALUUXD8@GMAIL.COM', '0.00', '2024-03-21', '1'), 
      ('566', '566', 'NATURAL', '11', '34067606', 'VELARDEZ ELEONORA', '', '', '(0381) 4510887', '1', '3', 'EUDORO ARAOZ 1000', '', '0.00', '2024-03-21', '1'), 
      ('567', '567', 'NATURAL', '11', '25302390', 'FUENTES ROSA', '', '', '(3834) 812601', '1', '3', 'B POLICIAL 25 VIV C/13', '', '0.00', '2024-03-21', '1'), 
      ('568', '568', 'NATURAL', '11', '37655109', 'AVILA JESICA', '', '', '(3804) 945795', '1', '3', 'BARRIO EVITA GUIDO 430', 'JESICA-AVILA@HOTMAIL.COM', '0.00', '2024-03-21', '1'), 
      ('569', '569', 'NATURAL', '11', '40598357', 'BARRIONUEVO JUAN CRUZ', '', '', '(3834) 627676', '1', '3', 'TUCUMAN 321', 'JBARRIONUEVO509@GMAIL.COM', '0.00', '2024-03-21', '1'), 
      ('570', '570', 'NATURAL', '11', '21944808', 'CANO CLAUDIA', '', '', '(3834) 764147', '1', '3', '60VIV C/46', 'CYCEGUI@HOTMAIL.COM', '0.00', '2024-03-21', '1'), 
      ('571', '571', 'NATURAL', '11', '30844793', 'CANO MARIA VIRGINIA', '', '', '(3834) 689663', '1', '3', 'VILLA DOLORES', 'VIRGINIACANO1984@GMAIL.COM', '0.00', '2024-03-21', '1'), 
      ('572', '572', 'NATURAL', '11', '28995257', 'CONTRERAS ROMINA', '', '', '(3834) 198902', '1', '3', 'GRAL PAZ', 'ROCEL_261@HOTMAIL.COM', '0.00', '2024-03-21', '1'), 
      ('573', '573', 'NATURAL', '11', '31037703', 'ROLDAN ROSA ANTONIA', '', '', '(3834) 090902', '1', '3', 'B LA ESPERANZA', '', '0.00', '2024-03-21', '1'), 
      ('574', '574', 'NATURAL', '11', '29837784', 'LUJAN MARCELA ALEJANDRA', '', '', '(3834) 314925', '1', '3', 'VILLA DOLORES', 'MARCELALUJAN@HOTMAIL.COM', '0.00', '2024-03-21', '1'), 
      ('575', '575', 'NATURAL', '11', '20813807', 'PATRICIA PACHECO', '', '', '(3804) 926377', '1', '3', 'ASPIRANTE FOX BARRIO 4 DE JUNIO', '', '0.00', '2024-03-21', '1'), 
      ('576', '576', 'NATURAL', '11', '33749882', 'VILLAGRA YANINA', '', '', '(3804) 673788', '1', '3', 'JURAMENTO 174 BARRIO VARGAS', 'YANINAVILLAGRA@LIVE.COM.AR', '0.00', '2024-03-21', '1'), 
      ('577', '577', 'NATURAL', '11', '26650031', 'AVILA IVANA VER?NICA', '', '', '(3804) 594606', '1', '3', 'SECTOR 3 PEATONAL 103 CASA 64 BARRIO HOSPITAL', '', '0.00', '2024-03-21', '1'), 
      ('578', '578', 'NATURAL', '11', '22804376', 'STELLA MARIS ILLAN', '', '', '(0381) 6033341', '1', '3', 'SANTA ANA', '', '0.00', '2024-03-21', '1'), 
      ('579', '579', 'NATURAL', '11', '36712751', 'FRANCISCO RODRIGUEZ', '', '', '(3816) 424865', '1', '3', 'BARRIO SAN JOSE', 'FRANCAPO_25@HOTMAIL.COM', '0.00', '2024-03-21', '1'), 
      ('580', '580', 'NATURAL', '11', '31680452', 'AGUIRRE MATIAS', '', '', '(3804) 130598', '1', '3', 'CASTRO BARROS ESQ VICENTE BUSTOS N490', 'MATIASRUBENA.85@GMAIL.COM', '0.00', '2024-03-21', '1'), 
      ('581', '581', 'NATURAL', '11', '25451864', 'BUSTOS ADRIANA DE LOS ?NGELES', '', '', '(3804) 937260', '1', '3', 'BARRIO VIRGEN DEL VALLE PROYECTADA 2', '', '0.00', '2024-03-21', '1'), 
      ('582', '582', 'NATURAL', '11', '30822144', 'BARRIONUEVO NOELIA', '', '', '(3804) 297069', '1', '3', 'AYACUCHO S/N BARRIO VARGAS', '', '0.00', '2024-03-21', '1'), 
      ('583', '583', 'NATURAL', '11', '17891079', 'BRITOS ELVIRA BEATRIZ', '', '', '(3804) 660577', '1', '3', 'DARDO ROCHA 573', 'JENNIFERBRITTOS@GMAIL.COM', '0.00', '2024-03-21', '1'), 
      ('584', '584', 'NATURAL', '11', '36255587', 'MARTINEZ ALDANA NAHIR', '', '', '(3804) 535892', '1', '3', 'MARTIN DE ALZAGA 21 BARRIO ANGELELLI', 'ALDDANA06@GMAIL.COM', '0.00', '2024-03-21', '1'), 
      ('585', '585', 'NATURAL', '11', '22802199', 'RUARTE JUAN CARLOS', '', '', '(3804) 691748', '1', '3', 'RAWSON 2466 BARRIO NUEVO ARGENTINO', '', '0.00', '2024-03-21', '1'), 
      ('586', '586', 'NATURAL', '11', '25746391', 'AVALO ALBA BEATRIZ ', '', '', '(3804) 880415', '1', '3', 'BARRIO CEMENTERIO CALLE GRAL PAZ 204', '', '0.00', '2024-03-21', '1'), 
      ('587', '587', 'NATURAL', '11', '30668546', 'MOLINA MARIA CELESTE', '', '', '(3804) 562455', '1', '3', 'ISLAS ORCADAS 548 BARRIO ANTARTIDA I', 'CELEMOLINA10@GMAIL.COM', '0.00', '2024-03-21', '1'), 
      ('588', '588', 'NATURAL', '11', '32407496', 'QUEVEDO SERGIO NICOLAS', '', '', '(3804) 223875', '1', '3', 'DEL VIENTO Y PROYECTADA 12 S/N', '', '0.00', '2024-03-21', '1'), 
      ('589', '589', 'NATURAL', '11', '25828510', 'DE LA FUENTE SONIA', '', '', '(3804) 731249', '1', '3', 'BARRIO EL CHACHO CALLE PERITO MORENO S/N', 'SONIAROSA260515@GMAIL.COM', '0.00', '2024-03-21', '1'), 
      ('590', '590', 'NATURAL', '11', '21753760', 'ALTAMIRANO MARIA CRISTINA', '', '', '(3804) 445131', '1', '3', 'MZA K3 CASA 16 BARRIO SAUL UBALDINI', 'CRISTINAALTAMIRANOO2254@GMAIL.COM', '0.00', '2024-03-21', '1'), 
      ('591', '591', 'NATURAL', '11', '29138128', 'GONZALEZ CORDOBA YANINA', '', '', '(3804) 307974', '1', '3', 'CALLE 22 N87 BARRIO INFANTER?A II', 'GINAGC13@HOTMAIL.COM', '0.00', '2024-03-21', '1'), 
      ('592', '592', 'NATURAL', '11', '27450574', 'CATIVA MICAELA', '', '', '(3804) 231110', '1', '3', 'URBANO 25 CASA 6', 'MIKAELACATIVA@YAHOOYAHOO.COM.AR', '0.00', '2024-03-21', '1'), 
      ('593', '593', 'NATURAL', '11', '33883810', 'MONTIVERO CAROLINA', '', '', '(3804) 227495', '1', '3', 'AV GUILLERMO IRIBARREN S\\N BARRIO 20 DE MAYO', 'CARO_Y_DAMI@HOTMAIL.COM', '0.00', '2024-03-21', '1'), 
      ('594', '594', 'NATURAL', '11', '39657771', 'ROCIO SANTANDER', '', '', '(3804) 689340', '1', '3', 'CALLE NI?O ALCALDE BARRIO SAN NICOLAS', '', '0.00', '2024-03-21', '1'), 
      ('595', '595', 'NATURAL', '11', '25225930', 'NIETO CARLOS OSCAR', '', '', '(3804) 713214', '1', '3', 'CALLE ABALLAY 1650 BARRIO YACAMPIS', 'ERICATOLEDO36@GMAIL.COM', '0.00', '2024-03-21', '1'), 
      ('596', '596', 'NATURAL', '11', '30822246', 'TORRES LAURA', '', '', '(3804) 597901', '1', '3', 'AV OYOLA 56 BARRIO SAN VICENTE', 'LAU_CAROMIA@GMAIL.COM', '0.00', '2024-03-21', '1'), 
      ('597', '597', 'NATURAL', '11', '32561908', 'SILVINA TORRES', '', '', '(3804) 386757', '1', '3', 'BARRIO 26 DE MAYO CALLE ITALIA MANZANA C CASA 25', 'SILVY_908@HOTMAIL.COM', '0.00', '2024-03-21', '1'), 
      ('598', '598', 'NATURAL', '11', '24842768', 'PE?ALOZA CRISTINA', '', '', '(3804) 941685', '1', '3', 'MANZANA A LOTE 10 BARRIO TIERRA DE CAUDILLOS CALLE PROYECTADA S\\N', 'CRISTINA75@HOTMAIL.COM', '0.00', '2024-03-21', '1'), 
      ('599', '599', 'NATURAL', '11', '24162498', 'PAEZ CAROLA DELDEL CARMEN', '', '', '(3804) 505710', '1', '3', 'ALICIA MOREAU DE JUSTO 9007 BARRIO 25 DE MAYO NORTE', '', '0.00', '2024-03-21', '1'), 
      ('600', '600', 'NATURAL', '11', '23616460', 'RODRIGUEZ ROSENDA PAOLA', '', '', '(3804) 592765', '1', '3', 'JULIO CORTAZA CASA 75 URBANO 8 BARRIO LOS BOULEVARES', 'NARBONADAVID10@GMAIL.COM', '0.00', '2024-03-21', '1');
COMMIT;
INSERT IGNORE INTO `clientes` (`idcliente`, `codcliente`, `tipocliente`, `documcliente`, `dnicliente`, `nomcliente`, `razoncliente`, `girocliente`, `tlfcliente`, `id_provincia`, `id_departamento`, `direccliente`, `emailcliente`, `limitecredito`, `fechaingreso`, `codsucursal`) VALUES 
      ('601', '601', 'NATURAL', '11', '24843312', 'SORIA MIGUEL LUIS', '', '', '(0381) 4', '1', '3', 'B? MALVINA M12 LOTE 2', '', '0.00', '2024-03-21', '1'), 
      ('602', '602', 'NATURAL', '11', '29284155', 'CARRIZO VERA JIMENA CAROLINA', '', '', '(3804) 939718', '1', '3', 'APOSTOL TOMAS 1182 BARRIO SAN CAYETANO ', 'CAROROMEROVERA@GMAIL.COM', '0.00', '2024-03-21', '1'), 
      ('603', '603', 'NATURAL', '11', '17544420', 'REYNOSO MARIA HORTENCIA', '', '', '(3804) 309416', '1', '3', 'JUAN XXIII CASA 92 BARRIO INFANTERIA II', '', '0.00', '2024-03-21', '1'), 
      ('604', '604', 'NATURAL', '11', '21464305', 'SANCHEZ NORMA BEATRIZ', '', '', '(3804) 826281', '1', '3', 'CEIBO S/N BARRIO COCHANGASTA', '', '0.00', '2024-03-21', '1'), 
      ('605', '605', 'NATURAL', '11', '22672715', 'MARGARITA LOPEZ', '', '', '(0381) 6362407', '1', '3', 'MITRE', 'MARGARITALOPEZ535@HOTMAIL.COM', '0.00', '2024-03-21', '1'), 
      ('606', '606', 'NATURAL', '11', '25737529', 'MARIA INES AGUERO DELUIGI', '', '', '(3804) 600165', '1', '3', 'FALDEO DEL VELAZCO SUR MANZANA G CASA 17', 'MARIAINESDELUIGI@GMAIL.COM', '0.00', '2024-03-21', '1'), 
      ('607', '607', 'NATURAL', '11', '22877979', 'MARTINEZ MARIA DE LOS ANGELES', '', '', '(0381) 3585606', '1', '3', 'THAMES 450', '', '0.00', '2024-03-21', '1'), 
      ('608', '608', 'NATURAL', '11', '30791276', 'CAMEJO ITATI', '', '', '(3804) 580178', '1', '3', 'BARRIO HABITAT FRSNCISCO NARVONA 1229', 'CAMEJOITATI@GMAIL.COM', '0.00', '2024-03-21', '1'), 
      ('609', '609', 'NATURAL', '11', '33755666', 'DIAZ JOHANA', '', '', '(0381) 6050799', '1', '3', 'LAS HERAS 2700', '', '0.00', '2024-03-21', '1'), 
      ('610', '610', 'NATURAL', '11', '27495723', 'GONZALEZ VIVIANA', '', '', '(0381) 3004129', '1', '3', 'MANATIAL SUR', 'LASENCRUSIJADASLEALES215@GMAIL.COM', '0.00', '2024-03-21', '1'), 
      ('611', '611', 'NATURAL', '11', '33632148', 'MARIA GABRIELA ROJAS', '', '', '(0381) 3280033', '1', '3', 'KIRCHNER', 'MAGGIOGABRIELA85@GMAIL.COM', '0.00', '2024-03-21', '1'), 
      ('612', '612', 'NATURAL', '11', '27913501', 'CASTRO MARIA ELENA', '', '', '(0381) 5299059', '1', '3', 'GRAFICO 2', 'CASTROMARIAELENA2@GMAIL.COM', '0.00', '2024-03-21', '1'), 
      ('613', '613', 'NATURAL', '11', '25380940', 'CECELIA GARRIDO', '', '', '(1555) 09793', '1', '3', 'BARRIO NORTE', '', '0.00', '2024-03-21', '1'), 
      ('614', '614', 'NATURAL', '11', '13585767', 'ALAMO MIRTA DEL ROSARIO', '', '', '(3804) 373095', '1', '3', 'BARRIO VARGAS CALLE JURAMENTO N?5', '', '0.00', '2024-03-21', '1'), 
      ('615', '615', 'NATURAL', '11', '31527441', 'BUSTAMANTE YESSICA GRACIELA', '', '', '(3804) 128134', '1', '3', '?O?OLO ALBARRACIN N?4 BARRIO DGIP', 'YESSI2003_28@HOTMAIL.COM', '0.00', '2024-03-21', '1'), 
      ('616', '616', 'NATURAL', '11', '34187579', 'JUAREZ CINTHIA MELISSA', '', '', '(3834) 621260', '1', '3', 'SALTA 636', 'CYNTHIA26JUAREZ@GMAIL.COM', '0.00', '2024-03-21', '1'), 
      ('617', '617', 'NATURAL', '11', '16842560', 'LUQUE PATRICIA', '', '', '(0381) 3297267', '1', '3', 'SAN MIGUEL DE TUCUMAN', '', '0.00', '2024-03-21', '1'), 
      ('618', '618', 'NATURAL', '11', '25225522', 'DIEGO GASTON TORCIVIA ', '', '', '(3804) 694868', '1', '3', 'SANTA CRUZ 618 BARRIO SAN MARTIN ', 'DTORCIVI31@GMAIL.COM', '0.00', '2024-03-21', '1'), 
      ('619', '619', 'NATURAL', '11', '2979815', 'PAOLA SORIA', '', '', '', '1', '3', 'BARRIO NORTE', '', '0.00', '2024-03-21', '1'), 
      ('620', '620', 'NATURAL', '11', '26277102', 'IBA?EZ FLAVIA LORENA', '', '', '(3804) 552608', '1', '3', 'AYOHUMA S\\N BARRIO VARGAS', '', '0.00', '2024-03-21', '1'), 
      ('621', '621', 'NATURAL', '11', '27451069', 'CAYO MARTA BEATRIZ', '', '', '(3804) 828475', '1', '3', 'BARRIO SANTA JUSTINA PEAT 2 CASA 39 SECTOR C', 'CAYOMARTA@YAHOO.COM.AR', '0.00', '2024-03-21', '1'), 
      ('622', '622', 'NATURAL', '11', '22839695', 'OROPEL DORA LUC?A', '', '', '(3804) 672898', '1', '3', 'BARRIO CEMENTERIO CALLCALLE PUBLICA S/N ', '', '0.00', '2024-03-21', '1'), 
      ('623', '623', 'NATURAL', '11', '30207388', 'DALMAIDA ANA VALERIA', '', '', '(3834) 574432', '1', '3', 'SALTA 636. 4TO D', 'VALERIADALMAIDA@HOTMAIL.COM', '0.00', '2024-03-21', '1'), 
      ('624', '624', 'NATURAL', '11', '14273919', 'FERREYRA MAGDALENA DEL VALLE ', '', '', '(3804) 424131', '1', '3', 'TUDCUN 580 BARRIO RICARDO PRIMERO', '', '0.00', '2024-03-21', '1'), 
      ('625', '625', 'NATURAL', '11', '17313626', 'ALVAREZ GLADYS BEAYTRIZ', '', '', '(3834) 776464', '1', '3', 'LA TABLADA', '', '0.00', '2024-03-21', '1'), 
      ('626', '626', 'NATURAL', '11', '30032929', 'SOTO MARIO DAVID', '', '', '(3834) 004437', '1', '3', 'LA TABLADA', 'REYDAVID04@GMAIL.COM', '0.00', '2024-03-21', '1'), 
      ('627', '627', 'NATURAL', '11', '12449272', 'TEJADA ANA', '', '', '(0381) 4549329', '1', '3', 'PELLEGRINI 115', '', '0.00', '2024-03-21', '1'), 
      ('628', '628', 'NATURAL', '11', '38627074', 'VERA ELIANA', '', '', '(3834) 052664', '1', '3', 'AYACUCHO 2115', '', '0.00', '2024-03-21', '1'), 
      ('629', '629', 'NATURAL', '11', '25929973', 'ULLOQUE ANABELLIA', '', '', '(3804) 477530', '1', '3', 'GOBERNADOR BRIZUELA MANZANA 886 LOTE 4 BARRIO LOTEO SAN NICOL?S', 'ANABELLIA2012@HOTMAIL.COM', '0.00', '2024-03-21', '1'), 
      ('630', '630', 'NATURAL', '11', '40433321', 'CANO MARIA MILAGROS', '', '', '(3834) 322569', '1', '3', 'LIBERTADOR II', '', '0.00', '2024-03-21', '1'), 
      ('631', '631', 'NATURAL', '11', '27900696', 'ROBLEDO SILVANA LORENA', '', '', '(3834) 986961', '1', '3', '40 VIV NUEVA CONETA N?12', 'ROBLEDOSILVANALORENA@GMAIL.COM', '0.00', '2024-03-21', '1'), 
      ('632', '632', 'NATURAL', '11', '13849565', 'PAREDES MONICA', '', '', '(0381) 4618118', '1', '3', 'MONTEAGUDO 1170- TAFI VIEJO', '', '0.00', '2024-03-21', '1'), 
      ('633', '633', 'NATURAL', '11', '23024420', 'SORIA ESTER LILIANA', '', '', '(3834) 583776', '1', '3', 'SIN DOMICILIO', 'LILIANASORIA72@HOTMAIL.COM', '0.00', '2024-03-21', '1'), 
      ('634', '634', 'NATURAL', '11', '30214576', 'RAMIREZ PATRICIA ELIZABETH', '', '', '(3834) 221602', '1', '3', 'SIN DOMICILIO', '', '0.00', '2024-03-21', '1'), 
      ('635', '635', 'NATURAL', '11', '24426445', 'OYOLA MARIELA ELENA', '', '', '(3804) 442329', '1', '3', 'BARRIO LOS OBREROS CALLE SONIA LANDER LOTE G MZA G', '', '0.00', '2024-03-21', '1'), 
      ('636', '636', 'NATURAL', '11', '17529989', 'VARELA MARIA ISABEL', '', '', '(3834) 521965', '1', '3', 'B SAN MARTIN DE PORRES 326', 'ISABEL_VARELA@HOTMAIL.COM', '0.00', '2024-03-21', '1'), 
      ('637', '637', 'NATURAL', '11', '28819635', 'JUAREZ NATALIA', '', '', '(3804) 630891', '1', '3', 'URBANO 1 MZA 2 CASA 56', 'NATIJUAREZ21@HOTMAIL.COM', '0.00', '2024-03-21', '1'), 
      ('638', '638', 'NATURAL', '11', '24605883', 'ROLDAN ANDREA KARINA', '', '', '(3834) 784196', '1', '3', 'PJE ZALAZAR S/N SUMALAO', 'ANDREA_KARINA_LINGUA@HOTMAIL.COM', '0.00', '2024-03-21', '1'), 
      ('639', '639', 'NATURAL', '11', '25405941', 'AZUCENA CASTELLO', '', '', '(0381) 4385089', '1', '3', 'BARRIO NORTE', 'ASUCENACASTELLO@GMAIL.COM', '0.00', '2024-03-21', '1'), 
      ('640', '640', 'NATURAL', '11', '27914183', 'FUENTES PABLO ROLANDO', '', '', '(3804) 524348', '1', '3', 'AV ROSA BAZAN DE CAMARA 4994', 'PABLOFUENTES0909@GMAIL.COM', '0.00', '2024-03-21', '1'), 
      ('641', '641', 'NATURAL', '11', '34803902', 'SOSA ANDREA SOLEDA', '', '', '(3834) 235446', '1', '3', 'LA TABLADA', 'SOLE74_SA@HOTMAIL.COM', '0.00', '2024-03-21', '1'), 
      ('642', '642', 'NATURAL', '11', '30341424', 'BURGOS BENJAMIN ', '', '', '(3834) 014019', '1', '3', '20VIV SAN ANTONIO ', 'MIRTAGONZALES988@GMAIL.COM', '0.00', '2024-03-21', '1'), 
      ('643', '643', 'NATURAL', '11', '25737657', 'YA?EZ KARINA', '', '', '(3804) 540361', '1', '3', 'SECTOR 2 MZA B CALLE JACARANDA CASA 19 BARRIO LAS AGAVES', '', '0.00', '2024-03-21', '1'), 
      ('644', '644', 'NATURAL', '11', '33454800', 'GARCIA SILVIA NATALI', '', '', '(3834) 045892', '1', '3', 'SIN DOMICILIO ', 'SILVIATIMANAGARCIA@GMAIL.COM', '0.00', '2024-03-21', '1'), 
      ('645', '645', 'NATURAL', '11', '13378338', 'ROMERA ANA MARIA', '', '', '(0381) 4291156', '1', '3', 'PASAJE JOSE MARTI 1080', '', '0.00', '2024-03-21', '1'), 
      ('646', '646', 'NATURAL', '11', '24642389', 'JULIETA MEDRANO', '', '', '(0381) 6365323', '1', '3', 'TRANCAS CHOROMORO', '', '0.00', '2024-03-21', '1'), 
      ('647', '647', 'NATURAL', '11', '27102879', 'IRIARTE VERONICA DEL VALLE', '', '', '(3834) 286872', '1', '3', 'HUILLAPIMA', 'VERITOIVV040479@GMAIL.COM', '0.00', '2024-03-21', '1'), 
      ('648', '648', 'NATURAL', '11', '34133306', 'NATALIA ISA', '', '', '(0381) 3502645', '1', '3', 'BARRIO INDEPENDENCIA', 'NATALIAISA2741@GMAIL.COM', '0.00', '2024-03-21', '1'), 
      ('649', '649', 'NATURAL', '11', '27016565', 'MEDINA ADELA', '', '', '(0381) 4281074', '1', '3', 'PASAJE 1 DE ABRIL- VILLA 9 DE JULIO', '', '0.00', '2024-03-21', '1'), 
      ('650', '650', 'NATURAL', '11', '25117634', 'BOSIO HERRERA CAROLINA', '', '', '(3834) 024633', '1', '3', 'CIRCULO MEDICO', '', '0.00', '2024-03-21', '1'), 
      ('651', '651', 'NATURAL', '11', '30920707', 'DANNA DANIELA ', '', '', '(3804) 373420', '1', '3', 'AV CASTRO BARROS 1321 BARRIO SAN ROMAN ', 'DANIELADANNA2008@HOTMAIL.COM', '0.00', '2024-03-21', '1'), 
      ('652', '652', 'NATURAL', '11', '28221332', ' MARIA ALEJANDRA CANIDARES', '', '', '(3816) 286075', '1', '3', 'BARRIO SUR', 'ALECONIDARES@GMAIL.COM', '0.00', '2024-03-21', '1'), 
      ('653', '653', 'NATURAL', '11', '36437408', 'CEBALLOS MARIANA LORENA', '', '', '(3804) 876062', '1', '3', 'BARRIO ARGENTINO CALLE FORMOSA 279 ', 'UMMATIZIANA20@GMAIL.COM', '0.00', '2024-03-21', '1'), 
      ('654', '654', 'NATURAL', '11', '22411342', 'EZEQUIEL LEYS', '', '', '(3804) 326539', '1', '3', 'BARCELONA 7 BARRIO SAN VICENTE', 'EZEQUIELLEYS2004@HOTMAIL.COM', '0.00', '2024-03-21', '1'), 
      ('655', '655', 'NATURAL', '11', '12149177', 'VARELA MARIA', '', '', '(0381) 5557469', '1', '3', 'BARRIO 11 DE MARZO', '', '0.00', '2024-03-21', '1'), 
      ('656', '656', 'NATURAL', '11', '21564679', 'CORDOBA KARINA', '', '', '(3804) 663902', '1', '3', 'FRENCH 1196 BARRIO EVITA', 'CORDOBAANGELES34@YAHOO.COM', '0.00', '2024-03-21', '1'), 
      ('657', '657', 'NATURAL', '11', '6391978', 'GLADYS UEZEM', '', '', '(0381) 5539857', '1', '3', 'CENTRO', '', '0.00', '2024-03-21', '1'), 
      ('658', '658', 'NATURAL', '11', '29226405', 'LUJAN PAOLA NELLY', '', '', '(3804) 845606', '1', '3', 'BARRIO YACAMPI CALLE SEVILLA S/N ', '', '0.00', '2024-03-21', '1'), 
      ('659', '659', 'NATURAL', '11', '17891240', 'BUSTAMANTE ALEJANDRA NICOLASA', '', '', '(3804) 41583', '1', '3', 'AV SANTA ROSA CASA 24 MZA Q2 -BARRIO URBANO 2', '', '0.00', '2024-03-21', '1'), 
      ('660', '660', 'NATURAL', '11', '24518894', 'PATRICIA AVILA', '', '', '(3816) 925005', '1', '3', 'BARRIO SAN FRANCISCO', '', '0.00', '2024-03-21', '1'), 
      ('661', '661', 'NATURAL', '11', '38480940', 'GODOY FANNY', '', '', '(3804) 270133', '1', '3', 'BARRIO SANTA JUSTINA CALLE TURIN PEAT 8 CASA 119', 'ISAIASMATEO676@GMAIL.COM', '0.00', '2024-03-21', '1'), 
      ('662', '662', 'NATURAL', '11', '30415712', 'DIAZ LUCIANA BELEN', '', '', '(3804) 269182', '1', '3', 'CALLE POLLERA DE GITANA CASA 16 BARRIO ALTOS DEL SOL', 'MILAGROS.VEGA@HOTMAIL.COM', '0.00', '2024-03-21', '1'), 
      ('663', '663', 'NATURAL', '11', '28063508', 'VARAS TOMASA SOLEDAD', '', '', '(3804) 350891', '1', '3', 'BARRIO RODADERA CALLE CONTINUACI?N TUCUMAN', '', '0.00', '2024-03-21', '1'), 
      ('664', '664', 'NATURAL', '11', '23339797', 'MOYA SONIA BEATRIZ', '', '', '(3834) 519062', '1', '3', 'B LA TABLADA', '', '0.00', '2024-03-21', '1'), 
      ('665', '665', 'NATURAL', '11', '24611363', 'ALBERTI JULIO', '', '', '(3804) 594078', '1', '3', 'JUSTINA GARCIA 48 , SANAGASTA', '', '0.00', '2024-03-21', '1'), 
      ('666', '666', 'NATURAL', '11', '24574565', 'VILLAGRA GUILLERMO', '', '', '(3834) 5168', '1', '3', 'CALLE 14 CASA 92 VALLE CHICO', 'GUILLE75GV@GMAIL.COM', '0.00', '2024-03-21', '1'), 
      ('667', '667', 'NATURAL', '11', '27450598', 'PAEZ MARTIN NICOLAS', '', '', '(3804) 617136', '1', '3', ' BARRIO LAS AGAVES SECTOR 5 MZA 1 CASA 1', '', '0.00', '2024-03-21', '1'), 
      ('668', '668', 'NATURAL', '11', '18207457', 'ELENA BEATRIZ CENTENO', '', '', '(3804) 548144', '1', '3', 'BARRIO LOS CERROS CALLE PLUMERILLO Y CERRO DEL VELAZCO CASA 32', '', '0.00', '2024-03-21', '1'), 
      ('669', '669', 'NATURAL', '11', '29969412', 'NIETO PAOLA', '', '', '(3834) 239462', '1', '3', 'VALLE CHICO', 'PAONI_27@HOTMAIL.COM', '0.00', '2024-03-21', '1'), 
      ('670', '670', 'NATURAL', '11', '25719548', 'ANCE ANA PAULA', '', '', '(0381) 4771608', '1', '3', 'PASAJE ACEVEDO 2799', '', '0.00', '2024-03-21', '1'), 
      ('671', '671', 'NATURAL', '11', '13918317', 'VI?AS LILIANA BEATRIZ', '', '', '(3804) 434888', '1', '3', 'ATENAS 27 BARRIO VIAL', '', '0.00', '2024-03-21', '1'), 
      ('672', '672', 'NATURAL', '11', '24802784', 'ROMANO ANDREA', '', '', '(0381) 5454619', '1', '3', 'BARRIO SANTO CRISTO, BANDA DEL RIO SALI', 'FEDERYVAL@GMAIL.COM', '0.00', '2024-03-21', '1'), 
      ('673', '673', 'NATURAL', '11', '29414376', 'MORALES RICARDO', '', '', '(3834) 276066', '1', '3', 'PASAJE SAN ROQUE C/79 PLANTA ALTA', 'ELRICHARD_82@HOTMAIL.COM', '0.00', '2024-03-21', '1'), 
      ('674', '674', 'NATURAL', '11', '30666158', 'JUAREZ MARIA JOSE', '', '', '(0381) 3022715', '1', '3', 'RICARDO ROJAS 94', 'MAJO05@HOTMAIL.COM', '0.00', '2024-03-21', '1'), 
      ('675', '675', 'NATURAL', '11', '39347197', 'FACUNDO VIZCARRA', '', '', '(1125) 372450', '1', '3', 'FRIAS SANTIAGO DEL ESTERO', 'EZEEVIZCARRA@HOTMAIL.COM', '0.00', '2024-03-21', '1'), 
      ('676', '676', 'NATURAL', '11', '22429978', 'GRISELDA SOLIVELLAS', '', '', '(0381) 6400116', '1', '3', 'BARRIO EL BOSQUE', 'GJSOLIVELLAS@HOTMAIL.COM', '0.00', '2024-03-21', '1'), 
      ('677', '677', 'NATURAL', '11', '32927837', 'PEREZ MARIANA', '', '', '(0381) 4559165', '1', '3', 'MORENO 315', '', '0.00', '2024-03-21', '1'), 
      ('678', '678', 'NATURAL', '11', '29424783', 'ALDECO LUCIANA', '', '', '(3804) 931028', '1', '3', 'BARRIO ANTARTIDA 2 CALLECALLE GRAL SAN MARTIN', 'MATIASFARIASALDECO@GMAIL.COM', '0.00', '2024-03-21', '1'), 
      ('679', '679', 'NATURAL', '11', '23115315', 'VERGARA GLADYS MARISA', '', '', '(3804) 482208', '1', '3', 'BARRIO SAN ANDRES CALLE JUAN PABLO II Y CALLE 14 ', 'VERGARAMARISA91@GMAIL.COM', '0.00', '2024-03-21', '1'), 
      ('680', '680', 'NATURAL', '11', '34783381', 'SALCEDO REINOSO MARIA FERNANDA', '', '', '(3834) 708025', '1', '3', 'VALLE CHICO', '', '0.00', '2024-03-21', '1'), 
      ('681', '681', 'NATURAL', '11', '6967483', 'CARRIZO RAMON', '', '', '(3834) 4458443', '1', '3', '1000VIV', '', '0.00', '2024-03-21', '1'), 
      ('682', '682', 'NATURAL', '11', '29651295', 'GARCIA ALBA LUCIANA', '', '', '(3834) 770043', '1', '3', 'CORONEL GUZMAN S/N', 'LUCIANA752@HOTMAIL.COM', '0.00', '2024-03-21', '1'), 
      ('683', '683', 'NATURAL', '11', '43878287', 'QUINTEROS NATASHA', '', '', '(3834) 314497', '1', '3', 'LA CHACARITA', 'NATYQUINTEROS@HOTMAIL.COM', '0.00', '2024-03-21', '1'), 
      ('684', '684', 'NATURAL', '11', '27275004', 'VALDIVIEZO SOLEDAD', '', '', '(3834) 563745', '1', '3', 'B HIPODROMO 2 ETAPA', 'SOLRAVALDIVIEZO@GMAIL.COM', '0.00', '2024-03-21', '1'), 
      ('685', '685', 'NATURAL', '11', '31870218', 'TORRES MARIA MERCEDES', '', '', '(3804) 644471', '1', '3', 'BARRIO VIRGEN DEL VALLE MZA 14 LOTE T CASA 9010', 'TORRESMARIAA70@GMAIL.COM', '0.00', '2024-03-21', '1'), 
      ('686', '686', 'NATURAL', '11', '27671878', 'KALICI?SKI ELIANA CAROLINA', '', '', '(3804) 524269', '1', '3', 'BOLIVAR 348 BARRIO FERROVIARIO', 'CAROKALI@HOTMAIL.COM', '0.00', '2024-03-21', '1'), 
      ('687', '687', 'NATURAL', '11', '32903638', 'VERA LAURA', '', '', '(3804) 797630', '1', '3', 'BARRIO 20 DE MAYO CALLE JULIO CAMPOS CASA 1328', 'VERALAURA298@GMAIL.COM', '0.00', '2024-03-21', '1'), 
      ('688', '688', 'NATURAL', '11', '17042335', 'SUSANA ACU?A', '', '', '(0381) 4274411', '1', '3', 'B EXPERIMENTAL1', '', '0.00', '2024-03-21', '1'), 
      ('689', '689', 'NATURAL', '11', '27102874', 'CORONEL JUANA ADRIANA', '', '', '(3834) 260259', '1', '3', '130VIV NORTE CASA15', '', '0.00', '2024-03-21', '1'), 
      ('690', '690', 'NATURAL', '11', '39885452', 'GONZALEZ AGUSTINA', '', '', '(3804) 267580', '1', '3', 'JOSE NICOLAS CORDOBA 653 BARRIO VARGAS', '', '0.00', '2024-03-21', '1'), 
      ('691', '691', 'NATURAL', '11', '20819413', 'FIGUEROA SILVIA', '', '', '(0381) 3174787', '1', '3', 'FRIAS SILVA 5671', '', '0.00', '2024-03-21', '1'), 
      ('692', '692', 'NATURAL', '11', '26983969', 'CESAR CARLOS ALBERTO', '', '', '(3834) 600280', '1', '3', 'LA CARRERA', 'CARLOSCESAR059@GMAIL.COM', '0.00', '2024-03-21', '1'), 
      ('693', '693', 'NATURAL', '11', '33694893', 'GOMEZ LUCIANA ', '', '', '(3804) 206279', '1', '3', 'BARRIO HOSPITAL CALLE ASCASUBI 164 SECTOR 5 ', '', '0.00', '2024-03-21', '1'), 
      ('694', '694', 'NATURAL', '11', '39885305', 'GOMEZ RITA MARIANELA ', '', '', '(3804) 115322', '1', '3', 'ASCASUBI PEATONAL 506 CASA 164 BARRIO HOSPITAL', '', '0.00', '2024-03-21', '1'), 
      ('695', '695', 'NATURAL', '11', '22443665', 'NIETO RAMONA BEATRIZ', '', '', '(3804) 118172', '1', '3', 'PROYECTADA 4 BARRIO SANTA CATALINA CASA 9978', '', '0.00', '2024-03-21', '1'), 
      ('696', '696', 'NATURAL', '11', '26028164', 'LORENA RODRIGUEZ', '', '', '(0831) 4733625', '1', '3', 'ECUADOR 4526', '', '0.00', '2024-03-21', '1'), 
      ('697', '697', 'NATURAL', '11', '24802218', 'GUADALUPE FILIPONE', '', '', '(0381) 566657', '1', '3', 'SAN MIGUEL DE TUCUMAN', '', '0.00', '2024-03-21', '1'), 
      ('698', '698', 'NATURAL', '11', '33695100', 'PALACIOS LAURA', '', '', '(3834) 001487', '1', '3', 'NIEVE CASTILLA1125', 'LAHISTORIAESBELLA@HOTMAIL.COM', '0.00', '2024-03-21', '1'), 
      ('699', '699', 'NATURAL', '11', '37306676', 'MASCARE?O DAYANA BELEN', '', '', '(3834) 464514', '1', '3', '80VIV SUR', 'BELENMASCARENO1604@GMAIL.COM', '0.00', '2024-03-21', '1'), 
      ('700', '700', 'NATURAL', '11', '17037382', 'ROMERO NICOLAS MICASIO', '', '', '(3804) 796312', '1', '3', 'PUBLICA 3 CASA 131 BARRIO NUEVO ATP', '', '0.00', '2024-03-21', '1'), 
      ('701', '701', 'NATURAL', '11', '32090437', 'DIAZ ANDRADA CLAUDIA ROMINA', '', '', '(3804) 365409', '1', '3', 'BARRIO PROCREAR CALLE HORACIO ADOLFO DAVILA CASA 22 MZA 1324', 'ROMINAANDRADA333@GMAIL.COM', '0.00', '2024-03-21', '1'), 
      ('702', '702', 'NATURAL', '11', '30072430', 'BRIZUELA ADOLFO GABRIEL', '', '', '(3804) 506578', '1', '3', 'BARRIO NESTOR KIRCHNER CASA 22', 'GABRIELBRIZUELA70@GMAIL.COM', '0.00', '2024-03-21', '1'), 
      ('703', '703', 'NATURAL', '11', '24939647', 'GUERRERO VERONICA ', '', '', '(3804) 506690', '1', '3', 'CHARRUAS 1354 BARRBARRIO FACUNDO QUIROGA', 'VEROG59@HOTMAIL.COM', '0.00', '2024-03-21', '1'), 
      ('704', '704', 'NATURAL', '11', '31527274', 'MALDONADO ROMINA ', '', '', '(3804) 542290', '1', '3', 'BARRIO DGIP CALLE RAUL VERGARA CASA 29', 'ROMY_MALDONADO85@HOTMAIL.COM', '0.00', '2024-03-21', '1'), 
      ('705', '705', 'NATURAL', '11', '23149008', 'BUSTOS CELIA ELENA', '', '', '(3804) 842110', '1', '3', 'SAN LUIS 396 BARRIO SAN MARTIN', 'CELIAELENABUSTOS@HOTMAIL.COM', '0.00', '2024-03-21', '1'), 
      ('706', '706', 'NATURAL', '11', '26336400', 'CARRIZO MARIELA', '', '', '(3804) 720626', '1', '3', 'PRIMERA JUNTA 59 BARRIO LOS CAUDILLOS', '', '0.00', '2024-03-21', '1'), 
      ('707', '707', 'NATURAL', '11', '22125315', 'MEIRA SUSANA BEATRIZ', '', '', '(3804) 380202', '1', '3', 'SANTIAGO DEL ESTERO 234 BARRIO CENTRO', 'SUSANAMEIRA@OUTLOOK.COM', '0.00', '2024-03-21', '1'), 
      ('708', '708', 'NATURAL', '11', '29138185', 'ORTIZ CINTHYA VERONICA', '', '', '(3804) 477068', '1', '3', 'ARTEMIO MORENO 189 BARRIO CEMENTERIO', 'MUMEKA.ORTIZ@GMAIL.COM', '0.00', '2024-03-21', '1'), 
      ('709', '709', 'NATURAL', '11', '22219218', 'BARRERA NANCY RITA', '', '', '(3834) 240684', '1', '3', 'GUILLERMO CORREA 565', 'NANCY.BARRERA219@GMAIL.COM', '0.00', '2024-03-21', '1'), 
      ('710', '710', 'NATURAL', '11', '27206087', 'TOLEDO MARIELA INES', '', '', '(0381) 4624054', '1', '3', 'BARRIO POLICIAL 4', 'TOLEDO_MARIELA29@YAHOO.COM.AR', '0.00', '2024-03-21', '1'), 
      ('711', '711', 'NATURAL', '11', '25960124', 'PINTO EUGENIA', '', '', '(3834) 201578', '1', '3', 'B MALVINAS ARGENTINAS', 'EUGENIA-PINTO08@HOTMAIL.COM', '0.00', '2024-03-21', '1'), 
      ('712', '712', 'NATURAL', '11', '20109189', 'OCAMPO JOSE CARLOS', '', '', '(3834) 415893', '1', '3', 'B MONTE CRISTO LOTE 92 CASA 7', 'JOCAOCAMPO@HOTMAIL.COM', '0.00', '2024-03-21', '1'), 
      ('713', '713', 'NATURAL', '11', '25117051', 'SUAREZ PAOLA ANDREA', '', '', '(3834) 255847', '1', '3', 'VALLE CHICO', '', '0.00', '2024-03-21', '1'), 
      ('714', '714', 'NATURAL', '11', '38747226', 'MAIDANA JIMENA', '', '', '(3804) 514036', '1', '3', 'BARRIO 10 DE JUNIO PROYECTADA S/N ', 'YASMAIDANA@GMAIL.COM', '0.00', '2024-03-21', '1'), 
      ('715', '715', 'NATURAL', '11', '27946913', 'GOMEZ LUIS CESAR', '', '', '(3804) 230302', '1', '3', 'BARRIO NESTOR KIRCHNER MZA 1288 CASA 21', 'SANLORENZO219@GMAIL.COM', '0.00', '2024-03-21', '1'), 
      ('716', '716', 'NATURAL', '11', '32027892', 'ROMERO PAOLA GISELLE', '', '', '(3834) 051206', '1', '3', 'GRAL VILLEGAS 573', 'PAOLAROMERO_07@HOTMAIL.COM', '0.00', '2024-03-21', '1'), 
      ('717', '717', 'NATURAL', '11', '37653987', 'BAZAN PADILLA MARIA GABRIELA', '', '', '(3804) 267771', '1', '3', 'RIO SALADO CASA 595 BARRIO VARGAS', 'GABY_M.A_93@HOTMAIL.COM', '0.00', '2024-03-21', '1'), 
      ('718', '718', 'NATURAL', '11', '27451347', 'MAZZARELLI VALERIA SOLEDAD ', '', '', '(3804) 436972', '1', '3', 'BARRIO EMELI BESTANI SECTOR 4 CASA 22 MZA G ', '', '0.00', '2024-03-21', '1'), 
      ('719', '719', 'NATURAL', '11', '17013353', 'ELINA INES LOPEZ', '', '', '(0381) 5804302', '1', '3', 'BARRIO 13 DE JUNIO', 'SINDICARNETUC@LIVE.COM', '0.00', '2024-03-21', '1'), 
      ('720', '720', 'NATURAL', '11', '33749919', 'QUINTEROS CABRERA DAIANA JUDIT', '', '', '(3804) 218228', '1', '3', 'BARRIO HOSPITAL PEATONAL 501 CASA 155 SECTOR 5', 'DAIANAQUINTEROS2202@GMAIL.COM', '0.00', '2024-03-21', '1'), 
      ('721', '721', 'NATURAL', '11', '32210573', 'AVILA PAOLA', '', '', '(3804) 928152', '1', '3', 'AMAZONIA S\\N BARRIO PARQUE AMERICANO', 'PAOLADELROSARIOAVILA588@GMAIL.COM', '0.00', '2024-03-21', '1'), 
      ('722', '722', 'NATURAL', '11', '19051647', 'MIGUEL ORDEN', '', '', '(0381) 5142166', '1', '3', 'SAN LORENZO 987', 'TISMAYOY@GMAIL.COM', '0.00', '2024-03-21', '1'), 
      ('723', '723', 'NATURAL', '11', '26442725', 'ASTUDILLO FLAVIA', '', '', '(3804) 558980', '1', '3', 'CALLE NI?O ALCALDE S/N BARRIO PROGRESO', '', '0.00', '2024-03-21', '1'), 
      ('724', '724', 'NATURAL', '11', '22443124', 'OLMEDO RAMONA', '', '', '(3804) 513201', '1', '3', 'TRONADOR 85 BARRIO CARDONAL', 'MONONA16OLMEDO@HOTMAIL.COM', '0.00', '2024-03-21', '1'), 
      ('725', '725', 'NATURAL', '11', '31386135', 'ROSALEZ ROSARIO DEL VALLE', '', '', '(3804) 801278', '1', '3', 'CALLE PRIMERO DE JULIO LOTE 16 , BARRIO COCHANGASTA NORTE', 'ROSARIOROSALEZ52@HOTMAIL.COM', '0.00', '2024-03-21', '1'), 
      ('726', '726', 'NATURAL', '11', '32348869', 'CINTHIA VARGAS', '', '', '(3813) 313510', '1', '3', ' SAN LORENZO 496', '', '0.00', '2024-03-21', '1'), 
      ('727', '727', 'NATURAL', '11', '26648059', 'CRUZ DARIO RICARDO', '', '', '(3804) 388771', '1', '3', 'VILLA CASTELLI 9106 ESQ DARDO ROCHA BARRIO EL PROGRESO', 'DARIEL_TUCU22@HOTMAIL.COM', '0.00', '2024-03-21', '1'), 
      ('728', '728', 'NATURAL', '11', '25423400', 'MOYA GABRIELA INES', '', '', '(3804) 560095', '1', '3', 'LOTEO SAN NICOLAS CALLE PROFESOR PIERANGELIS ', 'MOYAI0473@GMAIL.COM', '0.00', '2024-03-21', '1'), 
      ('729', '729', 'NATURAL', '11', '22397120', 'IBARRA ELVA CRISTINA', '', '', '(3804) 647688', '1', '3', 'BARRIO FACUNDO QUIROGA CALLE TEHUELCHES 1063', 'DANIGUS_4_8@HOTMAIL.COM', '0.00', '2024-03-21', '1'), 
      ('730', '730', 'NATURAL', '11', '27525579', 'SEGOBIA LUIS', '', '', '(2966) 472182', '1', '3', 'JUNIN 779', '', '0.00', '2024-03-21', '1'), 
      ('731', '731', 'NATURAL', '11', '25746448', 'ALVAREZ GRACIELA ADRIANA', '', '', '(3834) 391335', '1', '3', 'B POLICIAL', 'ALVAREZAYI@HOTMAIL.COM', '0.00', '2024-03-21', '1'), 
      ('732', '732', 'NATURAL', '11', '29138186', 'ANDRES MARTINEZ', '', '', '(3804) 972898', '1', '3', 'TALAMPAYA 15 BARRIO JOAQUIN V GONZALEZ', 'ANDRESLARIOJA@GMAIL.COM', '0.00', '2024-03-21', '1'), 
      ('733', '733', 'NATURAL', '11', '28835150', 'LOPEZ TOMAS', '', '', '(0387) 8650403', '1', '3', 'SIN DOMICILIO', 'TOMASLOPEZ814@GMAIL.COM', '0.00', '2024-03-21', '1'), 
      ('734', '734', 'NATURAL', '11', '28647314', 'ROMERO ZULMA LORENA', '', '', '(3834) 379792', '1', '3', 'B 240VIV CASA 64', 'LORENAROMERO_1609@HOTMAIL.COM', '0.00', '2024-03-21', '1'), 
      ('735', '735', 'NATURAL', '11', '10963971', 'HEREDIA GLADIS', '', '', '(3834) 583619', '1', '3', 'SIN DOMICILIO', '', '0.00', '2024-03-21', '1'), 
      ('736', '736', 'NATURAL', '11', '25300449', 'CASAS ADRIANA', '', '', '(3804) 549601', '1', '3', 'BALTAZAR JARAMILLO 315', '', '0.00', '2024-03-21', '1'), 
      ('737', '737', 'NATURAL', '11', '24557212', 'TORRES CARINA BEATRIZ ', '', '', '(3804) 328585', '1', '3', 'CONTINUACION CALLE CHILE 9909 BARRIO SANTA JUSTINA SUR', '', '0.00', '2024-03-21', '1'), 
      ('738', '738', 'NATURAL', '11', '24150813', 'ORTEGA ANDREA', '', '', '(3834) 290676', '1', '3', '50VIV SUR', '', '0.00', '2024-03-21', '1'), 
      ('739', '739', 'NATURAL', '11', '26336232', 'MARTINEZ SONIA', '', '', '(3804) 938631', '1', '3', 'BARRIO PINCHAS JUAN JOSE SUFAN S/N ', '', '0.00', '2024-03-21', '1'), 
      ('740', '740', 'NATURAL', '11', '31857323', 'MARTIN BOBROW', '', '', '(3814) 226820', '1', '3', 'BARRIO ZONA SUR', 'BOBROWMARTINCPM@GMAIL.COM', '0.00', '2024-03-21', '1'), 
      ('741', '741', 'NATURAL', '11', '29104469', 'ROMERO IBA?EZ SEBASTIAN ANIBAL', '', '', '(3834) 041737', '1', '3', 'MAIPU1998', '', '0.00', '2024-03-21', '1'), 
      ('742', '742', 'NATURAL', '11', '37464594', 'MORENO EVELYN ALDANA', '', '', '(3834) 623527', '1', '3', 'CARMEN BARROS S/N', 'ALDANITAMORENO@HOTMAIL.COM.AR', '0.00', '2024-03-21', '1'), 
      ('743', '743', 'NATURAL', '11', '6359219', 'HERRERA ANTONIA', '', '', '(3834) 906063', '1', '3', 'NIEVA Y CASTILLA 190', '', '0.00', '2024-03-21', '1'), 
      ('744', '744', 'NATURAL', '11', '31809980', 'DE ZAVALIA FELICITAS', '', '', '(0381) 1556992', '1', '3', 'AYACUCHO 189', 'FELIDEZAVALIA@GMAIL.COM', '0.00', '2024-03-21', '1'), 
      ('745', '745', 'NATURAL', '11', '25363944', 'DIAZ ANALIA DEL PILAR', '', '', '(3804) 559199', '1', '3', 'CAPRICORNIO MZA 760 LOTE F ', '', '0.00', '2024-03-21', '1'), 
      ('746', '746', 'NATURAL', '11', '23660269', 'BRACCO ANDREA', '', '', '(3804) 656173', '1', '3', 'BARRIO ANGELELLI CALLE MARTIN DE ALZAGA CASA 11', 'BIOIMAGENLARIOJAMSALUD@HOTMAIL.COM', '0.00', '2024-03-21', '1'), 
      ('747', '747', 'NATURAL', '11', '30773673', 'ANDREA JULIETA LOBOS', '', '', '(3834) 762355', '1', '3', 'MIRA FLORES', 'JULY_LOBOS@HOTMSIL.COM', '0.00', '2024-03-21', '1'), 
      ('748', '748', 'NATURAL', '11', '27451111', 'VERGARA GRISELDA', '', '', '(3804) 209579', '1', '3', 'GRAL SAN MARTIN 199 BARRIO ANTARTIDA II', 'LUDMILITAMAYLENCORZO@GMAIL.COM', '0.00', '2024-03-21', '1'), 
      ('749', '749', 'NATURAL', '11', '25182581', 'COLMAN MELINA VALERIA', '', '', '(3804) 215735', '1', '3', 'GAUCHO RIVERO S/N BARRIO NUEVA ESPERANZA', '', '0.00', '2024-03-21', '1'), 
      ('750', '750', 'NATURAL', '11', '23048501', 'MARIANA CARRIZO', '', '', '(0381) 5113498', '1', '3', 'SAN MIGUEL DE TUCUMAN', '', '0.00', '2024-03-21', '1'), 
      ('751', '751', 'NATURAL', '11', '18109890', 'CAMPOS ROSA NOEMI', '', '', '(3834) 592578', '1', '3', 'B ALEM', 'ROSANOEMICAMPOS0@GMAIL.COM', '0.00', '2024-03-21', '1'), 
      ('752', '752', 'NATURAL', '11', '14730319', 'CORTEZ ANTONIA NILDA', '', '', '(3804) 200554', '1', '3', 'SAN JUAN 784 BARRIO SAN MART?N', 'NELLYCORTEZANTO@HOTMAIL.COM', '0.00', '2024-03-21', '1'), 
      ('753', '753', 'NATURAL', '11', '27068516', 'VALERIA ANA AUIL', '', '', '(3804) 520668', '1', '3', 'ECUADOR 9715 BARRIO VIAL', 'AUILVALERIA@GMAIL.COM', '0.00', '2024-03-21', '1'), 
      ('754', '754', 'NATURAL', '11', '32349017', 'ROMERO CARLA NOELIA', '', '', '(3804) 436776', '1', '3', 'BALEARES 314 BARRIO SAN VICENTE', 'RCARLANOELIA@GMAIL.COM', '0.00', '2024-03-21', '1'), 
      ('755', '755', 'NATURAL', '11', '23963830', 'FLORES VERONICA PAOLA', '', '', '(3804) 795160', '1', '3', 'CONTINUACI?N DE RIVADAVIA PSJE SEVILLA S/N', '', '0.00', '2024-03-21', '1'), 
      ('756', '756', 'NATURAL', '11', '28540415', 'BAZAN CECILIA', '', '', '(3834) 594017', '1', '3', 'CAPAYAN', 'NOE_4017@HOTMAIL.COM', '0.00', '2024-03-21', '1'), 
      ('757', '757', 'NATURAL', '11', '28896379', 'FLORES SOLEDAD ', '', '', '(3804) 800355', '1', '3', 'PSJE SEVILLA S/N _ CONTINUACI?N DE AV RIVADAVIA', '', '0.00', '2024-03-21', '1'), 
      ('758', '758', 'NATURAL', '11', '27309090', 'RODRIGUEZ VIVIANA', '', '', '(3804) 367401', '1', '3', 'SAAVEDRA 1140 BARRIO PANGO ', 'VIVIANALRODRIGUEZ@OUTLOOK.COM', '0.00', '2024-03-21', '1'), 
      ('759', '759', 'NATURAL', '11', '16193215', 'CORDOBA MARTA EDITH', '', '', '(3834) 546288', '1', '3', 'B 30 VIV', 'CORDOBAMARTA158@GMAIL.COM', '0.00', '2024-03-21', '1'), 
      ('760', '760', 'NATURAL', '11', '13341580', 'AMALIA ISABEL MARTINEZ', '', '', '(3804) 204335', '1', '3', 'OSMAN PAEZ 1071 BARRIO MIS MONTA?AS', '', '0.00', '2024-03-21', '1'), 
      ('761', '761', 'NATURAL', '11', '24113166', 'PAULA AVELLANEDA', '', '', '', '1', '3', 'BARRIO VILLA LUJAN', 'PAULAAVELLANEDAA@GMAIL.COM', '0.00', '2024-03-21', '1'), 
      ('762', '762', 'NATURAL', '11', '16512773', 'CONTRERAS ROSARIO', '', '', '', '1', '3', 'CRISOSTOMO ALVAREZ 397- PISO 5C', '', '0.00', '2024-03-21', '1'), 
      ('763', '763', 'NATURAL', '11', '28807198', 'OVIEDO MARIA CELESTE', '', '', '(3804) 417971', '1', '3', 'COLON 668 BARRIO TAMBOR DE TACUARI', '', '0.00', '2024-03-21', '1'), 
      ('764', '764', 'NATURAL', '11', '36854128', 'AVILA YAMILA', '', '', '(3804) 105689', '1', '3', 'ASPIRANTE GARCIA 1658 BARRIO ALTA RIOJA', 'YAMILAAVILA023@GMAIL.COM', '0.00', '2024-03-21', '1'), 
      ('765', '765', 'NATURAL', '11', '26555368', 'JOFRE ANTONIO NICOLAS', '', '', '(3804) 686581', '1', '3', 'CHUBUT Y ENTRE RIOS 713', '', '0.00', '2024-03-21', '1'), 
      ('766', '766', 'NATURAL', '11', '30540248', 'PICININI LUCIANA', '', '', '(3804) 920735', '1', '3', 'AVELLANEDA 232 BARRIO CENTRO', '', '0.00', '2024-03-21', '1'), 
      ('767', '767', 'NATURAL', '11', '20613507', 'CARRION NORMA', '', '', '(3804) 631331', '1', '3', 'SAN JUAN 90 BARRIO SAN MART?N', '', '0.00', '2024-03-21', '1'), 
      ('768', '768', 'NATURAL', '11', '23117390', 'MORALES CECILIA', '', '', '(0381) 5101008', '1', '3', 'BARRIO AMPLIACION PIEDRA BUENA', 'CECIMORALES@GMAIL.COM', '0.00', '2024-03-21', '1'), 
      ('769', '769', 'NATURAL', '11', '33360143', 'IBA?EZ AZUL MARIA', '', '', '(3834) 4023580', '1', '3', 'VILLA PARQUE CHACABUCO', '', '0.00', '2024-03-21', '1'), 
      ('770', '770', 'NATURAL', '11', '27450499', 'AGUILAR NATALIA VANESA', '', '', '(3804) 588271', '1', '3', 'BARRIO MIS MONTA?A CALLE MOLLE 3107', '', '0.00', '2024-03-21', '1'), 
      ('771', '771', 'NATURAL', '11', '22428678', 'LEIVA PATRICIA DEL VALLE', '', '', '(0381) 1563609', '1', '3', 'TAMES 789', 'ROOREALESANA@GMAIL.COM', '0.00', '2024-03-21', '1'), 
      ('772', '772', 'NATURAL', '11', '33883733', 'MOLINA MARIA FERNANDA', '', '', '(3804) 923253', '1', '3', 'JOAQUIN VICTOR GONZALEZ 678', 'FERNANDAMOLINAVER@GMAIL.COM', '0.00', '2024-03-21', '1'), 
      ('773', '773', 'NATURAL', '11', '21744026', 'NADER ADRIANA', '', '', '(0381) 6008122', '1', '3', 'BARRIO SOLAR DE TAFI', 'WALPODIN@HOTMAIL.COM', '0.00', '2024-03-21', '1'), 
      ('774', '774', 'NATURAL', '11', '22607594', 'RODRIGUEZ RITA', '', '', '(3834) 013062', '1', '3', 'LA TABLADA', '', '0.00', '2024-03-21', '1'), 
      ('775', '775', 'NATURAL', '11', '17408304', 'CASTRO GRACIELA', '', '', '(3804) 381415', '1', '3', 'AV FACUNDO QUIROGA 1590', '', '0.00', '2024-03-21', '1'), 
      ('776', '776', 'NATURAL', '11', '12870826', 'ANALIA VISCIDO', '', '', '', '1', '3', 'BARRIO DIZA', '', '0.00', '2024-03-21', '1'), 
      ('777', '777', 'NATURAL', '11', '31323550', 'JIMENEZ YANINA', '', '', '(0381) 3633170', '1', '3', 'SAN MIGUEL DE TUCUMAN', 'YANINAJIMENEZ@HOTMAIL.COM', '0.00', '2024-03-21', '1'), 
      ('778', '778', 'NATURAL', '11', '17313897', 'ALVAREZ CLAUDIA ISABEL', '', '', '(3834) 591292', '1', '3', 'B LAS FLORES', '', '0.00', '2024-03-21', '1'), 
      ('779', '779', 'NATURAL', '11', '29640288', 'BOLLEA MARIELA', '', '', '(0381) 5163766', '1', '3', 'BARRIO BELGRANO', '', '0.00', '2024-03-21', '1'), 
      ('780', '780', 'NATURAL', '11', '27155894', 'PONCE CLAUDIA EDITH', '', '', '(3834) 194760', '1', '3', 'B COOPERATIVA NORTE', '', '0.00', '2024-03-21', '1'), 
      ('781', '781', 'NATURAL', '11', '22829582', 'CRUZ ERMINDA DEL CARMEN', '', '', '(3834) 606634', '1', '3', 'B 140VIV NORTE CASA61', '', '0.00', '2024-03-21', '1'), 
      ('782', '782', 'NATURAL', '11', '26061329', 'NARVAEZ EVA ROXANA', '', '', '(3804) 609690', '1', '3', 'CORRIENTES 1200 BARRIO SHINCAL', 'EVANARVAEZ77@HOTMAIL.COM', '0.00', '2024-03-21', '1'), 
      ('783', '783', 'NATURAL', '11', '23352580', 'GOMEZ ANALIA', '', '', '(3804) 442810', '1', '3', 'BARRIO COOPERATIVA CANAL 9, CALLE CARLOS COCHA 12', '', '0.00', '2024-03-21', '1'), 
      ('784', '784', 'NATURAL', '11', '34454156', 'JAVIER CARLOS BELTRAN', '', '', '(3815) 6433784', '1', '3', 'BARRIOS NORTE', 'JAVIER_2008_1@HOTMAIL.COM', '0.00', '2024-03-21', '1'), 
      ('785', '785', 'NATURAL', '11', '28349091', 'RUIZ NICOLAS EFRAIN', '', '', '(3804) 768069', '1', '3', 'BARRIO ARGENTINO CALLE CUIDAD DE LA PAMPA', '', '0.00', '2024-03-21', '1'), 
      ('786', '786', 'NATURAL', '11', '18465816', 'ELBA SABA', '', '', '(0381) 4962052', '1', '3', 'FLORIDA 2384', 'ESABA@TELEFE.COM.AR', '0.00', '2024-03-21', '1'), 
      ('787', '787', 'NATURAL', '11', '33615906', 'ALBORNOZ GEORGINA', '', '', '(0381) 5437940', '1', '3', 'BUENOS AIRES0623', '', '0.00', '2024-03-21', '1'), 
      ('788', '788', 'NATURAL', '11', '25163963', 'VACA KARINA EUGENIA', '', '', '(3513) 075411', '1', '3', 'URQUIZA 410 DPTO 1 A', '', '0.00', '2024-03-21', '1'), 
      ('789', '789', 'NATURAL', '11', '33374856', 'IGNACIO ARANDA LILIAM DE LOS MILAGROS', '', '', '(0381) 3374152', '1', '3', 'BARRIO MIGUEL LILLO', '', '0.00', '2024-03-21', '1'), 
      ('790', '790', 'NATURAL', '11', '31030969', 'NOELIA GRANITO', '', '', '(0381) 6340850', '1', '3', 'PSJ CABILDO 1461', 'NOEGRANITOS@GMAIL.COM', '0.00', '2024-03-21', '1'), 
      ('791', '791', 'NATURAL', '11', '20662257', 'GONZALEZ ZULEMA', '', '', '(0381) 4364199', '1', '3', 'AVDA AMERICO VEPUSIO 1436', 'MARIBEL.GONZALEZ.BG@GMAIL.COM', '0.00', '2024-03-21', '1'), 
      ('792', '792', 'NATURAL', '11', '3625350', 'NILDA RIVADERA', '', '', '(0381) 423682', '1', '3', 'BARRIO SUR', '', '0.00', '2024-03-21', '1'), 
      ('793', '793', 'NATURAL', '11', '28848619', 'GIMENEZ LILIANA', '', '', '(3804) 622670', '1', '3', 'BARRIO CGT SUR CASA 119 CALLE MANUEL LOBATO', '', '0.00', '2024-03-21', '1'), 
      ('794', '794', 'NATURAL', '11', '36438365', 'CABRA GABRIELA', '', '', '(3804) 358387', '1', '3', 'BARRIO CGT SUR CALLE PUBLICA I CASA 1', '', '0.00', '2024-03-21', '1'), 
      ('795', '795', 'NATURAL', '11', '22751733', 'PRELI VICTOR OMAR', '', '', '(3834) 907621', '1', '3', 'FRAY MAMERTO ESQUIU', 'V_PRELI@HOTMAIL.COM', '0.00', '2024-03-21', '1'), 
      ('796', '796', 'NATURAL', '11', '28647469', 'CORONEL ANDREA CECILIA', '', '', '(3834) 055526', '1', '3', 'B SANTA CECILIA NORTE MANZANA B CASA1', '', '0.00', '2024-03-21', '1'), 
      ('797', '797', 'NATURAL', '11', '22084829', 'SILVIA LUJAN', '', '', '(3804) 443862', '1', '3', 'IRIGOYEN 240 ', 'CRA.SILVIALUJAN@YAHOO.COM.AR', '0.00', '2024-03-21', '1'), 
      ('798', '798', 'NATURAL', '11', '37493125', 'RUIZ GISELLA DEL CARMEN', '', '', '(3804) 505973', '1', '3', 'B RICARDO PRIMERO CALLE ECHEVERR?A SUR CASA 21', '', '0.00', '2024-03-21', '1'), 
      ('799', '799', 'NATURAL', '11', '27053279', 'CALVIMONTE MARIA DANIELA', '', '', '(0383) 4745745', '1', '3', 'GUEMES 243', 'DANIELA_CALVIMONTE@HOTMAIL.COM', '0.00', '2024-03-21', '1'), 
      ('800', '800', 'NATURAL', '11', '11140971', 'NICOLAS VALLEJO', '', '', '(3804) 686439', '1', '3', 'VIAMONTE 2377', 'TIOYULY@GMAIL.COM', '0.00', '2024-03-21', '1'), 
      ('801', '801', 'NATURAL', '11', '36437586', 'PUYO LILIANA NOELIA', '', '', '(3804) 569586', '1', '3', 'BARRIO ISLAS MALVINAS CALLE MANUEL GALOS 684', '', '0.00', '2024-03-21', '1'), 
      ('802', '802', 'NATURAL', '11', '23468153', 'LUJAN ROBERTO', '', '', '(3804) 385014', '1', '3', 'CALLE DR FRENGUELLI N 134', 'ROBCHI2009@GMAIL.COM', '0.00', '2024-03-21', '1'), 
      ('803', '803', 'NATURAL', '11', '10242028', 'BAZAN ANA MARIA', '', '', '(3834) 052458', '1', '3', 'POZO EL MISTOL', '', '0.00', '2024-03-21', '1'), 
      ('804', '804', 'NATURAL', '11', '5955422', 'NATIVIDAD BAZAN', '', '', '(3834) 440328', '1', '3', 'SAN ISIDRO', '', '0.00', '2024-03-21', '1'), 
      ('805', '805', 'NATURAL', '11', '17859476', 'FERNANDEZ CLAUDIA', '', '', '(0381) 4220837', '1', '3', '25 DE MAYON 305 ', '', '0.00', '2024-03-21', '1'), 
      ('806', '806', 'NATURAL', '11', '23546595', 'CAMPOS GLADYS PATRICIA', '', '', '(3804) 667585', '1', '3', 'PROYECTADA II ESQ LOS GUANACOS BARRIO NUEVA ESPERANZA', 'CAMPOSPATRICIA19@HOTMAIL.COM', '0.00', '2024-03-21', '1'), 
      ('807', '807', 'NATURAL', '11', '26798313', 'FLORES MARIA FERNANDA', '', '', '(3804) 803479', '1', '3', 'CALLE PERITO MORENO 9000 BARRIO EL CHACHO', 'M-F-FLORES@HOTMAIL.COM', '0.00', '2024-03-21', '1'), 
      ('808', '808', 'NATURAL', '11', '39014569', 'VARELA MELISA', '', '', '(3834) 992539', '1', '3', 'B 120VIV SUR CASA 74', 'MELSAHIR@GMAIL.COM', '0.00', '2024-03-21', '1'), 
      ('809', '809', 'NATURAL', '11', '33049136', 'VARELA EMILCE', '', '', '(3834) 368450', '1', '3', 'CALLE BS AS 1383', 'EMILCE_VARELA87@YAHOO.COM.AR', '0.00', '2024-03-21', '1'), 
      ('810', '810', 'NATURAL', '11', '34218653', 'AMARILLA CARLA RAQUEL', '', '', '(3834) 214403', '1', '3', 'B PORTAL DEL NORTE MANZNA B CASA 21', 'CARLARAQUELAMARILLA@GMAIL.COM', '0.00', '2024-03-21', '1'), 
      ('811', '811', 'NATURAL', '11', '39701133', 'GASPANELLO ALESSIO', '', '', '(3801) 809165', '1', '3', 'B HOWSAY CALLE DR CESAR MILSTEIN', 'ALESIO_04_08@HOTMAIL.COM', '0.00', '2024-03-21', '1'), 
      ('812', '812', 'NATURAL', '11', '31856866', 'RAMON ORLANDO PAEZ', '', '', '(3804) 359988', '1', '3', 'BARRIO AGRARIO RUTA 5 KM 7 1\\2', '', '0.00', '2024-03-21', '1'), 
      ('813', '813', 'NATURAL', '11', '38761754', 'GOMEZ GIANINA DALILA', '', '', '(3804) 794133', '1', '3', 'CLEOFE ARIAS 523 BARRIO 25 DE MAYO NORTE', 'DALILAGOMEZ-@HOTMAIL.COM', '0.00', '2024-03-21', '1'), 
      ('814', '814', 'NATURAL', '11', '14839897', 'LEIVA GRACIELA ', '', '', '(3804) 597936', '1', '3', 'AV ROSA BAZAN DE CAMARA CASA 69 MZA 970 URBANO 8', 'TIZIANAMONTERO@HOTMAIL.COM', '0.00', '2024-03-21', '1'), 
      ('815', '815', 'NATURAL', '11', '20308453', 'NIEVA MARCELA', '', '', '(3834) 359381', '1', '3', 'SIN DOMICILIO', '', '0.00', '2024-03-21', '1'), 
      ('816', '816', 'NATURAL', '11', '26531541', 'RISSO PATRON GABRIELA', '', '', '(0381) 4450160', '1', '3', 'JUAN ALFONSO CARRIZO 457', 'MGRP.78.MGRP@GMAIL.COM', '0.00', '2024-03-21', '1'), 
      ('817', '817', 'NATURAL', '11', '33609743', 'PE?ALOZA YAMILA', '', '', '(3804) 876318', '1', '3', 'CONSCRIPTO LEGER S/N BARRIO 4 DEJUNIO', 'YAMI_LTD@HOTMAIL.COM', '0.00', '2024-03-21', '1'), 
      ('818', '818', 'NATURAL', '11', '38202746', 'FERREYRA TAMARA', '', '', '(3834) 603031', '1', '3', 'PADRE DOMINGO MOLINA N36', 'TAMY9446@GMAIL.COM', '0.00', '2024-03-21', '1'), 
      ('819', '819', 'NATURAL', '11', '37654184', 'VEGA SANCHEZ NADIA AILIN ', '', '', '(3804) 372694', '1', '3', 'MARIA EUGENIA RUARTE 68 BARRIO ATAHUALPA YUPANQUI', 'NADUVEGA1994@GMAIL.COM', '0.00', '2024-03-21', '1'), 
      ('820', '820', 'NATURAL', '11', '26054128', 'FUENTES PAOLA DANIELA', '', '', '(3804) 495236', '1', '3', 'RAQUEL TEJADA 3474 BARRIO VIRGEN DE GUADALUPE', 'PAO.FUENTES2014@GMAIL.COM', '0.00', '2024-03-21', '1'), 
      ('821', '821', 'NATURAL', '11', '37655775', 'MARTINEZ ARACELI ', '', '', '(3804) 697641', '1', '3', 'BARRIO FRANCISCO PRIMERO MZA 1028', '', '0.00', '2024-03-21', '1'), 
      ('822', '822', 'NATURAL', '11', '37092796', 'LAURA EUGENIA VILLAGRA', '', '', '(3816) 848218', '1', '3', 'PJE LAS TALAS', 'EUGEHG13@GMAIL.COM', '0.00', '2024-03-21', '1'), 
      ('823', '823', 'NATURAL', '11', '37656384', 'MARIA EUGENIA ROMANO', '', '', '(0381', '1', '3', '5672890', '', '0.00', '2024-03-21', '1'), 
      ('824', '824', 'NATURAL', '11', '37655337', 'PIZARRO LORENA', '', '', '(3804) 770150', '1', '3', 'FRANCISCO ZELADA 525 BARRIO JARD?N RESIDENCIAL', 'LORENA_PIZARRO@YMAIL.COM', '0.00', '2024-03-21', '1'), 
      ('825', '825', 'NATURAL', '11', '24309080', 'GUITIERREZ MABEL', '', '', '', '1', '3', 'B LAS FLORES', '', '0.00', '2024-03-21', '1'), 
      ('826', '826', 'NATURAL', '11', '21948337', 'ESTELA PATRICIA IBARRA', '', '', '(3814) 762800', '1', '3', 'BARRIO ISA', '', '0.00', '2024-03-21', '1'), 
      ('827', '827', 'NATURAL', '11', '16868788', 'CARRIZO VICTOR HUGO', '', '', '(3804) 506546', '1', '3', 'ACONQUIJA 501 BARRIO ALTO CARDONAL', '', '0.00', '2024-03-21', '1'), 
      ('828', '828', 'NATURAL', '11', '26771058', 'GUILL?N MARIA JOSE', '', '', '(3804) 949627', '1', '3', 'AV SAN FRANCISCO 7518 ', 'MJGUILLENTALLON@GMAIL.COM', '0.00', '2024-03-21', '1'), 
      ('829', '829', 'NATURAL', '11', '25341888', 'OLMOS ROXANA', '', '', '(3834) 369457', '1', '3', 'MOTA BOTELLO 697', 'CARINAOLMOS1128@GMAIL.COM', '0.00', '2024-03-21', '1'), 
      ('830', '830', 'NATURAL', '11', '34285201', 'FRIAS GUTIERREZ JULIO RICARDO', '', '', '(0381) 6215455', '1', '3', 'SAN MIGUEL DE TUCUMAN', 'JULIO_VIOLE@HOTMAIL.COM', '0.00', '2024-03-21', '1'), 
      ('831', '831', 'NATURAL', '11', '30089443', 'FERN?NDEZ SILVINA', '', '', '(3804) 200952', '1', '3', 'BARRIO SAN EXPEDITO CALLE JORGE LUIS BORGES CASA 1', '', '0.00', '2024-03-21', '1'), 
      ('832', '832', 'NATURAL', '11', '33883544', 'PEREYRA CLAUDIA SOLEDAD', '', '', '(3804) 252599', '1', '3', 'PASAJE SAN CAYETANO 1255 BARRIO SAN ROMAN', 'SOLEDADPEREYRA544@GMAIL.COM', '0.00', '2024-03-21', '1'), 
      ('833', '833', 'NATURAL', '11', '18101272', 'VEGA RITA ELENA', '', '', '(3834) 361904', '1', '3', 'B BELLA VISTA SAN ANTONIO FRAY MAMERTO ESQUIU', '', '0.00', '2024-03-21', '1'), 
      ('834', '834', 'NATURAL', '11', '18513623', 'JULIO CESAR RIVERO', '', '', '(3804) 331081', '1', '3', 'AV RAMIREZ DE VELAZCO MONOBLOCK 5 DPTO 33 PLANTA BAJA', 'JULIORIVERO014.JR@GMAIL.COM', '0.00', '2024-03-21', '1'), 
      ('835', '835', 'NATURAL', '11', '26856362', 'QUEVEDO MARIA EUGENIA', '', '', '(3834) 585584', '1', '3', 'AV MISIONES 1524', '', '0.00', '2024-03-21', '1'), 
      ('836', '836', 'NATURAL', '11', '34457727', 'CASTILLO SOFIA', '', '', '(3804) 234784', '1', '3', '8 DE DICIEMBRE Y SANTIAGO DEL ESTERO 297 BARRIO CENTRO', 'SBCASTILLO36@GMAIL.COM', '0.00', '2024-03-21', '1'), 
      ('837', '837', 'NATURAL', '11', '35174565', 'AGUERO CAROLINA', '', '', '(3804) 328755', '1', '3', 'RUTA 5 KM7 1\\2 BARRIO AGRARIO', '', '0.00', '2024-03-21', '1'), 
      ('838', '838', 'NATURAL', '11', '22714408', 'ABALLAY SILVINA', '', '', '(3804) 325067', '1', '3', 'JURAMENTO 66 BARRIO POLICIAL', '', '0.00', '2024-03-21', '1'), 
      ('839', '839', 'NATURAL', '11', '28896891', 'CRIADO CLAUDIA', '', '', '(3804) 806521', '1', '3', 'MONOBLOCK 2 DPTO 9 CONTINUACI?N BARCELONA', 'CLAUDI.CECI890@GMAIL.COM', '0.00', '2024-03-21', '1'), 
      ('840', '840', 'NATURAL', '11', '41958341', 'GONZALEZ JULIETA', '', '', '(3804) 554165', '1', '3', 'URBANO 41 CASA 69', 'JULI49992@GMAIL.COM', '0.00', '2024-03-21', '1'), 
      ('841', '841', 'NATURAL', '11', '28348982', 'C?CERES LORENA', '', '', '(3804) 530341', '1', '3', 'URQUIZA 1129 BARRIO CENTRO', 'LICLCACERES@GMAIL.COM', '0.00', '2024-03-21', '1'), 
      ('842', '842', 'NATURAL', '11', '42654844', 'ACU?A DAVID', '', '', '(3804) 799902', '1', '3', 'BARRIO CONCHANGASTA CALLE TINCUNACO Y PAISANDU S/N', '', '0.00', '2024-03-21', '1'), 
      ('843', '843', 'NATURAL', '11', '34914747', 'GORDILLO FLORENCIA', '', '', '(3804) 230687', '1', '3', 'AV PERON 318 BARRIO CENTRO', 'GUSTAVOARIEL_44@HOTMAIL.COM', '0.00', '2024-03-21', '1'), 
      ('844', '844', 'NATURAL', '11', '28087107', 'MOLINA SILVIA', '', '', '(3804) 247700', '1', '3', 'PJE 321 N556 BARRIO ISLAS MALVINAS', 'SILVYTA31@GPHOTMAIL.COM', '0.00', '2024-03-21', '1'), 
      ('845', '845', 'NATURAL', '11', '32853413', 'NOELIA RODRIGUEZ', '', '', '(0381) 3336937', '1', '3', 'HONDURAS 33', 'NOBEROLY@GMAIL.COM', '0.00', '2024-03-21', '1'), 
      ('846', '846', 'NATURAL', '11', '20108579', 'ROBLEDO RITA', '', '', '(3804) 689780', '1', '3', 'AV SANTA ROSA 2055 BARRIO NUEVA ESPERANZA', 'DORAROBLEDO20@GMAIL.COM', '0.00', '2024-03-21', '1'), 
      ('847', '847', 'NATURAL', '11', '33540223', 'GABRIELA DIAZ', '', '', '(3814) 378728', '1', '3', 'BARRIO VILLA MARIANO MORENO', '', '0.00', '2024-03-21', '1'), 
      ('848', '848', 'NATURAL', '11', '20253999', 'SAMBARTOLOME CLAUDIA', '', '', '', '1', '3', 'ALBERDI CORU?A SAN VICENTE CASA 39', '', '0.00', '2024-03-21', '1'), 
      ('849', '849', 'NATURAL', '11', '23036011', 'MARTINEZ ANA KARINA', '', '', '', '1', '3', 'REP?BLICA DEL BRASIL 174', 'PROFKARINAMARTINEZ@HOTMAIL.COM', '0.00', '2024-03-21', '1'), 
      ('850', '850', 'NATURAL', '11', '42215649', 'ARIANA BRAVO', '', '', '(3814) 510596', '1', '3', 'JUJUY 4900', 'ARIANAGISELLEBRAVO@GMAIL.COM', '0.00', '2024-03-21', '1'), 
      ('851', '851', 'NATURAL', '11', '33395462', 'PAEZ MARIA ALEJANDRA', '', '', '(3804) 207927', '1', '3', 'LAS ACACIAS 2564 BARRIO VIAL', 'MARIA.PAEZ1788@GMAIL.COM', '0.00', '2024-03-21', '1'), 
      ('852', '852', 'NATURAL', '11', '22071673', 'GRACIELA DEL CARMEN AVILA', '', '', '(3834) 232267', '1', '3', 'CAPITAL', 'NANDOKARUN@HOTMAIL.COM', '0.00', '2024-03-21', '1'), 
      ('853', '853', 'NATURAL', '11', '31868350', 'PAREDES MARIA BELEN ', '', '', '(3804) 394260', '1', '3', 'BARRIO HOSPITAL PEATONAL 505_ SECTOR 5 CASA 67', '', '0.00', '2024-03-21', '1'), 
      ('854', '854', 'NATURAL', '11', '11496953', 'SARMIENTO YOLANDA MIRIAN ', '', '', '(3804) 451828', '1', '3', 'REP?BLICA ARGENTINA 121 BARRIO PANAMERICANO', '', '0.00', '2024-03-21', '1'), 
      ('855', '855', 'NATURAL', '11', '21823282', 'FERN?NDEZ HUGO MARCELO ', '', '', '(3804) 300732', '1', '3', 'BARRIO MARIA AUGUSTA PJE SANTA RITA S/N ', '', '0.00', '2024-03-21', '1'), 
      ('856', '856', 'NATURAL', '11', '26555263', 'ALBORNOZ LILIANA ELIZABETH ', '', '', '(3804) 300731', '1', '3', 'PJE SANTA RITA S/N BARRIO MARIA AUGUSTA', '', '0.00', '2024-03-21', '1'), 
      ('857', '857', 'NATURAL', '11', '32412366', 'DURAN CARINA VERONICA', '', '', '(0381) 4762985', '1', '3', 'BARRIO GRAL GUEMES PASAJE SIN NOMBRE 4635', 'KLU2128@GMAIL.COM', '0.00', '2024-03-21', '1'), 
      ('858', '858', 'NATURAL', '11', '17270069', 'ARAO ADRIANA ALEJANDRA', '', '', '(0381) 6626613', '1', '3', 'MAGALLANES 612', '', '0.00', '2024-03-21', '1'), 
      ('859', '859', 'NATURAL', '11', '25074446', 'ESCOBAR JAVIER', '', '', '(0381) 6343151', '1', '3', 'MONTEROS', '', '0.00', '2024-03-21', '1'), 
      ('860', '860', 'NATURAL', '11', '23122818', 'PAEZ NORMA ALEJANDRA', '', '', '(3834) 971644', '1', '3', 'B LUIS FRANCO CASA27', '', '0.00', '2024-03-21', '1'), 
      ('861', '861', 'NATURAL', '11', '29104310', 'ALANIZ HUGO EZEQUIEL', '', '', '(3834) 951196', '1', '3', 'CALLE N8 CASA SIN N NUEVA CONETA', '', '0.00', '2024-03-21', '1'), 
      ('862', '862', 'NATURAL', '11', '27402925', 'ROBLE ANALIA MARIELA', '', '', '(3804) 500858', '1', '3', 'NICARAGUA 442 BARRIO VARGAS', 'ANITAROBLE79@GMAIL.COM', '0.00', '2024-03-21', '1'), 
      ('863', '863', 'NATURAL', '11', '32459277', 'CHARAF ANAHI', '', '', '', '1', '3', 'SAN LORENZO 123', 'ANAHICHARAZ@HOTMAIL.COM', '0.00', '2024-03-21', '1'), 
      ('864', '864', 'NATURAL', '11', '14752410', 'ODOSEA MIRIAM ', '', '', '(3804) 821936', '1', '3', 'ENTRE RIOS Y NEUQU?N DPTO 52 PLANTA ALTA BARRIO JULIO CESAR CORZO', '', '0.00', '2024-03-21', '1'), 
      ('865', '865', 'NATURAL', '11', '28348984', 'MOLINA ERICA VIVIANA', '', '', '(3804) 101514', '1', '3', 'CALLE PUBLICA CASA 39 MANZANA H BARRIO 26 DE MAYO', '', '0.00', '2024-03-21', '1'), 
      ('866', '866', 'NATURAL', '11', '32415256', 'JALIL JULIETA ROMINA', '', '', '(3834) 302828', '1', '3', 'CALLE MONSE?OR OVIEDO S/N SAN ISIDRI VALLE VIEJO', 'JHOU_LATURCA@HOTMAIL.COM', '0.00', '2024-03-21', '1'), 
      ('867', '867', 'NATURAL', '11', '24192917', 'MORAN SILVIA DEL VALLE', '', '', '(3804) 350340', '1', '3', 'ROBERTO CATAL?N S/N BARRIO SAN NICOL?S', 'SILVIADVMORAN@GMAIL.COM', '0.00', '2024-03-21', '1'), 
      ('868', '868', 'NATURAL', '11', '26347475', 'ESCUDERO MARIA', '', '', '(3804) 217727', '1', '3', 'PROYECTADA 2 Y LAS LLAMAS BARRIO NUEVA ESPERANZA', 'LUCASYVALENTINAYMARIA@GMAIL.COM', '0.00', '2024-03-21', '1'), 
      ('869', '869', 'NATURAL', '11', '26355769', 'ALEJANDRA LLANEZA ', '', '', '(3804) 479593', '1', '3', 'DARDO ROCHA 90 BARRIO CEMENTERIO', '', '0.00', '2024-03-21', '1'), 
      ('870', '870', 'NATURAL', '11', '29927380', 'DE LA FUENTE MARIA VALERIA', '', '', '(3804) 505871', '1', '3', 'YAPEYU 1256 BARRIO SHINCAL', 'MVALERIADLF@GMAIL.COM', '0.00', '2024-03-21', '1'), 
      ('871', '871', 'NATURAL', '11', '22664017', 'NU?EZ DANIELA', '', '', '(3081) 6978090', '1', '3', 'PABLO ROJAS PAZ 67- MATE DE LUNA', '', '0.00', '2024-03-21', '1'), 
      ('872', '872', 'NATURAL', '11', '21564628', 'GONZALEZ SONIA LAURA', '', '', '(4433) 019', '1', '3', 'AV. SAN FRANCISCO S\\N', '', '0.00', '2024-03-21', '1'), 
      ('873', '873', 'NATURAL', '11', '27450428', 'DELGADO FLAVIA', '', '', '(3804) 200635', '1', '3', 'AV COSTANERA 51 BARRIO LOS OLIVARES', 'ESCRIBANIADELGADO@HOTMAIL.COM.AR', '0.00', '2024-03-21', '1'), 
      ('874', '874', 'NATURAL', '11', '27451060', 'FARIAS KARINA', '', '', '(3804) 688810', '1', '3', 'CALLE VINCHINA N75 BARRIO LA HERMITILLA ', '', '0.00', '2024-03-21', '1'), 
      ('875', '875', 'NATURAL', '11', '32775694', 'ROMERO LORENA', '', '', '(0381) 6609850', '1', '3', 'BERUTI 157', '', '0.00', '2024-03-21', '1'), 
      ('876', '876', 'NATURAL', '11', '24579607', 'MERCADO SONIA', '', '', '(3804) 758222', '1', '3', 'TUPUNGATO 149 BARRIO CARDONAL ', 'S.MERCADO1220@GMAIL.COM', '0.00', '2024-03-21', '1'), 
      ('877', '877', 'NATURAL', '11', '23930928', 'URQUIZA PAOLA', '', '', '(4273) 510', '1', '3', 'BARRIO SEOC 3', 'CARIPAOURQUIZA@HOTMAIL.COM', '0.00', '2024-03-21', '1'), 
      ('878', '878', 'NATURAL', '11', '3732627', 'LOPEZ TELLO AMALIA INES', '', '', '(3804) 427210', '1', '3', 'PELAGIO B LUNA 863', '', '0.00', '2024-03-21', '1'), 
      ('879', '879', 'NATURAL', '11', '28681235', 'HELGUERO SULMA CAROLINA', '', '', '(0381) 6402617', '1', '3', 'AV SAN MARTIN 873 (BNADA RIO SALI)', 'CAROLINAHELGUERO@HOTMAIL.COM.AR', '0.00', '2024-03-21', '1'), 
      ('880', '880', 'NATURAL', '11', '31527279', 'CALIVA FLAVIA', '', '', '(3804) 364413', '1', '3', 'GUILLERMO IRIBARREN 1005 BARRIO 20 DE MAYO', '', '0.00', '2024-03-21', '1'), 
      ('881', '881', 'NATURAL', '11', '6723158', 'GODOY MARIO RAUL', '', '', '(3825) 453522', '1', '3', 'CAMILO VALDEZ 406 BARRIO MATADERO', '', '0.00', '2024-03-21', '1'), 
      ('882', '882', 'NATURAL', '11', '20684315', 'BRUNA PEREZ', '', '', '(0381) 4194915', '1', '3', 'SAN MIGUEL DE TUCUMAN', '', '0.00', '2024-03-21', '1'), 
      ('883', '883', 'NATURAL', '11', '28896874', 'TULIAN ROMINA', '', '', '(3804) 710411', '1', '3', 'CALLE ARTURO GRIMAU BARRIO BEDER HERRERA', '', '0.00', '2024-03-21', '1'), 
      ('884', '884', 'NATURAL', '11', '29284203', 'WILSON CLAUDIA', '', '', '(3804) 589424', '1', '3', 'SAGRADA FLIA S\\N BARRIO PUERTA DE LA QUEBRADA', 'CLAUWILSON@HOTMAIL.COM', '0.00', '2024-03-21', '1'), 
      ('885', '885', 'NATURAL', '11', '30569765', 'MIRANDAY JULIANA', '', '', '(3804) 532722', '1', '3', 'BARRIO 12 DE JUNIO CALLE VIAMONTE 1714', 'JULIANAMIRANDAY1@HOTMAIL.COM', '0.00', '2024-03-21', '1'), 
      ('886', '886', 'NATURAL', '11', '25728167', 'RADOWICH GLADYS', '', '', '(3804) 444287', '1', '3', 'MOLLE 2763 BARRIO COOPERATIVA CANAL 9 II', 'ABGLADYSRADOWICH@HOTMAIL.COM', '0.00', '2024-03-21', '1'), 
      ('887', '887', 'NATURAL', '11', '32561503', 'OVIEDO ANA', '', '', '(3804) 806457', '1', '3', 'B? LOTEO SAN ANDRES CALLE 5 Y 16 ', '', '0.00', '2024-03-21', '1'), 
      ('888', '888', 'NATURAL', '11', '27946631', 'PALACIOS CLAUDIA DEL VALLE', '', '', '(3804) 388612', '1', '3', 'NAPOLES 24 BARRIO SANTA JUSTINA', 'CLAUDIADELVALLEPALACIOS@GMAIL.COM', '0.00', '2024-03-21', '1'), 
      ('889', '889', 'NATURAL', '11', '25355344', 'RAMIREZ ANDREA', '', '', '(0381) 6200616', '1', '3', 'BARRIO DISA', 'RAMIREZANDREAVERONICA@YAHOO.COM.AR', '0.00', '2024-03-21', '1'), 
      ('890', '890', 'NATURAL', '11', '28906363', 'ACOSTA TERESA', '', '', '(3834) 356215', '1', '3', 'B OJO DE AGUA BRAKEBUSCH', 'ACOSTQTERESA3562@GMAIL.COM', '0.00', '2024-03-21', '1'), 
      ('891', '891', 'NATURAL', '11', '22790046', 'RODRIGUEZ SONIA BEATRIZ', '', '', '(3834) 657477', '1', '3', 'MIRA FLORES B SUR', '', '0.00', '2024-03-21', '1'), 
      ('892', '892', 'NATURAL', '11', '29839435', 'ORTIZ ERNAN', '', '', '(3804) 546172', '1', '3', 'BARRIO JOYA DEL VELAZCO CALLE HERMOSA AL FINAL. ', '', '0.00', '2024-03-21', '1'), 
      ('893', '893', 'NATURAL', '11', '25803409', 'NANCY FERRARY', '', '', '(3815) 4628895', '1', '3', 'BARRIO URQUIZA', 'NANFERRARY@HOTMAIL.COM', '0.00', '2024-03-21', '1'), 
      ('894', '894', 'NATURAL', '11', '22332370', 'NORMA CASASCO', '', '', '(0381) 3560013', '1', '3', 'BARRIO SUR', '', '0.00', '2024-03-21', '1'), 
      ('895', '895', 'NATURAL', '11', '30734859', 'VARGAS ANDREA', '', '', '(3804) 782728', '1', '3', 'PUERTO ARGENTINO BARRIO HOSPITAL', 'ANDI22_217@HOTMAIL.COM', '0.00', '2024-03-21', '1'), 
      ('896', '896', 'NATURAL', '11', '23919486', 'ARAGON RAMONA ALEJANDRA', '', '', '(0381) 3694832', '1', '3', 'LOS BULACIOS', '', '0.00', '2024-03-21', '1'), 
      ('897', '897', 'NATURAL', '11', '26722163', 'EGLOFF ROXANA', '', '', '(0381) 4372742', '1', '3', 'BARRIO PABLO 6 MNZ G CASA 21 LAS TALITAS', '', '0.00', '2024-03-21', '1'), 
      ('898', '898', 'NATURAL', '11', '16243145', 'PORTILLO NIMIA ', '', '', '(3804) 439306', '1', '3', 'PROYECTADA 9880 BARRIO LOS NARANJOS', 'NIMIAPM@HOTMAIL.COM', '0.00', '2024-03-21', '1'), 
      ('899', '899', 'NATURAL', '11', '24670166', 'GABRIELA SOLEDAD PASTRANA', '', '', '(3804) 415134', '1', '3', 'BAZAN Y BUSTOS N 151 BARRIO CENTRO', 'GABIPASTRANA1975@GMAIL.COM', '0.00', '2024-03-21', '1'), 
      ('900', '900', 'NATURAL', '11', '26433878', 'VERGARA ZULEMA', '', '', '(3834) 605871', '1', '3', 'BANDA DE VARELA', 'ZULMAVERGARA@GMAIL.COM', '0.00', '2024-03-21', '1');
COMMIT;
INSERT IGNORE INTO `clientes` (`idcliente`, `codcliente`, `tipocliente`, `documcliente`, `dnicliente`, `nomcliente`, `razoncliente`, `girocliente`, `tlfcliente`, `id_provincia`, `id_departamento`, `direccliente`, `emailcliente`, `limitecredito`, `fechaingreso`, `codsucursal`) VALUES 
      ('901', '901', 'NATURAL', '11', '27917145', 'PALAVECINO RAMONA', '', '', '(3834) 783554', '1', '3', 'LA CHACARITA', '', '0.00', '2024-03-21', '1'), 
      ('902', '902', 'NATURAL', '11', '3112720', 'JUAREZ NATALIA', '', '', '(0381) 4564494', '1', '3', 'B 23 DE FEBREORO MA L18', '', '0.00', '2024-03-21', '1'), 
      ('903', '903', 'NATURAL', '11', '28357318', 'EVELINA REMENTERIA', '', '', '(3804) 283740', '1', '3', 'BARRIO CIUDAD NUEVO OESTE MZA 1317 CASA 3', 'EVELINAREMENTERIA@GMAIL.COM', '0.00', '2024-03-21', '1'), 
      ('904', '904', 'NATURAL', '11', '22292328', 'SANTILLAN PATRICIA', '', '', '(3804) 593856', '1', '3', 'RAMON NAVARRO 1168 BARRIO MIS MONTA?A ', 'PATRICIANOE54@GMAIL.COM', '0.00', '2024-03-21', '1'), 
      ('905', '905', 'NATURAL', '11', '32802875', 'SANCHEZ ALICIA', '', '', '(3804) 357111', '1', '3', 'OLSACHER 1340 BARRIO RAMIREZ DE VELAZCO', 'IRINA_SANZ@HOTMAIL.COM', '0.00', '2024-03-21', '1'), 
      ('906', '906', 'NATURAL', '11', '22443368', 'HERRERA GUILLERMO ALEJANDRO', '', '', '(3804) 652021', '1', '3', 'ARCHIPI?LAGO DE VISCOE 34', 'GUILLERMOHERRERA@GMAIL.COM', '0.00', '2024-03-21', '1'), 
      ('907', '907', 'NATURAL', '11', '31040320', 'PABLO CORDOBA', '', '', '', '1', '3', 'BARRIO EJERCITO ARGENTINO', 'PABLOOMARCORDOBA@GMAIL.COM', '0.00', '2024-03-21', '1'), 
      ('908', '908', 'NATURAL', '11', '41376843', 'PAZ JESSICA', '', '', '(0381) 3987525', '1', '3', 'CHA?AR', '', '0.00', '2024-03-21', '1'), 
      ('909', '909', 'NATURAL', '11', '43964866', 'LUCIANA VALDEZ', '', '', '(0381) 6780116', '1', '3', 'BARRIO PARADI', '', '0.00', '2024-03-21', '1'), 
      ('910', '910', 'NATURAL', '11', '27962928', 'MARCELA PELLEGRI', '', '', '(0381) 3444499', '1', '3', 'BARRIO SUR', 'MARCELAPELLEGRI27@GMAIL.COM', '0.00', '2024-03-21', '1'), 
      ('911', '911', 'NATURAL', '11', '23098779', 'SANTILLAN MARIA MARCELA', '', '', '(3804) 567980', '1', '3', 'COMECHINGONES 2373 BARRIO FACUNDO QUIROGA', 'MARCEZAVALEY@HOTMAIL.COM', '0.00', '2024-03-21', '1'), 
      ('912', '912', 'NATURAL', '11', '23927163', 'JUDITH ARANDA', '', '', '(0381) 4913862', '1', '3', 'LULES', '', '0.00', '2024-03-21', '1'), 
      ('913', '913', 'NATURAL', '11', '26209494', 'MAGALI CHAVEZ', '', '', '', '1', '3', 'BARRIO NORTE', '', '0.00', '2024-03-21', '1'), 
      ('914', '914', 'NATURAL', '11', '43202781', 'RAMIRO DIDOT', '', '', '(0381) 3923772', '1', '3', 'BARRIO 9 DE JULIO', 'NICOLASDIDOT@GMAIL.COM', '0.00', '2024-03-21', '1'), 
      ('915', '915', 'NATURAL', '11', '31950311', 'MONICA GOELNNER ', '', '', '(3804) 855010', '1', '3', 'PROYECTADA 7 QUITO CASA 3 BARRIO JUAN DOMINGO PERON ', '', '0.00', '2024-03-21', '1'), 
      ('916', '916', 'NATURAL', '11', '44760541', 'EXEQUIEL ACU?A', '', '', '(3815) 749212', '1', '3', 'BARRIO NORTE', '', '0.00', '2024-03-21', '1'), 
      ('917', '917', 'NATURAL', '11', '27155646', 'MERCADO JUAN', '', '', '(3834) 009119', '1', '3', 'B VILLA PARQUE CHACABUCO', '', '0.00', '2024-03-21', '1'), 
      ('918', '918', 'NATURAL', '11', '26344978', 'ROXANA ARGENTINA GONZALEZ', '', '', '(3815) 425356', '1', '3', 'BARRIO INDEPENDENCIA', '', '0.00', '2024-03-21', '1'), 
      ('919', '919', 'NATURAL', '11', '23564606', 'ANDREA ISABEL CAMPOS', '', '', '(3816) 849938', '1', '3', 'BARRIO LOLA MORA', '', '0.00', '2024-03-21', '1'), 
      ('920', '920', 'NATURAL', '11', '25543087', 'MENA ANDREA KARINA', '', '', '(0381) 5854663', '1', '3', 'LA PLATA 767', '', '0.00', '2024-03-21', '1'), 
      ('921', '921', 'NATURAL', '11', '50564133', 'BRENT CONDE', '', '', '(0381) 661277', '1', '3', 'ROCA Y 9 DE JULIO', '', '0.00', '2024-03-21', '1'), 
      ('922', '922', 'NATURAL', '11', '27909256', 'JUAN MANUEL MANSILLA', '', '', '(3816) 532500', '1', '3', 'ZONA CENTRO', '', '0.00', '2024-03-21', '1'), 
      ('923', '923', 'NATURAL', '11', '28488810', 'ROMINA RUIZ', '', '', '(0381) 4225090', '1', '3', 'ALDERETES', '', '0.00', '2024-03-21', '1'), 
      ('924', '924', 'NATURAL', '11', '25117116', 'CHAZAMPI CARINA', '', '', '(3834) 265748', '1', '3', 'VALLE CHICO', '', '0.00', '2024-03-21', '1'), 
      ('925', '925', 'NATURAL', '11', '32775198', 'BALDERRAMA ROXANA MABEL', '', '', '(3074) 4813', '1', '3', 'BARRIO VIRGEN DEL HUERTO', '', '0.00', '2024-03-21', '1'), 
      ('926', '926', 'NATURAL', '11', '26517415', 'JUAREZ JOSE', '', '', '(0381) 5173464', '1', '3', 'BARRIO VILLA ALEM', 'SALISA1979@GMAIL.COM', '0.00', '2024-03-21', '1'), 
      ('927', '927', 'NATURAL', '11', '24605242', 'CEZAR SILVIA NATALIA', '', '', '(3834) 508902', '1', '3', 'B INTA SUMALAO', 'NATU201455@GMAIL.COM', '0.00', '2024-03-21', '1'), 
      ('928', '928', 'NATURAL', '11', '27369540', 'GOMEZ SILVIO', '', '', '(3821) 665274', '1', '3', 'GRAL ROCA 3 BARRIO JARDIN', 'SILVIOGOMEZ69@HOTMAIL.COM', '0.00', '2024-03-21', '1'), 
      ('929', '929', 'NATURAL', '11', '26771776', 'ROMERO CRISTINA MARIA DEL VALLVALLE', '', '', '(3804) 850124', '1', '3', 'PROYECTADA 1 BARRIO NUEVA ESPERANZA CASA 9001', '', '0.00', '2024-03-21', '1'), 
      ('930', '930', 'NATURAL', '11', '25737255', 'PATRICIA ROJAS', '', '', '(3804) 504961', '1', '3', 'AVELLANEDA 122', 'PATRICIAROJASQUINTEROS@GMAIL.COM', '0.00', '2024-03-21', '1'), 
      ('931', '931', 'NATURAL', '11', '39885934', 'MICAELA BLANCHE', '', '', '(3804) 227281', '1', '3', 'AV. YACAMPIS MONOBLOCK 7 DPTO 56', 'MICAELABLANCHE54@GMAIL.COM', '0.00', '2024-03-21', '1'), 
      ('932', '932', 'NATURAL', '11', '23616331', 'FUENTES MARIA DEL CARMEN', '', '', '(3804) 868553', '1', '3', 'BARRIO LOS OBREROS II CALLE SONIA LANDER MZA 7 CASA 21', '', '0.00', '2024-03-21', '1'), 
      ('933', '933', 'NATURAL', '11', '14447053', 'CARRANZA MARIA ISABEL', '', '', '(3804) 502024', '1', '3', 'CALLE 7 CASA 173 BARRIO CGT SUR', '', '0.00', '2024-03-21', '1'), 
      ('934', '934', 'NATURAL', '11', '18500714', 'CAMPOS MARCELO DAVID', '', '', '(3804) 251381', '1', '3', 'GUAYAQUIL 142 BARRIO FERROVIARIO', 'MARCELO67_CAMPOS@HOTMAIL.COM', '0.00', '2024-03-21', '1'), 
      ('935', '935', 'NATURAL', '11', '32903834', 'PIZARRO BUSTOS MARIA BELEN', '', '', '(3804) 113437', '1', '3', 'CARLOS PELLEGRINI 617 BARRIO EVITA', 'BELENPIZARRO112@GMAIL.COM', '0.00', '2024-03-21', '1'), 
      ('936', '936', 'NATURAL', '11', '31809570', 'FLORES VERONICA', '', '', '(0381) 5477425', '1', '3', 'VILLA MARIANO MORENO CLLE 31 NRO 17', 'VERONICKA070809@GMAIL.COM', '0.00', '2024-03-21', '1'), 
      ('937', '937', 'NATURAL', '11', '32561920', 'REYNOSO NIETO YESICA', '', '', '(3804) 370085', '1', '3', 'NICOLAS CORDOBA 1051 BARRIO VARGAS', 'YEGIDON@GMAIL.COM', '0.00', '2024-03-21', '1'), 
      ('938', '938', 'NATURAL', '11', '12413265', 'BENEDEK ANA MARIA', '', '', '(0381) 5309170', '1', '3', 'RINCON DEL ESTE', 'ANAMARIABENEDEK@LIVE.COM', '0.00', '2024-03-21', '1'), 
      ('939', '939', 'NATURAL', '11', '30888641', 'MALDONADA GABRIELA YUDITH', '', '', '(3804) 306053', '1', '3', 'LUCENA ESQUINA INDIO SANAGUA BARRIO YACAMPIS', 'GABRIELA_84_24@HOTMAIL.COM', '0.00', '2024-03-21', '1'), 
      ('940', '940', 'NATURAL', '11', '27142150', 'SANCHEZ GRACIELA', '', '', '(3804) 415722', '1', '3', 'PELAGIO B LUNA 386 BARRIO CENTRO', 'SANCHEZGRACIELA034@GMAIL.COM', '0.00', '2024-03-21', '1'), 
      ('941', '941', 'NATURAL', '11', '27451106', 'MONTOYA PAULA ANDREA', '', '', '(3804) 212588', '1', '3', 'BARRIO NESTOR KIRCHNER 1265 ', 'ANDREASOL6@HOTMAIL.COM', '0.00', '2024-03-21', '1'), 
      ('942', '942', 'NATURAL', '11', '33749672', 'TANIA LEILA RECCE', '', '', '(3804) 569639', '1', '3', 'PEATONAL 1 SECTOR 4 CASA 54 BARRIO AGAVES', 'TANIARECCE14@GMAIL.COM', '0.00', '2024-03-21', '1'), 
      ('943', '943', 'NATURAL', '11', '22714270', 'ROMERO BARRIOS NORBERTO CARLOS', '', '', '(3804) 924140', '1', '3', 'PROYECTADA MZA 18 LOTE T BARRIO VIRGEN DEL VALLE', 'EZEQUIELOMERO12@GMAIL.COM', '0.00', '2024-03-21', '1'), 
      ('944', '944', 'NATURAL', '11', '23024182', 'DIAZ PONCE CLAUDIA', '', '', '(3834) 631998', '1', '3', 'CALLE SALTA 349', 'CLAUDIAZ_1803@HOTMAIL.COM', '0.00', '2024-03-21', '1'), 
      ('945', '945', 'NATURAL', '11', '28357079', 'FERNANDO MAURICIO NICOLAS', '', '', '(3804) 928974', '1', '3', 'AIMOGASTA BARRIO 80 VIVIENDAS CASA 39', 'MAURICIOFERNANDO806@GMAIL.COM', '0.00', '2024-03-21', '1'), 
      ('946', '946', 'NATURAL', '11', '34061820', 'CORZO FERNANDA', '', '', '(3804) 617959', '1', '3', 'BENJAMIN MATIENZO BARRIO TAMBOR DE TACUARI', '', '0.00', '2024-03-21', '1'), 
      ('947', '947', 'NATURAL', '11', '29878518', 'LEDESMA VANESSA', '', '', '(0381) 3011510', '1', '3', 'BARRIO VILLA ALAEM', 'VANESSA.LEDESMA@HOTMAIL.COM', '0.00', '2024-03-21', '1'), 
      ('948', '948', 'NATURAL', '11', '32727354', 'GUIUDIE ROBERTO DAVID', '', '', '(3804) 816564', '1', '3', 'CALLE PUBLICA S/N BARRIO 52 VIVIENDAS', 'JOTTO_11@HOTMAIL.COM', '0.00', '2024-03-21', '1'), 
      ('949', '949', 'NATURAL', '11', '18059139', 'LUNA ALEJANDRA ANTONIA', '', '', '(3804) 549820', '1', '3', 'APOSTOL TOMAS 1250 BARRIO SAN CAYETANO', '', '0.00', '2024-03-21', '1'), 
      ('950', '950', 'NATURAL', '11', '39701242', 'LAGORIA MACARENA', '', '', '(3804) 418185', '1', '3', 'AV ANGELELLI 766 BARRIO SANTA JUSTINA NORTE', '', '0.00', '2024-03-21', '1'), 
      ('951', '951', 'NATURAL', '11', '27052401', 'BAZAN ANGELICA', '', '', '(3804) 802399', '1', '3', 'BARRIO 52 VV CALLE PROYECTADA MZA Q3 CASA 23', 'ANGELICABAZAN99@GMAIL.COM', '0.00', '2024-03-21', '1'), 
      ('952', '952', 'NATURAL', '11', '38762174', 'RODRIGUEZ BRAIAN CRISTIAN ', '', '', '(3804) 647056', '1', '3', 'BARRIO INMACULADO S/N', '', '0.00', '2024-03-21', '1'), 
      ('953', '953', 'NATURAL', '11', '24340921', 'PEREZ ANALIA', '', '', '(0381) 3026448', '1', '3', 'LAVALLE 851', '', '0.00', '2024-03-21', '1'), 
      ('954', '954', 'NATURAL', '11', '33758789', 'ROMERO CASTILLO CAROL ELIANA', '', '', '(3834) 666601', '1', '3', 'SUMALAO VALLE VIEJO', 'CAROLELIANARO@GMAIL.COM', '0.00', '2024-03-21', '1'), 
      ('955', '955', 'NATURAL', '11', '12220165', 'JOSEFA GUILLORME', '', '', '(0381) 4019626', '1', '3', 'MANANTIAL', 'JOSEGUILLORME@GMAIL.COM', '0.00', '2024-03-21', '1'), 
      ('956', '956', 'NATURAL', '11', '23711127', 'RODRIGUEZ ELISA SILVINA', '', '', '(3804) 534260', '1', '3', 'CONTINUACION LOS GRANADOS S\\N BARRIO 8 DE DIC.', 'ELISASILVINA@HOTMAIL.COM', '0.00', '2024-03-21', '1'), 
      ('957', '957', 'NATURAL', '11', '27575071', 'NATILIA MANUEL', '', '', '(0381) 5268383', '1', '3', 'AV ROCA 2600', '', '0.00', '2024-03-21', '1'), 
      ('958', '958', 'NATURAL', '11', '30919606', 'OYOLA NATALIA', '', '', '(0816) 56129', '1', '3', 'MATHEU 1953', '', '0.00', '2024-03-21', '1'), 
      ('959', '959', 'NATURAL', '11', '27946819', 'NATALIA SOLEDAD FOLLEDO', '', '', '(3804) 215097', '1', '3', 'PUERTO NUEVO 1857 BARRIO SANTA CELIA', 'NATYSOL09@LIVE.COM', '0.00', '2024-03-21', '1'), 
      ('960', '960', 'NATURAL', '11', '29060589', 'RUIZ FLORES MARIA CECILIA', '', '', '(0381) 6210182', '1', '3', 'TAMES 146', 'CECI_RUIZFLORES@GMAIL.COM', '0.00', '2024-03-21', '1'), 
      ('961', '961', 'NATURAL', '11', '31632939', 'VILLEGA CARINA', '', '', '(3804) 225582', '1', '3', 'JORGE LUIS BORGES CASA 12', 'NATY10VILLEGA@GMAIL.COM', '0.00', '2024-03-21', '1'), 
      ('962', '962', 'NATURAL', '11', '23701789', 'TABORDA CECILIA ESTELA', '', '', '(3804) 648941', '1', '3', 'FRAGATA SARMIENTO S/N BARRIO 4 DE JUNIO', '', '0.00', '2024-03-21', '1'), 
      ('963', '963', 'NATURAL', '11', '27537400', 'VI?AS MARIA JOSE', '', '', '(3804) 652248', '1', '3', 'ALGARROBO BLANCO 1550 BARRIO GINOBILI ', 'SOLANA_79@HOTMAIL.COM', '0.00', '2024-03-21', '1'), 
      ('964', '964', 'NATURAL', '11', '31771143', 'FUENTES MARCOS', '', '', '(3804) 217351', '1', '3', 'AV SAN FRANCISCO KM3 CASA 463 ', 'MFNGONZALEZ@GMAIL.COM', '0.00', '2024-03-21', '1'), 
      ('965', '965', 'NATURAL', '11', '20253124', 'MALDONADO LUNA M?NICA BEATRIZ', '', '', '(3804) 582411', '1', '3', 'GONZALO DE BERSEA 714 BARRIO TAMBOR DE TACUARI', '', '0.00', '2024-03-21', '1'), 
      ('966', '966', 'NATURAL', '11', '29624032', 'RIOS MERCEDES DEL CARMEN', '', '', '(3804) 675321', '1', '3', 'AV SAN NICOLAS DE BARI ESTE 1567', '', '0.00', '2024-03-21', '1'), 
      ('967', '967', 'NATURAL', '11', '27751287', 'RAMIREZ CAROLINA', '', '', '(0381) 5029858', '1', '3', 'SAN JUAN 2827', 'DRACAROLINARAMIREZ@HOTMAIL.COM', '0.00', '2024-03-21', '1'), 
      ('968', '968', 'NATURAL', '11', '33332235', 'MARIELA CARRIZO', '', '', '(0381) 6530649', '1', '3', 'BARRIO VILLA AMALIA', 'MARUCARRIZO87@GMAIL.COM', '0.00', '2024-03-21', '1'), 
      ('969', '969', 'NATURAL', '11', '30090749', 'FLORENCIA ARAUJO', '', '', '(3813) 043959', '1', '3', 'BARRIO AZUCENA', 'FLOARAUJO83@HOTMAIL.COM', '0.00', '2024-03-21', '1'), 
      ('970', '970', 'NATURAL', '11', '23963151', 'MOLINA LAURA', '', '', '(3804) 417604', '1', '3', 'COYAS 2102 BARRIO FACUNDO QUIROGA', 'LAUSANTHIARI@GMAIL.COM', '0.00', '2024-03-21', '1'), 
      ('971', '971', 'NATURAL', '11', '28479762', 'LEDESMA CLAUDIA', '', '', '(0381) 4366587', '1', '3', 'GENERAL OYEROS 2131', '', '0.00', '2024-03-21', '1'), 
      ('972', '972', 'NATURAL', '11', '35727542', 'LUCIA TAVELLA', '', '', '(0381) 5414656', '1', '3', 'BUENOS AIRES 424', 'LUTAVELLA5@GMAIL.COM', '0.00', '2024-03-21', '1'), 
      ('973', '973', 'NATURAL', '11', '94283097', 'NANCY HUANCA', '', '', '(0381) 4359590', '1', '3', 'BARRIO 2 DE SWEPTIEMBRE MZ10 LOTE 3', '', '0.00', '2024-03-21', '1'), 
      ('974', '974', 'NATURAL', '11', '20495638', 'SOSA BLANCA', '', '', '(0381) 3594410', '1', '3', 'CONGRESO222', 'NOEMI@RICARDOCMORA.COM.AR', '0.00', '2024-03-21', '1'), 
      ('975', '975', 'NATURAL', '11', '27351528', 'NANNI SONIA ', '', '', '(3834) 780327', '1', '3', 'SANTA ROSA VALLE VIEJO', '', '0.00', '2024-03-21', '1'), 
      ('976', '976', 'NATURAL', '11', '34328683', 'SGOBBA MARIA EUGENIA', '', '', '(3804) 750703', '1', '3', 'BARRIO SAN ANDRES LOTE 1 MZA 53 ', 'MARU_JYJ@HOTMAIL.COM', '0.00', '2024-03-21', '1'), 
      ('977', '977', 'NATURAL', '11', '29612865', 'COLQUE MIRIAM ANDREA', '', '', '(3834) 292444', '1', '3', 'LOS CHA?ARITOS CAPAYAN', 'MIRIAM17COLQUE@GMAIL.COM', '0.00', '2024-03-21', '1'), 
      ('978', '978', 'NATURAL', '11', '39701207', 'DELUIGI VALERIA AGOSTINA', '', '', '(3804) 351186', '1', '3', '25 DE MAYO SUR MARIA ARG?ELLO CASA 955', 'AGOSTINADELUIGI@GMAIL.COM', '0.00', '2024-03-21', '1'), 
      ('979', '979', 'NATURAL', '11', '34129241', 'ENCINA LAURA JULIETA', '', '', '(3834) 513085', '1', '3', 'CORRIENTES827', '', '0.00', '2024-03-21', '1'), 
      ('980', '980', 'NATURAL', '11', '29786644', 'GOMEZ PAOLA CECILIA', '', '', '(3834) 615328', '1', '3', '160VIV NORTE', 'PAOJCGOMEZ@GMAUL.COM', '0.00', '2024-03-21', '1'), 
      ('981', '981', 'NATURAL', '11', '31201344', 'MENDOZA GONZALO', '', '', '(3804) 784875', '1', '3', 'BARRIO COCHANGASTA CALLE TINCUNACO CASA 60', 'GON_MENDOZA@HOTMAIL.COM', '0.00', '2024-03-21', '1'), 
      ('982', '982', 'NATURAL', '11', '40821148', 'ROMERO VALERIA', '', '', '(3804) 564731', '1', '3', 'BARRIO ANTARTIDA III CALLE PUBLICA D N11 ', 'VALERIAROMERO1610@GMAIL.COM', '0.00', '2024-03-21', '1'), 
      ('983', '983', 'NATURAL', '11', '25869312', 'GIUDICI LUCIANA', '', '', '(3804) 297771', '1', '3', 'URBANO 29 MZA 1214 CASA 75', 'LULI_203@OUTLOOK.ES', '0.00', '2024-03-21', '1'), 
      ('984', '984', 'NATURAL', '11', '24853109', 'OVIEDO PAOLA BEATR?Z', '', '', '(3804) 319508', '1', '3', 'JUAN BILMEZIZ 1727 BARRIO JARD?N NORTE ', '', '0.00', '2024-03-21', '1'), 
      ('985', '985', 'NATURAL', '11', '23313995', 'ARGA?ARAZ CLAUDIA KARINA', '', '', '(3804) 585129', '1', '3', 'CALLE PALO CRUZ CASA 15 BARRIO FALDEFALDEO DEL VELAZCO SUR ', 'CLAUDIACARINA00@HOTMAIL.COM', '0.00', '2024-03-21', '1'), 
      ('986', '986', 'NATURAL', '11', '33394893', 'ARTAZA JESICA VALERIA', '', '', '(3804) 200999', '1', '3', 'GONZALO DE BERCEO 981 BARRIO TAMBOR DE TACUARI', 'JESICAARTAZA@HOTMAIL.COM', '0.00', '2024-03-21', '1'), 
      ('987', '987', 'NATURAL', '11', '32727028', 'AGUDO CORZO NADIA', '', '', '(3804) 341931', '1', '3', 'PELLEGRINI 710 BARRIO EVITA', 'NADU_AC@HOTMAIL.COM', '0.00', '2024-03-21', '1'), 
      ('988', '988', 'NATURAL', '11', '24338181', 'ROBLES MARTA', '', '', '(3804) 206124', '1', '3', 'POLIN NEYEN 885 BARRIO CARLOS MENEM JUNIORS', 'EMILIALR5@HOTMAIL.COM', '0.00', '2024-03-21', '1'), 
      ('989', '989', 'NATURAL', '11', '31128618', 'YANINA MANSSOR', '', '', '(3804) 395914', '1', '3', 'BARRIO NESTOR KIRCHNER MANZANA 265 CASA 32', '', '0.00', '2024-03-21', '1'), 
      ('990', '990', 'NATURAL', '11', '28115058', 'BELTRAMO FLORENCIA', '', '', '(3804) 611918', '1', '3', 'SAMUEL LUNA 515 BARRIO VARGAS', 'FLORENCIABELTRAMO@LIVE.COM', '0.00', '2024-03-21', '1'), 
      ('991', '991', 'NATURAL', '11', '31128744', 'MORENO MARIA IVANA', '', '', '(3804) 239119', '1', '3', 'ARTURO GRIMAU BARRIO BEDER HERRERA', '', '0.00', '2024-03-21', '1'), 
      ('992', '992', 'NATURAL', '11', '22714183', 'FLORES MOYANO MARIEL', '', '', '(3804) 642851', '1', '3', 'COTAGAITA 18 BARRIO LOS CERROS', 'MARIELAFLORESMOYANO@GMAIL.COM', '0.00', '2024-03-21', '1'), 
      ('993', '993', 'NATURAL', '11', '29942196', 'DIAZ FABRICIO NICOLAS', '', '', '(3804) 241175', '1', '3', 'AV SAN FRANCISCO KM2.5 ', 'FABRICIODNA415@GMAIL.COM', '0.00', '2024-03-21', '1'), 
      ('994', '994', 'NATURAL', '11', '24777322', 'LARREY PAULA', '', '', '(3804) 373587', '1', '3', 'BARNEA S\\N BARRIO OLIVOS DE LA QUEBRADA', 'PAULA_LARREY@HOTMAIL.COM', '0.00', '2024-03-21', '1'), 
      ('995', '995', 'NATURAL', '11', '23828796', 'CANCINO MARIA', '', '', '(0381) 4476161', '1', '3', 'EL CHA?AR', '', '0.00', '2024-03-21', '1'), 
      ('996', '996', 'NATURAL', '11', '37484746', 'CEVINI MOLINA LUCIANA, CAROLINA', '', '', '(0381) 6737163', '1', '3', 'PASAJE ARAOS 2070', 'CAROLINAMOLINA.TOMASBENJAMIN@GMAIL.COM', '0.00', '2024-03-21', '1'), 
      ('997', '997', 'NATURAL', '11', '34457639', 'CHRISTIAN VEGA', '', '', '(3804) 593189', '1', '3', 'RAUL SUFAN Y EDUARDO MORALES BARRIO GINOBILI CASA 18', 'CHRISTIAN.VEGA138@GMAIL.COM', '0.00', '2024-03-21', '1'), 
      ('998', '998', 'NATURAL', '11', '37416214', 'RODRIGUEZ FLORENCIA', '', '', '(3804) 502990', '1', '3', 'CALL MAYAS ESQUINA QUERANDIES BARRIO FACUNDO QUIROGS', 'FLORENCIARODRIGUEZ214@GMAIL.COM', '0.00', '2024-03-21', '1'), 
      ('999', '999', 'NATURAL', '11', '24284635', 'VAZQUEZ MARIA ANGELICA', '', '', '(3804) 426176', '1', '3', 'HUNICKEN 2048 BARRIO 25 DE MAYO NORTE', 'MARAVAZ.10@HOTMAIL.COM', '0.00', '2024-03-21', '1'), 
      ('1000', '1000', 'NATURAL', '11', '29723364', 'IRIARTE ANA', '', '', '(3804) 216338', '1', '3', 'AV.ROQUE A LUNA CASA 40 BARRIO CENTRO', 'ANAIRIARTEBARROS0611@GMAIL.COM', '0.00', '2024-03-21', '1'), 
      ('1001', '1001', 'NATURAL', '11', '34992230', 'FUENTES JIMENA LEONOR', '', '', '(3804) 384425', '1', '3', 'INDEPENDENCIA 319 BARRIO FERROVIARIO ', 'JIME_AV_EV@HOTMAIL.COM', '0.00', '2024-03-21', '1'), 
      ('1002', '1002', 'NATURAL', '11', '31903289', 'FUENTES ROMINA', '', '', '(3804) 4271920', '1', '3', 'VICENTE BUSTO 420 ', 'ROMINA_FUENTES07@HOTMAIL.COM', '0.00', '2024-03-21', '1'), 
      ('1003', '1003', 'NATURAL', '11', '41047443', 'CORDOBA DUARTE LOURDES MICAELA ', '', '', '(3804) 296878', '1', '3', 'PADRE CAMA?O 557 BARRIO EVITA', 'CORDOBALOURDES489@GMAIL.COM', '0.00', '2024-03-21', '1'), 
      ('1004', '1004', 'NATURAL', '11', '31527281', 'RODRIGUEZ MARIA FERNANDA', '', '', '(3804) 361112', '1', '3', 'AV RAMIREZ DE VELAZCO 1746 BARRIO VARGAS', 'FERNANDA85_RODRIGUEZ@HOTMAIL.COM', '0.00', '2024-03-21', '1'), 
      ('1005', '1005', 'NATURAL', '11', '32797364', 'RODRIGUEZ MERCEDES', '', '', '(3804) 611986', '1', '3', 'ITUZAINGO 706 BARRIO VARGAS', 'RODRIGUEZMERCEDES869@GMAIL.COM', '0.00', '2024-03-21', '1'), 
      ('1006', '1006', 'NATURAL', '11', '27351238', 'VEGA MARIA GABRIELA', '', '', '(3834) 109099', '1', '3', 'B SAN JORGE PASAJE PEDRO CANO S/N CASI ESQUINA ORTIZ DE OCAMPO', '', '0.00', '2024-03-21', '1'), 
      ('1007', '1007', 'NATURAL', '11', '31655855', 'DECIMA CELIA FLORENCIA', '', '', '(3804) 935149', '1', '3', 'JOAQU?N VICTOR GONZALEZ 655 MONOBLOCK A PLANTA BAJA DPTO 7', 'TOYTOY25@HOTMAIL.COM.AR', '0.00', '2024-03-21', '1'), 
      ('1008', '1008', 'NATURAL', '11', '27945510', 'ALBARADO MARIA', '', '', '(0381) 1522015', '1', '3', 'BARRIO ECHEVERRIA', 'ALVARADOS020@GMAIL.COM', '0.00', '2024-03-21', '1'), 
      ('1009', '1009', 'NATURAL', '11', '22443121', 'GUERRERO NANCY BEATR?Z', '', '', '(3804) 469501', '1', '3', 'JUAN GELMAN 73 MZA 1097 BARRIO CARLOS ONETO ', '', '0.00', '2024-03-21', '1'), 
      ('1010', '1010', 'NATURAL', '11', '38225600', 'C?RDOBA EVELYN DANIELA', '', '', '(3834) 546911', '1', '3', 'JUAN PABLO VERA S/N SAN FERNANDO DEL VALLE DE CATAMARCA', '', '0.00', '2024-03-21', '1'), 
      ('1011', '1011', 'NATURAL', '11', '7680823', 'ALBERTO OLIVERA', '', '', '(0381) 4361217', '1', '3', 'AVENIDA MATE DE LUNA', '', '0.00', '2024-03-21', '1'), 
      ('1012', '1012', 'NATURAL', '11', '27351299', 'PICON CARLOS EDUARDO', '', '', '(3834) 007583', '1', '3', 'CASEROS 251', 'CARLOSEDUARDO1380@GMAIL.COM', '0.00', '2024-03-21', '1'), 
      ('1013', '1013', 'NATURAL', '11', '30504529', 'ALVAREZ GABRIELA', '', '', '(3834) 374773', '1', '3', 'SINFOREANO HERRERA 162', 'GABYGSA1409@GMAIL.COM', '0.00', '2024-03-21', '1'), 
      ('1014', '1014', 'NATURAL', '11', '26353810', 'VERASAY GRACIELA ADRIANA', '', '', '(3804) 201163', '1', '3', 'CALLE INDIO CHAMBICO S/N BARRIO YACAMPI', 'GRAYVERASAY@GMAIL.COM', '0.00', '2024-03-21', '1'), 
      ('1015', '1015', 'NATURAL', '11', '33049078', 'GORDILLO NOELIA', '', '', '(3834) 213294', '1', '3', 'SAN ISIDRO', 'NOELIA.GORDILLO@TARJETAPLATA.COM', '0.00', '2024-03-21', '1'), 
      ('1016', '1016', 'NATURAL', '11', '23016313', 'VEGA ETHEL CARINA', '', '', '(3804) 232770', '1', '3', 'URBANO 24 MZA C3 CASA 59 CALLE PADRE ESTEBAN INESTAL ', 'ETHELCARINAV@GMAIL.COM', '0.00', '2024-03-21', '1'), 
      ('1017', '1017', 'NATURAL', '11', '31354499', 'CACERES ERICA GISELL', '', '', '(0381) 6284585', '1', '3', 'CONGRESO 617', '', '0.00', '2024-03-21', '1'), 
      ('1018', '1018', 'NATURAL', '11', '24409593', 'CARLA CORDOBA', '', '', '(0381) 5595933', '1', '3', 'BARRIO SUR', 'CARLALANUS01@GMAIL.COM', '0.00', '2024-03-21', '1'), 
      ('1019', '1019', 'NATURAL', '11', '43692234', 'ROBLEDO BULACIO EMILY MARIANELA ', '', '', '(3834) 561617', '1', '3', 'B PERON', '', '0.00', '2024-03-21', '1'), 
      ('1020', '1020', 'NATURAL', '11', '45195398', 'NATALIA QUIROGA', '', '', '(0381) 6787306', '1', '3', 'BARRIO LAS MARIAS, YERBA BUENA', 'QUIROGAA.NATI3@ICLOUD.COM', '0.00', '2024-03-21', '1'), 
      ('1021', '1021', 'NATURAL', '11', '40827721', 'BALLEJOS LUCIA', '', '', '(0381) 6640230', '1', '3', 'LASTE?A', '', '0.00', '2024-03-21', '1'), 
      ('1022', '1022', 'NATURAL', '11', '45726299', 'LUCIANA RUIZ', '', '', '(0381) 5269744', '1', '3', 'BARRIO ZOEME , LAS TALITAS', '', '0.00', '2024-03-21', '1'), 
      ('1023', '1023', 'NATURAL', '11', '26804700', 'CARDOSO ROSA BEATRIZ', '', '', '(3834) 578769', '1', '3', 'B SAN ANTONIO SUR MANZANA F CASA4', 'ROSAVARELACARDOSO@GMAIL.COM', '0.00', '2024-03-21', '1'), 
      ('1024', '1024', 'NATURAL', '11', '27016332', 'ROSANA LARRAHONA', '', '', '(0381) 4346622', '1', '3', 'LAS DE TAFI', 'RLARRAHONA2012@GMAIL.COM', '0.00', '2024-03-21', '1'), 
      ('1025', '1025', 'NATURAL', '11', '33360150', 'GREGORINI MARIA CARLA', '', '', '(3834) 291697', '1', '3', 'JULIO HERRERA 112', 'CARLA.GREGORINI@GMAIL.COM', '0.00', '2024-03-21', '1'), 
      ('1026', '1026', 'NATURAL', '11', '25746326', 'BRACAMONTE LORENA', '', '', '(3834) 298196', '1', '3', 'VALLE VIEJO POLCOS', '', '0.00', '2024-03-21', '1'), 
      ('1027', '1027', 'NATURAL', '11', '21635901', 'ACOSTA NORMA MABEL', '', '', '(0381) 3564713', '1', '3', 'BARRIO SAN FRANCISCO', 'DALMAGUARDIA47@HOTMAIL.COM', '0.00', '2024-03-21', '1'), 
      ('1028', '1028', 'NATURAL', '11', '30668625', 'ORTIZ BRITO MERCEDES DEL VALLE', '', '', '(3804) 400550', '1', '3', 'CALLE PROYECTADA 9215 BARRIO SEMBRADOR ', '', '0.00', '2024-03-21', '1'), 
      ('1029', '1029', 'NATURAL', '11', '10556632', 'GRACIELA NENA', '', '', '(0381) 4244224', '1', '3', 'AV ALEM 145', 'GRANEME52@YAHOO.COM.AR', '0.00', '2024-03-21', '1'), 
      ('1030', '1030', 'NATURAL', '11', '25304067', 'GRANADO EDGAR ARTURO', '', '', '(3804) 288381', '1', '3', 'BARRIO 8 DE DIC. PUBLICA 9003', 'ARTUROGRANAD027@GMAIL.COM', '0.00', '2024-03-21', '1'), 
      ('1031', '1031', 'NATURAL', '11', '18205004', 'VEGA ROSA SUSANA', '', '', '(3834) 596110', '1', '3', 'RENE FAVALORO CASA N10 B LA VICTORIA', 'ROSAV1848@GMAIL.COM', '0.00', '2024-03-21', '1'), 
      ('1032', '1032', 'NATURAL', '11', '23116496', 'SOSA SERGIO', '', '', '(0381) 6810739', '1', '3', 'LOMAS DE TAFI', 'SFSOSA@GMAIL.COM', '0.00', '2024-03-21', '1'), 
      ('1033', '1033', 'NATURAL', '11', '23239676', 'CARONNA ANA CAROLINA', '', '', '(0381) 4344002', '1', '3', 'PJE CRISTO REY 3870', 'ANACAROLINACARONNA01@GMAIL.COM', '0.00', '2024-03-21', '1'), 
      ('1034', '1034', 'NATURAL', '11', '30822177', 'GUTIERREZ VEGA SILVIA BERENICE ', '', '', '(3804) 707868', '1', '3', 'BARRIO NESTOR KIRCHNER MZA 1262 CASA 7', 'BE_REGUTIERREZ@HOTMAIL.COM', '0.00', '2024-03-21', '1'), 
      ('1035', '1035', 'NATURAL', '11', '13317129', 'ROMERO DALMACIO JOSE', '', '', '(3804) 558623', '1', '3', 'AV MALVINAS ARGENTINAS 1448 BARRIO MARIA AUGUSTA', '', '0.00', '2024-03-21', '1'), 
      ('1036', '1036', 'NATURAL', '11', '6650086', 'ORTIZ RAMONA ISABEL', '', '', '(3834) 603780', '1', '3', 'CONGRESAL CENTENO 238', '', '0.00', '2024-03-21', '1'), 
      ('1037', '1037', 'NATURAL', '11', '23977313', 'ALBARRACIN MARTA CARINA', '', '', '(3804) 415146', '1', '3', 'ARCHIPIELAGO DE BISCOE BARRIO CIRCULO POLICIAL', 'CARINAALBARRACIN.CA91@GMAIL.COM', '0.00', '2024-03-21', '1'), 
      ('1038', '1038', 'NATURAL', '11', '29284026', 'GALLEGO IVANA MARICEL', '', '', '(3804) 430160', '1', '3', 'PJE VICTORIA 459 BARRIO SAN VICENTE', '', '0.00', '2024-03-21', '1'), 
      ('1039', '1039', 'NATURAL', '11', '27450374', 'JUAN CARLOS ALVAREZ', '', '', '(3804) 613810', '1', '3', 'PERU S\\N ENTRE PASO DE LA PATRIA Y FOURNIER BARRIO VIAL', 'JUANCARLOSALVAREZ2179@GMAIL.COM', '0.00', '2024-03-21', '1'), 
      ('1040', '1040', 'NATURAL', '11', '26054760', 'CORTEZ RUIZ CARINA', '', '', '(3804) 212976', '1', '3', 'BARRIO ANTARTIDA 3 CALLE BAHIA MARGARITA CASA 140', 'CARUSANABEL77@YAHOO.COM.AR', '0.00', '2024-03-21', '1'), 
      ('1041', '1041', 'NATURAL', '11', '21658249', 'BULACIOS NORA ', '', '', '(3834) 988225', '1', '3', 'B PARQUE NORTE S/N', '', '0.00', '2024-03-21', '1'), 
      ('1042', '1042', 'NATURAL', '11', '14616516', 'ROMERO CLARA', '', '', '(3804) 438552', '1', '3', 'MISIONES 521 BARRIO ALTO CARDONAL', '', '0.00', '2024-03-21', '1'), 
      ('1043', '1043', 'NATURAL', '11', '21733100', 'BORDON GRACIELA ', '', '', '(3804) 687122', '1', '3', 'BARRIO 25 DE MAYO CALLE PRIMERA JUNTA 743', '', '0.00', '2024-03-21', '1'), 
      ('1044', '1044', 'NATURAL', '11', '16152349', 'QUINTEROS MARCELA ANTONIA', '', '', '(3804) 658554', '1', '3', 'GRAL SAN MARTIN CASA 235 BARRIO ANTARTIDA 2', '', '0.00', '2024-03-21', '1'), 
      ('1045', '1045', 'NATURAL', '11', '32903563', 'DE LA FUENTE MARIA BETIANA', '', '', '(3804) 709762', '1', '3', 'BARRIO LAS AGAVES CASA 68', '', '0.00', '2024-03-21', '1'), 
      ('1046', '1046', 'NATURAL', '11', '23042937', 'SUASNABAR ANA KARINA', '', '', '(0381) 5440099', '1', '3', 'BARRIO LOS ALAMOS MZ B LOTE 1 - ALDERETES', '', '0.00', '2024-03-21', '1'), 
      ('1047', '1047', 'NATURAL', '11', '21564743', 'DIAZ NANCY', '', '', '(3804) 352259', '1', '3', 'LAS VICU?AS 1095 BARRIO NUEVA ESPERANZA', '', '0.00', '2024-03-21', '1'), 
      ('1048', '1048', 'NATURAL', '11', '24939656', 'NATALIA BRACO', '', '', '(3804) 590304', '1', '3', 'BREA 7 FALDEO SUR', 'NVBRACO@GMAIL.COM', '0.00', '2024-03-21', '1'), 
      ('1049', '1049', 'NATURAL', '11', '5955449', 'ESTRELLA DEL VALLE ORTEGA', '', '', '(3834) 4444033', '1', '3', 'SAN ISIDRO VALLE VIEJO', '', '0.00', '2024-03-21', '1'), 
      ('1050', '1050', 'NATURAL', '11', '37494698', 'GARROT MARIA FERNANDA ', '', '', '(3804) 245204', '1', '3', 'FERRER VIEYRA S/N BARRIO 4 DE JUNIO ', 'FEERGARROTT@HOTMAIL.COM', '0.00', '2024-03-21', '1'), 
      ('1051', '1051', 'NATURAL', '11', '32349033', 'AGUILAR JOHANA', '', '', '(3804) 749896', '1', '3', 'AV FELIPE VARELA Y BASE MELCHOR S\\N BARRIO ANTARTIDA NORTE', 'JOHANAAGUILAR1631@GMAIL.COM', '0.00', '2024-03-21', '1'), 
      ('1052', '1052', 'NATURAL', '11', '34989730', 'AMENGUAL GUADALUPE', '', '', '(3512) 474238', '1', '3', 'COTAGAITA S/N BARRIO LA QUEBRADA', 'AMENGUAL.GUADALUPE@GMAIL.COM', '0.00', '2024-03-21', '1'), 
      ('1053', '1053', 'NATURAL', '11', '14862372', 'SARACHO MARIA EMILIA', '', '', '(3804) 429155', '1', '3', 'PJE S/N 796 BARRIO SANTA JUSTINA', 'MARIA.E.SARACHO@HOTMAIL.COM', '0.00', '2024-03-21', '1'), 
      ('1054', '1054', 'NATURAL', '11', '25717562', 'ADRINE REISYAN', '', '', '(3804) 764494', '1', '3', 'CARDON ESQUINA JARILLA BARRIO FALDEO SUR', 'DELICIATODODULCE@HOTMAIL.COM', '0.00', '2024-03-21', '1'), 
      ('1055', '1055', 'NATURAL', '11', '33819706', 'CASTILLO MARIANA', '', '', '(3804) 794906', '1', '3', 'ROSARIO VERA PE?ALOZA CALLE PUBLICA S\\N', 'MARIU20_@HOTMAIL.COM', '0.00', '2024-03-21', '1'), 
      ('1056', '1056', 'NATURAL', '11', '28668708', 'CRUZ LAURA GEMA', '', '', '(3804) 201277', '1', '3', 'JORGE LUIS BORGES MZA 963 CASA 59 BARRIO URBANO 11', 'LAURAGEMACRUZ@GMAIL.COM', '0.00', '2024-03-21', '1'), 
      ('1057', '1057', 'NATURAL', '11', '26054651', 'RODRIGUEZ MARIA DE LOS ANGELES', '', '', '(3804) 316969', '1', '3', 'BENJAMIN DE LA VEGA 172', 'MARIARODRIGUEZ651@HOTMAIL.COM', '0.00', '2024-03-21', '1'), 
      ('1058', '1058', 'NATURAL', '11', '36854467', 'MORENO AVILA BEL?N', '', '', '(3804) 597995', '1', '3', 'BAZAN Y BUSTO 855 BARRIO CENTRO', 'BELYMORENO_93@HOTMAIL.COM', '0.00', '2024-03-21', '1'), 
      ('1059', '1059', 'NATURAL', '11', '14480247', 'SAEZ ANA LAURA', '', '', '(0381) 5824208', '1', '3', 'SAN MIGUEL DE TUCUMAN', '', '0.00', '2024-03-21', '1'), 
      ('1060', '1060', 'NATURAL', '11', '29338460', 'AHUMADA LUIS RAUL', '', '', '(0381) 5263822', '1', '3', 'LUMA LINDA CANCHA CLUB', 'RAULAHUMADA49@GMAIL.COM', '0.00', '2024-03-21', '1'), 
      ('1061', '1061', 'NATURAL', '11', '29138380', 'MARTINEZ DIAZ CARLA', '', '', '(3804) 242105', '1', '3', 'ALBERDI 1130 BARRIO SAN VICENTE', 'CARLA35MAR@GMAIL.COM', '0.00', '2024-03-21', '1'), 
      ('1062', '1062', 'NATURAL', '11', '28893758', 'IBARRA CLAUDIA', '', '', '(0381) 5809664', '1', '3', 'BARRIO EL SALVADOR', '', '0.00', '2024-03-21', '1'), 
      ('1063', '1063', 'NATURAL', '11', '14073543', 'GUTIERREZ CORINA', '', '', '(0381) 5800324', '1', '3', 'MORENO 2100', '', '0.00', '2024-03-21', '1'), 
      ('1064', '1064', 'NATURAL', '11', '29917236', 'LEIVA RUTH ALEXANDRA', '', '', '(3834) 683037', '1', '3', 'CARLOS DE LA VEGA 276 LA CHACARITA', '', '0.00', '2024-03-21', '1'), 
      ('1065', '1065', 'NATURAL', '11', '16257865', 'NARVAEZ LAURA LILIANA', '', '', '(3804) 662555', '1', '3', 'CALLE 17 DE AGOSTO N24 BARRIO EVITA', 'NARVAEZANTONELLA11@GMAIL.COM', '0.00', '2024-03-21', '1'), 
      ('1066', '1066', 'NATURAL', '11', '29640365', 'DOMINGUEZ JORGELINA', '', '', '(0381) 3662698', '1', '3', 'SAN MIGUEL DE TUCUMAN', '', '0.00', '2024-03-21', '1'), 
      ('1067', '1067', 'NATURAL', '11', '25255631', 'NICAY MARISA', '', '', '(0381) 3398801', '1', '3', 'VENEZULA 2750', '', '0.00', '2024-03-21', '1'), 
      ('1068', '1068', 'NATURAL', '11', '26537331', 'BRIZUELA DORA', '', '', '(3804) 860760', '1', '3', 'LOS ALERCES S\\N BARRIO SEIPOS', '', '0.00', '2024-03-21', '1'), 
      ('1069', '1069', 'NATURAL', '11', '28172426', 'MARIA IVANA CANO', '', '', '(3834) 509845', '1', '3', 'SAN ISIDRO VALLE VIEJO', 'MARIAIVANACANO@YAHOO.COM.AR', '0.00', '2024-03-21', '1'), 
      ('1070', '1070', 'NATURAL', '11', '35503258', 'ZALAZAR BRENDA', '', '', '(3804) 831389', '1', '3', 'AV RAMIREZ DE VELAZCO BARRIO LA FLORIDA', 'BREN_578@HOTMAIL.COM', '0.00', '2024-03-21', '1'), 
      ('1071', '1071', 'NATURAL', '11', '29361834', 'ANDRADA CECILIA', '', '', '(3804) 294699', '1', '3', 'URBANO 23 CASA 93 MZA D2', 'MIGUEL.NARVAEZ@EASY.COM.AR', '0.00', '2024-03-21', '1'), 
      ('1072', '1072', 'NATURAL', '11', '28882979', 'SILVA MAIRA LORENA', '', '', '(3834) 958026', '1', '3', 'B SANTA MARTA', '', '0.00', '2024-03-21', '1'), 
      ('1073', '1073', 'NATURAL', '11', '28531692', 'ROMANO MARIA SOLEDAD', '', '', '(0381) 5458715', '1', '3', 'JUAN B ALBERDI 135 SAN JOSE', 'SOLEDADROMANOM@GMAIL.COM', '0.00', '2024-03-21', '1'), 
      ('1074', '1074', 'NATURAL', '11', '26804806', 'ROXANA JUAREZ', '', '', '(3834) 599850', '1', '3', 'MIRA FLORES CAPAYAN', '', '0.00', '2024-03-21', '1'), 
      ('1075', '1075', 'NATURAL', '11', '176000518', 'CONTRERAS FATIMA', '', '', '(0381) 4303293', '1', '3', 'SILVANO BORES 99 ', '', '0.00', '2024-03-21', '1'), 
      ('1076', '1076', 'NATURAL', '11', '30920759', 'ARIAS IVANA NICOLASA', '', '', '(3804) 922716', '1', '3', 'FALDEO DEL VELAZCO SUR CALLE MARIA RUARTE CASA 23 ', '', '0.00', '2024-03-21', '1'), 
      ('1077', '1077', 'NATURAL', '11', '30920881', 'FERN?NDEZ FABIANA', '', '', '(3804) 940854', '1', '3', 'OLSACHE 2734 BARRIO 25 DE MAYO SUR ', 'FABIANAFERNANDEZ25@GMAIL.COM', '0.00', '2024-03-21', '1'), 
      ('1078', '1078', 'NATURAL', '11', '14653151', 'SILVIA CISNEROS', '', '', '(381) 1479793', '1', '3', 'CAPITAL', '', '0.00', '2024-03-21', '1'), 
      ('1079', '1079', 'NATURAL', '11', '27303684', 'NOSTRAY VERONICA', '', '', '(0381) 4795688', '1', '3', 'SAN MIGUEL DE TUCUMAN', '', '0.00', '2024-03-21', '1'), 
      ('1080', '1080', 'NATURAL', '11', '17744504', 'NIETO MIGUEL ANGEL', '', '', '(3804) 937893', '1', '3', 'AV SAN NICOL?S ESTE BARI ESTE 1238', 'MANIETOASC@GMAIL.COM', '0.00', '2024-03-21', '1'), 
      ('1081', '1081', 'NATURAL', '11', '32409132', 'ANDREA RUIZ', '', '', '(3814) 476203', '1', '3', 'BARRIO SAN CAYETANO', '', '0.00', '2024-03-21', '1'), 
      ('1082', '1082', 'NATURAL', '11', '26108668', 'OLIVERA ADRIANA ROSA', '', '', '(3804) 204669', '1', '3', 'PUBLICA MZA 966 CASA 8 BARRIO URBANO 11', 'GRANILLOLUCIA2708@GMAIL.COM', '0.00', '2024-03-21', '1'), 
      ('1083', '1083', 'NATURAL', '11', '10012702', 'MARIA EUGENIA VILLAGRAN', '', '', '(3816) 787933', '1', '3', 'CAPITAL', '', '0.00', '2024-03-21', '1'), 
      ('1084', '1084', 'NATURAL', '11', '26615864', 'BRITO INGRID', '', '', '(0381) 5517767', '1', '3', 'LAS TALITAS', 'BRITO.INGRID@GMAIL.COM', '0.00', '2024-03-21', '1'), 
      ('1085', '1085', 'NATURAL', '11', '25004324', 'MEDINA JESUS NATALI', '', '', '(0381) 6214351', '1', '3', 'BARRIO CASTILLO', '', '0.00', '2024-03-21', '1'), 
      ('1086', '1086', 'NATURAL', '11', '27271500', 'MORALEDA SOFIA', '', '', '(0381) 4027531', '1', '3', 'LAS HERAS 732', '', '0.00', '2024-03-21', '1'), 
      ('1087', '1087', 'NATURAL', '11', '25873852', 'BAZAN SANDRA ELIZABETH', '', '', '(3834) 394945', '1', '3', 'B 33VIV CASA 6', 'DANTE81@HOTMAIL.COM', '0.00', '2024-03-21', '1'), 
      ('1088', '1088', 'NATURAL', '11', '32626278', 'LIZARRAGA PAULA', '', '', '(0381) 6512556', '1', '3', 'SAN MIGUEL DE TUCUMAN', '', '0.00', '2024-03-21', '1'), 
      ('1089', '1089', 'NATURAL', '11', '14688122', 'MIOTTI SILVIA', '', '', '(3804) 381559', '1', '3', 'SAMUEL LUNA 86 BARRIO VARGAS', 'SILVIAMIOTTI@HOTMAIL.COM', '0.00', '2024-03-21', '1'), 
      ('1090', '1090', 'NATURAL', '11', '16842415', 'CIMELO NORA', '', '', '(0381) 6532109', '1', '3', '25 DE MAYO ', 'NORADECIMELO@GMAIL.COM', '0.00', '2024-03-21', '1'), 
      ('1091', '1091', 'NATURAL', '11', '37655188', 'RIVERO VERONICA BEATRIZ ', '', '', '(3804) 500503', '1', '3', 'BARRIO FACUNDO QUIROGA CALLE AZTECAS N955', 'VERORIVEROCARISI@GMAIL.COM', '0.00', '2024-03-21', '1'), 
      ('1092', '1092', 'NATURAL', '11', '37455792', 'BAZAN GABRIELA ALEJANDRA', '', '', '', '1', '3', 'LOPEZ Y PLANES 1236', 'ALEJANDRA_1991-BAZAN@HOTMAIL.COM.AR', '0.00', '2024-03-21', '1'), 
      ('1093', '1093', 'NATURAL', '11', '40387291', 'ALDERETE CAMILA ELIZABETH', '', '', '', '1', '3', 'SAN CAYETANO- RICARDO ROJA 196', 'ALDERETECAMILA@GMAIL.COM', '0.00', '2024-03-21', '1'), 
      ('1094', '1094', 'NATURAL', '11', '30842454', 'LEGUIZA MIRNA', '', '', '(3804) 256923', '1', '3', 'BARRIO JUAN DOMINGO PERON CALLE CONSCRIPTO LEGUER', 'LEGUIZAMIRNA14@HOTMAIL.COM', '0.00', '2024-03-21', '1'), 
      ('1095', '1095', 'NATURAL', '11', '28172666', 'PAEZ PAULA LEONOR', '', '', '(3834) 413085', '1', '3', 'B 120V SUR CSA 35', 'PAULAPAEZ.CARRIZO@GMAIL.COM', '0.00', '2024-03-21', '1'), 
      ('1096', '1096', 'NATURAL', '11', '33694745', 'PABLO OLMEDO', '', '', '(3804) 618261', '1', '3', 'PLUMERILLO 136 BARRIO LOS CERROS', 'CYBERCOOLPEO@HOTMAIL.COM', '0.00', '2024-03-21', '1'), 
      ('1097', '1097', 'NATURAL', '11', '3816100536', 'CECILIA SAAVEDRA', '', '', '(0381) 6100536', '1', '3', 'SAN MIGUELN DE TUCUMAN', '', '0.00', '2024-03-21', '1'), 
      ('1098', '1098', 'NATURAL', '11', '14765830', 'MATILDE ALICIA ESCOBAR', '', '', '(3834) 245615', '1', '3', 'SIN DOMICILIO', '', '0.00', '2024-03-21', '1'), 
      ('1099', '1099', 'NATURAL', '11', '24763522', 'BERRONDO MARIA MARCELA', '', '', '(3834) 348241', '1', '3', 'LOS ALTOS', 'MARTA_DEL@HOTMQIL.ES', '0.00', '2024-03-21', '1'), 
      ('1100', '1100', 'NATURAL', '11', '12179836', 'ROJAS ALICIA', '', '', '(0381) 6738711', '1', '3', 'GRANJA MODELO', '', '0.00', '2024-03-21', '1'), 
      ('1101', '1101', 'NATURAL', '11', '26555289', 'DE LA FUENTE CRISTIAN ADRI?N', '', '', '(3804) 272001', '1', '3', 'AV RAMIREZ DE VELAZCO S/N BARRIO SAN VICENTE', 'DELAFUENTECRISTIAN@HOTMAIL.COM.AR', '0.00', '2024-03-21', '1'), 
      ('1102', '1102', 'NATURAL', '11', '13474434', 'ELEAS LIDIA VIVIANA', '', '', '(0381) 3503213', '1', '3', 'CORDOBA Y AVENIDA MITRE', '', '0.00', '2024-03-21', '1'), 
      ('1103', '1103', 'NATURAL', '11', '23313957', 'ESPECHE SILVIA ROSANA', '', '', '(3821) 495012', '1', '3', 'CALLAO 722 BARRIO VARGAS', '', '0.00', '2024-03-21', '1'), 
      ('1104', '1104', 'NATURAL', '11', '27450275', 'MOLINA SILVINA SOLEDAD', '', '', '(3804) 778615', '1', '3', 'AV. 12 DE OCTUBRE 97 BARRIO FACUNDO QUIROGA', 'SOLEMOLINA4@GMAIL.COM', '0.00', '2024-03-21', '1'), 
      ('1105', '1105', 'NATURAL', '11', '14273261', 'MARIA EUGENIA HERNANDEZ', '', '', '(3804) 4452135', '1', '3', 'VILCA PUGIO 84 BARRIO LA QUEBRADA', 'EUGENIIAHERNANDEZ_@HOTMAIL.COM', '0.00', '2024-03-21', '1'), 
      ('1106', '1106', 'NATURAL', '11', '18642128', 'MORENO MONICA PATRICIA', '', '', '(3804) 805467', '1', '3', 'PORTEZUELO Y PROYECTADA BARRIO EL SEMBRADOR', '', '0.00', '2024-03-21', '1'), 
      ('1107', '1107', 'NATURAL', '11', '20977120', 'IGALINA DANIELN', '', '', '(0381) 4634849', '1', '3', 'PROSPERO MENA 543', 'DANIELINGALINA@YAHOO.COM', '0.00', '2024-03-21', '1'), 
      ('1108', '1108', 'NATURAL', '11', '34716641', 'BIVANCO CINTHIA ', '', '', '(3834) 989331', '1', '3', 'B 11 DE MAYO', 'BIVANCOCINTHIA@GMAIL.COM', '0.00', '2024-03-21', '1'), 
      ('1109', '1109', 'NATURAL', '11', '20613552', 'AGUERO ROXANA', '', '', '(3804) 775370', '1', '3', 'LOS SAUCES 978 BARRIO JOAQUIN V GONZALEZ', 'ROSANEAGUERO@GMAIL.COM', '0.00', '2024-03-21', '1'), 
      ('1110', '1110', 'NATURAL', '11', '2822828', 'MARTIN GOMEZ', '', '', '(0381) 5440009', '1', '3', 'LAMDADRID 2710', '', '0.00', '2024-03-21', '1'), 
      ('1111', '1111', 'NATURAL', '11', '24939676', 'PASSADORE KARINA', '', '', '(3804) 931185', '1', '3', 'DR LUIS FEDERICO LENOIR 3642 BARRIO COCHANGASTA', 'KARINAPASSADORE@GMAIL.COM', '0.00', '2024-03-21', '1'), 
      ('1112', '1112', 'NATURAL', '11', '26771356', 'MANFREDINI CAROLINA', '', '', '(3804) 228709', '1', '3', 'PARQUE SUR CASA 170 ', '', '0.00', '2024-03-21', '1'), 
      ('1113', '1113', 'NATURAL', '11', '28619934', 'BARRERA VALERIA', '', '', '(3804) 305122', '1', '3', 'BARRIO SAN VICENTE AV JESUS OYOLA S/N', '', '0.00', '2024-03-21', '1'), 
      ('1114', '1114', 'NATURAL', '11', '24284751', 'CATALAN MARIANA', '', '', '(3804) 666782', '1', '3', 'DARDO DE LA VEGA DIAZ 247', 'CATALANMM@YAHOO.COM', '0.00', '2024-03-21', '1'), 
      ('1115', '1115', 'NATURAL', '11', '24066207', 'CAROLINA SORIA', '', '', '(3815) 5149987', '1', '3', 'BARRIO VILLAGO', 'CISSORIA@YAHOO.COM.AR', '0.00', '2024-03-21', '1'), 
      ('1116', '1116', 'NATURAL', '11', '27017761', 'GONZALEZ MARIANO', '', '', '(0381) 4040040', '1', '3', 'BARRIO NORTE', 'RAULMARIANOGONZALEZPAEZ@HOTMAIL.COM', '0.00', '2024-03-21', '1'), 
      ('1117', '1117', 'NATURAL', '11', '20253869', 'ALBARRACIN DANIELA', '', '', '(3804) 214055', '1', '3', 'GUARANIES Y QUERANDIES 2398 BARRIO FACUNDO QUIROGA', 'DANIDELVALLE.ALBARRACIN@HOTMAIL.COM', '0.00', '2024-03-21', '1'), 
      ('1118', '1118', 'NATURAL', '11', '12733112', 'JORGE LUIS VIDOZ', '', '', '(3815) 305238', '1', '3', 'BARRIO ZONA SUR', '', '0.00', '2024-03-21', '1'), 
      ('1119', '1119', 'NATURAL', '11', '12733607', 'VICTORIA MAINARDI', '', '', '(3814) 978674', '1', '3', 'ZONA CENTRO', '', '0.00', '2024-03-21', '1'), 
      ('1120', '1120', 'NATURAL', '11', '33375822', 'CAMPO MARIA BELEN', '', '', '', '1', '3', 'SALAS Y VALDEZ 278- YERBA BUENA', 'BELUCAMPO@HOTMAIL.COM', '0.00', '2024-03-21', '1'), 
      ('1121', '1121', 'NATURAL', '11', '12918480', 'MARIA LIDIA PISTAN', '', '', '(3815) 4144769', '1', '3', 'BARRIO COLMENAR', '', '0.00', '2024-03-21', '1'), 
      ('1122', '1122', 'NATURAL', '11', '30954183', 'RAMIREZ ADRIANA', '', '', '(3804) 245870', '1', '3', 'ASUNCION 2026 BARRIO PANAMERICANO', 'RAMIREZADRIANA1805@GMAIL.COM', '0.00', '2024-03-21', '1'), 
      ('1123', '1123', 'NATURAL', '11', '32349031', 'ROMINA MORENO', '', '', '(3804) 600524', '1', '3', 'ACACIAS Y CONGRESO 22 BARRIO LOS OLMOS', 'SOLMORE86@GMAIL.COM', '0.00', '2024-03-21', '1'), 
      ('1124', '1124', 'NATURAL', '11', '31430334', 'NU?ES ANA', '', '', '(0381) 3613073', '1', '3', 'B SAN ALBERTO MANZANA N ', 'ANITAN1317@GMAIL.COM', '0.00', '2024-03-21', '1'), 
      ('1125', '1125', 'NATURAL', '11', '25225997', 'GODOY NICOLASA DEL VALLE', '', '', '(3804) 212197', '1', '3', 'PROYECTADA S/N BARRIO VIRGEN DEL VALLE LOTE G MZA 19', 'BRENDALUJAN43@GMAIL.COM', '0.00', '2024-03-21', '1'), 
      ('1126', '1126', 'NATURAL', '11', '38763565', 'GONZALEZ EMANUEL', '', '', '(3804) 660149', '1', '3', 'ISLA DECEPCI?N BARRIO ATP NUEVO CASA 1641', 'GONZALEZEMANUEL_95@HOTMAIL.COM', '0.00', '2024-03-21', '1'), 
      ('1127', '1127', 'NATURAL', '11', '24830935', 'PEREYRA IVANA LORENA', '', '', '(3834) 045341', '1', '3', '18VIV NORTE SA 10', 'IVANALORENAPEREYRA@GMAIL.COM', '0.00', '2024-03-21', '1'), 
      ('1128', '1128', 'NATURAL', '11', '17057271', 'DIAZ ROSA ELIZABETH', '', '', '(3834) 900170', '1', '3', 'SAUJIL DEPTO POMAN', 'VN7741423@GMAIL.COM', '0.00', '2024-03-21', '1'), 
      ('1129', '1129', 'NATURAL', '11', '21564662', 'BUSTOS RODRIGUEZ MARIA SONIA', '', '', '', '1', '3', 'PELEGRINI 617 BARRIO EVITA', '', '0.00', '2024-03-21', '1'), 
      ('1130', '1130', 'NATURAL', '11', '23284801', 'CARRION GUILLERMO FERNANDO', '', '', '(3804) 716022', '1', '3', 'CARLOS SANCHEZ 1418 BARRIO GINOBILI ', 'GUILLE72AR@YAHOO.COM.AR', '0.00', '2024-03-21', '1'), 
      ('1131', '1131', 'NATURAL', '11', '25077604', 'LEGUZAMON WALTER ANTONIO', '', '', '(3834) 977577', '1', '3', 'VALLE VIEJO', '', '0.00', '2024-03-21', '1'), 
      ('1132', '1132', 'NATURAL', '11', '22052422', 'TAPIA MARCELO FABIAN', '', '', '(3804) 643170', '1', '3', 'LAS ACACIAS 2160 BARRIO VIVERO NACIONAL', 'MARCELOFABIANTAPIA@HOTMAIL.COM', '0.00', '2024-03-21', '1'), 
      ('1133', '1133', 'NATURAL', '11', '25425344', 'PIZZARRO ROSALIA IVANA', '', '', '(3804) 278151', '1', '3', 'PROYECTADA 1 CASA 9050 BARRIO JOYA DEL VELAZCO', '', '0.00', '2024-03-21', '1'), 
      ('1134', '1134', 'NATURAL', '11', '28087231', 'VERGARA MARIA CRUZ', '', '', '(3804) 360670', '1', '3', 'AGUERO VERA S\\N LOTEO SAN NICOLAS', '', '0.00', '2024-03-21', '1'), 
      ('1135', '1135', 'NATURAL', '11', '26743022', 'ALDERETES SILVIA', '', '', '(4246) 925', '1', '3', 'B LOLA MORA ', '', '0.00', '2024-03-21', '1'), 
      ('1136', '1136', 'NATURAL', '11', '18247676', 'GUILLERMO PAEZ', '', '', '(3804) 332705', '1', '3', 'SIERRA DE LOS LLANOS 325 BARRIO LOS CERROS', 'GUILLERMOPAEZ68@GMAIL.COM', '0.00', '2024-03-21', '1'), 
      ('1137', '1137', 'NATURAL', '11', '33815194', 'HUERTA CAROLINA', '', '', '(0381) 6645083', '1', '3', 'LOS AGUIRRES', 'CAROHUERTAVALE@GMAIL.COM', '0.00', '2024-03-21', '1'), 
      ('1138', '1138', 'NATURAL', '11', '20253328', 'OLMOS GRACIELA ADRIANA', '', '', '(3804) 538369', '1', '3', 'CAPDEVILA 6 BARRIO RICARDO PRIMERO', '', '0.00', '2024-03-21', '1'), 
      ('1139', '1139', 'NATURAL', '11', '21341538', 'LAZARTE NANCI', '', '', '(0381) 4371283', '1', '3', 'VILLA MARIANO MORENO', '', '0.00', '2024-03-21', '1'), 
      ('1140', '1140', 'NATURAL', '11', '16183762', 'BRUNA AGUSTINA ISABEL', '', '', '(3804) 692829', '1', '3', 'AV RAMON NAVARRO BARRIO URBANO 3 MZA A CASA 4', 'CHEPES_193@HOTMAIL.COM', '0.00', '2024-03-21', '1'), 
      ('1141', '1141', 'NATURAL', '11', '28995209', 'CEJAS MARIA LAURA', '', '', '(3834) 005873', '1', '3', '50VIV NORTE CASA 40', '', '0.00', '2024-03-21', '1'), 
      ('1142', '1142', 'NATURAL', '11', '31037666', 'CORDERO ADRIANA', '', '', '(3834) 325772', '1', '3', 'B EVA PERON', 'CORDEROSOLE441@HOTMAIL.COM', '0.00', '2024-03-21', '1'), 
      ('1143', '1143', 'NATURAL', '11', '27053419', 'DIAZ MARIA EUGENIA', '', '', '(3804) 591750', '1', '3', 'COTAGAITA 1209 BARRIO COCHANGASTA OESTE', 'MEUGENIADIAZSTREULI@GMAILGMAIL.COM', '0.00', '2024-03-21', '1'), 
      ('1144', '1144', 'NATURAL', '11', '26771045', 'GODOY ADRIANA', '', '', '(3804) 947827', '1', '3', 'URBANO 31 MZA 1211 CASA 18', '', '0.00', '2024-03-21', '1'), 
      ('1145', '1145', 'NATURAL', '11', '40598419', 'MELISA MARCELA MORALES', '', '', '(3834) 506820', '1', '3', 'SUMALAO', 'MIRTAROMERO487@GMAIL.COM', '0.00', '2024-03-21', '1'), 
      ('1146', '1146', 'NATURAL', '11', '32112869', 'OCAMPO GUSTAVO ', '', '', '(3804) 878954', '1', '3', 'CEPEDA S/N BARRIO ALUNAI ', 'GUSTAVOJO86@GMAIL.COM', '0.00', '2024-03-21', '1'), 
      ('1147', '1147', 'NATURAL', '11', '28622921', 'MAFFEIS IVANA ', '', '', '(3804) 528879', '1', '3', 'YPOLITO IRIGOYEN 250 BARRIO CENTRO', 'IVAMAFFEIS@HOTMAIL.COM', '0.00', '2024-03-21', '1'), 
      ('1148', '1148', 'NATURAL', '11', '37642223', 'ANALIA ELIZABETH BENAVIDEZ', '', '', '(3826) 686788', '1', '3', 'B ACHACHAY', 'ELIZABETHBENAVIDEZ95@GMAIL.COM', '0.00', '2024-03-21', '1'), 
      ('1149', '1149', 'NATURAL', '11', '22443469', 'OROPEL CLAUDIA SUSANA', '', '', '(3804) 796692', '1', '3', 'AMEGUINO 756 BARRIO 25 DE MAYO NORTE', 'CLAUORO72@GMAIL.COM', '0.00', '2024-03-21', '1'), 
      ('1150', '1150', 'NATURAL', '11', '26373401', 'DEMELCHORIS LINA', '', '', '(3834) 784253', '1', '3', 'CORONEL OLMOS 125', 'LINAINESDEMELCHORIS7@GMAIL.COM', '0.00', '2024-03-21', '1'), 
      ('1151', '1151', 'NATURAL', '11', '27515123', 'LUNA VANESA SOLEDAD ', '', '', '(3804) 224184', '1', '3', 'PUBLICA 13 S/N BARRIO CEMENTERIO', '', '0.00', '2024-03-21', '1'), 
      ('1152', '1152', 'NATURAL', '11', '25211776', 'GOMEZ ESTEBAN', '', '', '(0381) 4593510', '1', '3', 'BARRIO SMATA 3', 'ESTEBANMARCELO_GOMEZ@YAHOO.COM.AR', '0.00', '2024-03-21', '1'), 
      ('1153', '1153', 'NATURAL', '11', '37416529', 'REYNOSO MICAELA BELEN', '', '', '(3804) 667771', '1', '3', 'BARRIO ANTARTIDA II CALLE PUBLICA A CASACASA 1329', '', '0.00', '2024-03-21', '1'), 
      ('1154', '1154', 'NATURAL', '11', '36436208', 'CORDOBA NABILA ', '', '', '(3804) 130599', '1', '3', 'JARILLA 17 FALDEO DEL VELAZCO SUR ', 'NABYCORDOBA691@GMAIL.COM', '0.00', '2024-03-21', '1'), 
      ('1155', '1155', 'NATURAL', '11', '18527006', 'COLINA CLAUDIA', '', '', '(3834) 478266', '1', '3', 'CORRIENTES407', 'FLGACLAUCOLINA@HOTMAIL.COM', '0.00', '2024-03-21', '1'), 
      ('1156', '1156', 'NATURAL', '11', '31249461', 'BRIZUELA OSCAR ', '', '', '(3804) 814200', '1', '3', 'COCHANGASTA NORTE PJE NI?O ALCALDE S/N ', 'DAVID_BRIZUELA25@HOTMAIL.COM', '0.00', '2024-03-21', '1'), 
      ('1157', '1157', 'NATURAL', '11', '20072180', 'CUELLO LUIS GUSTAVO', '', '', '(3834) 378834', '1', '3', 'B ACU?A ISI', '', '0.00', '2024-03-21', '1'), 
      ('1158', '1158', 'NATURAL', '11', '38116671', 'VILLAFA?E MARIA FLORENCIA', '', '', '', '1', '3', 'BARRIO 120- SAN ANDRES', 'MARIA.FLORENCIA15@HOTMAIL.COM', '0.00', '2024-03-21', '1'), 
      ('1159', '1159', 'NATURAL', '11', '11463538', 'DELAQUA NIDIA', '', '', '(0381) 6330417', '1', '3', 'SANTA FE 302 4A', 'DELAQUANIDIA@GMAIL.COM', '0.00', '2024-03-21', '1'), 
      ('1160', '1160', 'NATURAL', '11', '44741651', 'BAZAN OSCAR TOMAS', '', '', '', '1', '3', 'LOPEZ Y PLANES 1236', 'ALEJANDRA_1991-BAZAN@HOTMAIL.COM.AR', '0.00', '2024-03-21', '1'), 
      ('1161', '1161', 'NATURAL', '11', '20924991', 'GONZALEZ ANDREATTA MARIA', '', '', '(3834) 4435465', '1', '3', 'ALMAGRO 749', 'MARISAGONZALEZ69@HOTMAIL.COM', '0.00', '2024-03-21', '1'), 
      ('1162', '1162', 'NATURAL', '11', '29010607', 'RUBEN PERALTA', '', '', '(0381) 511111', '1', '3', 'SAN MIGUEL DE TUCUMAN', 'RMP7@HOTMAIL.COM', '0.00', '2024-03-21', '1'), 
      ('1163', '1163', 'NATURAL', '11', '27515060', 'VELIZ MONICA ANALIA', '', '', '(3804) 703156', '1', '3', 'AV ANGELELLI 190 BARRIO SANTA CELIA', 'ANNAVELIZ20@GMAIL.COM', '0.00', '2024-03-21', '1'), 
      ('1164', '1164', 'NATURAL', '11', '41845621', 'DANIELA ALEJANDRA CONTRERAS MANSILLA', '', '', '(3804) 254184', '1', '3', 'BARRIO SAN VICENTE CALLE PAMPLONA 1613', '', '0.00', '2024-03-21', '1'), 
      ('1165', '1165', 'NATURAL', '11', '37493095', 'REYNOSO ROCIO BELEN', '', '', '(3804) 212844', '1', '3', 'BARRIO EMANUEL GINOBILI MZA 1005 CASA 33', 'LARIOJA561@GMAIL.COM', '0.00', '2024-03-21', '1'), 
      ('1166', '1166', 'NATURAL', '11', '22714185', 'MORENO MARIELA', '', '', '(3804) 580472', '1', '3', 'ALEM 327 BARRIO VARGAS ', 'MARIELA.MO@HOTMAIL.COM', '0.00', '2024-03-21', '1'), 
      ('1167', '1167', 'NATURAL', '11', '31374387', 'LERA DANIELA JIMENA', '', '', '(3804) 224237', '1', '3', 'SAN LUIS BARRIO SAN MARTIN CASA 125', 'JIMENADELERA09@GMAIL.COM', '0.00', '2024-03-21', '1'), 
      ('1168', '1168', 'NATURAL', '11', '22987369', 'AGUERO MARIA ISABEL', '', '', '(3804) 293889', '1', '3', 'RAUL SUFAN 148 ESQ MISTOL BARRIO ATAHUALPA YUPANQUI', 'MARISAPROFFE@GMAIL.COM', '0.00', '2024-03-21', '1'), 
      ('1169', '1169', 'NATURAL', '11', '36255460', 'MACHUCA MAYRA', '', '', '(3804) 364503', '1', '3', 'PUBLICA S/N BARRIO EDUARDO MENEM', 'MACHUCAYANEL@GMAIL.COM', '0.00', '2024-03-21', '1'), 
      ('1170', '1170', 'NATURAL', '11', '22443370', 'HERRERA CRISTIAN', '', '', '(3804) 347008', '1', '3', 'MONTEAGUDO 420 BARRIO JARDIN RESIDENCIAL', 'CRISTIANALONSOHERRERA@HOTMAIL.COM', '0.00', '2024-03-21', '1'), 
      ('1171', '1171', 'NATURAL', '11', '24029776', 'ESCOBARES CRISTINA', '', '', '(3804) 551060', '1', '3', 'AV MONSE?OR ANGELELLI S/N BARRIO SANTA CELIA', '', '0.00', '2024-03-21', '1'), 
      ('1172', '1172', 'NATURAL', '11', '23963467', 'MINUE MARIA SOLEDAD', '', '', '(3804) 352381', '1', '3', 'LOMA BLANCA 137 BARRIO EL CARDONAL', 'SOLEMINUE@HOTMAIL.COM', '0.00', '2024-03-21', '1'), 
      ('1173', '1173', 'NATURAL', '11', '37493518', 'LUNA LUCIANA', '', '', '(3804) 807430', '1', '3', 'PEATONAL 405 BARRIO HOSPITAL CASA 157', 'LUCIANALUNA1@GMAIL.COM', '0.00', '2024-03-21', '1'), 
      ('1174', '1174', 'NATURAL', '11', '14862561', 'MARIA LILA RAMIREZ', '', '', '(3804) 245572', '1', '3', 'PROYECTADA Y ACUEDUCTO 9914 BARRIO VIRGEN DE LOS CERROS 2', 'RAMIREZML62@HOTMAIL.COM', '0.00', '2024-03-21', '1'), 
      ('1175', '1175', 'NATURAL', '11', '23854262', 'SECO NANCI ILEANA', '', '', '(3834) 225694', '1', '3', 'PASAJE RENE FAVALORO529', '', '0.00', '2024-03-21', '1'), 
      ('1176', '1176', 'NATURAL', '11', '31054456', 'CASTRO GARCIA MARIANA', '', '', '(3804) 303444', '1', '3', 'SAN NICOLAS DE BARI 429 BARRIO CENTRO', '', '0.00', '2024-03-21', '1'), 
      ('1177', '1177', 'NATURAL', '11', '26972948', 'ROMINA SOLEDAD ORME?O', '', '', '(3804) 567821', '1', '3', 'AV HUGO PE?A S\\N BARRIO AGUADITA DE VARGAS', 'ROMY_O82@HOTMAIL.COM', '0.00', '2024-03-21', '1'), 
      ('1178', '1178', 'NATURAL', '11', '14862384', 'LUNA NORMA EDIT', '', '', '(3804) 392657', '1', '3', 'PUBLICA 2 CASA 42 BARRBARRIO 50 VIVIENDAS MARIA AUGUSTA', '', '0.00', '2024-03-21', '1'), 
      ('1179', '1179', 'NATURAL', '11', '20308713', 'REARTE SILVIA', '', '', '(3834) 207357', '1', '3', 'B PARQUE NORTE', '', '0.00', '2024-03-21', '1'), 
      ('1180', '1180', 'NATURAL', '11', '26054683', 'MONTOYA JUAN RAUL', '', '', '(3804) 382415', '1', '3', 'BARRIO NUEVA RIOJA CALLE RIO URUGUAY CASA 19', 'JUANRAULMONTOYA40@GMAIL.COM', '0.00', '2024-03-21', '1'), 
      ('1181', '1181', 'NATURAL', '11', '26246600', 'TEJEDA ADRIANA', '', '', '(3834) 228578', '1', '3', 'B 26VIV CASA14', 'ATEJEDA@CEF-QUINTANA-CAT.EDU.AR', '0.00', '2024-03-21', '1'), 
      ('1182', '1182', 'NATURAL', '11', '24845940', 'CARO MARIA', '', '', '(3804) 624536', '1', '3', 'BARRIO ARGENTINA CALLE BAHIA BLANCA CASA 2345', '', '0.00', '2024-03-21', '1'), 
      ('1183', '1183', 'NATURAL', '11', '24284380', 'CUENCA MARIA EUGENIA', '', '', '(3804) 543573', '1', '3', 'PUEYRREDON S/N BARRIO MARIA AUGUSTA', '', '0.00', '2024-03-21', '1'), 
      ('1184', '1184', 'NATURAL', '11', '22325958', 'HILDA EVANGELINA FRIAS', '', '', '(3834) 478711', '1', '3', 'B 80 VIV NORTE CASA80', 'NERYBUSTAMANTE01@GMAIL.COM', '0.00', '2024-03-21', '1'), 
      ('1185', '1185', 'NATURAL', '11', '30089115', 'PINEDA ELIANA DEL VALLE', '', '', '(3804) 584321', '1', '3', 'VICENTE BUSTOS 427 BARRIO SAN ROMAN', 'ELY_PINEDA11@HOTMAIL.COM', '0.00', '2024-03-21', '1'), 
      ('1186', '1186', 'NATURAL', '11', '32727200', 'GONZALEZ MORENO MARIA SOL', '', '', '(3804) 382471', '1', '3', 'VILLA CORTA 360 BARRIO UPCN', 'MORENOSOL562@GMAIL.COM', '0.00', '2024-03-21', '1'), 
      ('1187', '1187', 'NATURAL', '11', '22071797', 'AVILA IRMA', '', '', '(3804) 584479', '1', '3', 'BARRIO SANTA MARIA EUFRACIA CASA 145', '', '0.00', '2024-03-21', '1'), 
      ('1188', '1188', 'NATURAL', '11', '42444342', 'VEGA MERCADO MARCELA', '', '', '(3826) 405944', '1', '3', 'ASUNCI?N 1993 BARRIO RUCCI', 'JOR_94@HOTMAIL.COM.AR', '0.00', '2024-03-21', '1'), 
      ('1189', '1189', 'NATURAL', '11', '31302001', 'RIVERO EDUARDO DANIEL', '', '', '(3804) 864555', '1', '3', 'VIAMONTE 798 BARRIO EVITA', 'NGETMILLICAY@GMAIL.COM', '0.00', '2024-03-21', '1'), 
      ('1190', '1190', 'NATURAL', '11', '26555661', 'MORALES LUNA ANA', '', '', '(3804) 452104', '1', '3', 'OIDOR LAGASCA 3 ', '', '0.00', '2024-03-21', '1'), 
      ('1191', '1191', 'NATURAL', '11', '29651318', 'PLAZA ROSA', '', '', '(3834) 240885', '1', '3', 'B LIBERTADOR 2', '', '0.00', '2024-03-21', '1'), 
      ('1192', '1192', 'NATURAL', '11', '24963845', 'LEGUIZAMO ANALIA', '', '', '(3804) 601331', '1', '3', 'CHUQUISACA 1635 BARRIO COCHANGASTA', 'LEGUIZAMOAV@GMAIL.COM', '0.00', '2024-03-21', '1'), 
      ('1193', '1193', 'NATURAL', '11', '28896737', 'CASAS MARIA DE LOS ANGELES', '', '', '(3804) 441683', '1', '3', 'ACONQUIJA 9000 BARRIO SAN MARTIN', 'ANGELES.8181@GMAIL.COM', '0.00', '2024-03-21', '1'), 
      ('1194', '1194', 'NATURAL', '11', '16152745', 'ALVAREZ RAMONA NICOLASA ', '', '', '(3804) 748060', '1', '3', 'TRONADOR 538 BARRIO EL CARDENAL', '', '0.00', '2024-03-21', '1'), 
      ('1195', '1195', 'NATURAL', '11', '24284724', 'MAS?AS IRMA DEL VALLE', '', '', '(3804) 856966', '1', '3', 'AV SAN FRANCISCO KM7 1/2 BARRIO LA QUEBRADA', '', '0.00', '2024-03-21', '1'), 
      ('1196', '1196', 'NATURAL', '11', '28624878', 'MALDONADO DAVID', '', '', '(3804) 108780', '1', '3', 'SANAGASTA', 'DAVIDLM2012@HOTMAIL.COM.AR', '0.00', '2024-03-21', '1'), 
      ('1197', '1197', 'NATURAL', '16', '18633174', 'RUBEN DARIO CHIRINOS RODRIGUEZ', '', '', '0424 7424274', '0', '0', 'SANTA CRUZ DE MORA', 'ELSAIYA@GMAIL.COM', '0.00', '2024-06-26', '1');
COMMIT;

# | Vaciado de tabla 'colores'
# +-------------------------------------
DROP TABLE IF EXISTS `colores`;


# | Estructura de la tabla 'colores'
# +-------------------------------------
CREATE TABLE `colores` (
  `codcolor` int(11) NOT NULL AUTO_INCREMENT,
  `nomcolor` text CHARACTER SET utf8 COLLATE utf8_spanish_ci NOT NULL,
  `codsucursal` int(11) NOT NULL,
  PRIMARY KEY (`codcolor`)
) ENGINE=InnoDB AUTO_INCREMENT=7 DEFAULT CHARSET=utf8 COLLATE=utf8_general_ci;
                
# | Carga de datos de la tabla 'colores'
# +-------------------------------------

COMMIT;
INSERT IGNORE INTO `colores` (`codcolor`, `nomcolor`, `codsucursal`) VALUES 
      ('1', 'NEUTRO', '1'), 
      ('2', 'AZUL', '1'), 
      ('3', 'ROJO', '1'), 
      ('4', 'AMARILLO', '1'), 
      ('5', 'NEGRO', '1'), 
      ('6', 'BLANCO', '1');
COMMIT;

# | Vaciado de tabla 'combos'
# +-------------------------------------
DROP TABLE IF EXISTS `combos`;


# | Estructura de la tabla 'combos'
# +-------------------------------------
CREATE TABLE `combos` (
  `idcombo` int(11) NOT NULL AUTO_INCREMENT,
  `codcombo` varchar(15) CHARACTER SET utf8 COLLATE utf8_spanish_ci NOT NULL,
  `nomcombo` text CHARACTER SET utf8 COLLATE utf8_spanish_ci NOT NULL,
  `codfamilia` int(11) NOT NULL,
  `preciocompra` decimal(12,2) NOT NULL,
  `precioxmayor` decimal(12,2) NOT NULL,
  `precioxmenor` decimal(12,2) NOT NULL,
  `precioxpublico` decimal(12,2) NOT NULL,
  `existencia` int(5) NOT NULL,
  `stockminimo` int(5) NOT NULL,
  `stockmaximo` int(5) NOT NULL,
  `ivacombo` varchar(5) CHARACTER SET utf8 COLLATE utf8_spanish_ci NOT NULL,
  `desccombo` decimal(12,2) NOT NULL,
  `codsucursal` int(11) NOT NULL,
  PRIMARY KEY (`idcombo`)
) ENGINE=InnoDB AUTO_INCREMENT=6 DEFAULT CHARSET=utf8 COLLATE=utf8_general_ci;
                
# | Carga de datos de la tabla 'combos'
# +-------------------------------------

COMMIT;
INSERT IGNORE INTO `combos` (`idcombo`, `codcombo`, `nomcombo`, `codfamilia`, `preciocompra`, `precioxmayor`, `precioxmenor`, `precioxpublico`, `existencia`, `stockminimo`, `stockmaximo`, `ivacombo`, `desccombo`, `codsucursal`) VALUES 
      ('1', '1', 'COMBO ACEITE 2X1', '1', '47.00', '0.00', '0.00', '54.00', '100', '0', '0', '1', '0.00', '1'), 
      ('2', '2', 'COMBO ESPECIAL 4X1', '1', '97.00', '0.00', '0.00', '113.00', '55', '0', '0', '1', '0.00', '1'), 
      ('3', '3', 'COMBO 3', '2', '87.00', '0.00', '0.00', '108.00', '60', '0', '0', '1', '0.00', '1'), 
      ('4', '4', 'COMBO 3X1', '4', '89.00', '0.00', '0.00', '110.00', '150', '0', '0', '1', '0.00', '1'), 
      ('5', '5', 'COMBO ESPECIAL', '4', '150.00', '0.00', '0.00', '184.00', '100', '0', '0', '1', '0.00', '1');
COMMIT;

# | Vaciado de tabla 'combosxproductos'
# +-------------------------------------
DROP TABLE IF EXISTS `combosxproductos`;


# | Estructura de la tabla 'combosxproductos'
# +-------------------------------------
CREATE TABLE `combosxproductos` (
  `iddetallecombo` int(11) NOT NULL AUTO_INCREMENT,
  `codcombo` varchar(15) CHARACTER SET utf8 COLLATE utf8_spanish_ci NOT NULL,
  `idproducto` int(11) NOT NULL,
  `codproducto` varchar(15) CHARACTER SET utf8 COLLATE utf8_spanish_ci NOT NULL,
  `cantidad` decimal(12,2) NOT NULL,
  `codsucursal` int(11) NOT NULL,
  PRIMARY KEY (`iddetallecombo`)
) ENGINE=InnoDB AUTO_INCREMENT=18 DEFAULT CHARSET=utf8 COLLATE=utf8_general_ci;
                
# | Carga de datos de la tabla 'combosxproductos'
# +-------------------------------------

COMMIT;
INSERT IGNORE INTO `combosxproductos` (`iddetallecombo`, `codcombo`, `idproducto`, `codproducto`, `cantidad`, `codsucursal`) VALUES 
      ('1', '1', '1', '1', '1.00', '1'), 
      ('2', '1', '5', '5', '1.00', '1'), 
      ('3', '2', '1', '1', '1.00', '1'), 
      ('4', '2', '2', '2', '1.00', '1'), 
      ('5', '2', '5', '5', '1.00', '1'), 
      ('6', '2', '6', '6', '1.00', '1'), 
      ('7', '3', '6', '6', '1.00', '1'), 
      ('8', '3', '26', '26', '2.00', '1'), 
      ('9', '3', '25', '25', '1.00', '1'), 
      ('10', '4', '10', '10', '2.00', '1'), 
      ('11', '4', '11', '11', '1.00', '1'), 
      ('12', '4', '12', '12', '1.00', '1'), 
      ('13', '5', '16', '16', '1.00', '1'), 
      ('14', '5', '13', '13', '1.00', '1'), 
      ('15', '5', '27', '27', '2.00', '1'), 
      ('16', '5', '9', '9', '2.00', '1'), 
      ('17', '5', '1', '1', '1.00', '1');
COMMIT;

# | Vaciado de tabla 'compras'
# +-------------------------------------
DROP TABLE IF EXISTS `compras`;


# | Estructura de la tabla 'compras'
# +-------------------------------------
CREATE TABLE `compras` (
  `idcompra` int(11) NOT NULL AUTO_INCREMENT,
  `codcompra` varchar(30) CHARACTER SET utf8 COLLATE utf8_spanish_ci NOT NULL,
  `tipodocumento` varchar(30) CHARACTER SET utf8 COLLATE utf8_spanish_ci NOT NULL,
  `codfactura` varchar(30) CHARACTER SET utf8 COLLATE utf8_spanish_ci NOT NULL,
  `codproveedor` varchar(30) CHARACTER SET utf8 COLLATE utf8_spanish_ci NOT NULL,
  `subtotal` decimal(12,2) NOT NULL,
  `subtotalexento` decimal(12,2) NOT NULL,
  `subtotaliva` decimal(12,2) NOT NULL,
  `iva` decimal(12,2) NOT NULL,
  `totaliva` decimal(12,2) NOT NULL,
  `descontado` decimal(12,2) NOT NULL,
  `descuento` decimal(12,2) NOT NULL,
  `totaldescuento` decimal(12,2) NOT NULL,
  `totalpago` decimal(12,2) NOT NULL,
  `gastoenvio` decimal(12,2) NOT NULL,
  `creditopagado` decimal(12,2) NOT NULL,
  `tipocompra` varchar(10) CHARACTER SET utf8 COLLATE utf8_spanish_ci NOT NULL,
  `formacompra` varchar(25) CHARACTER SET utf8 COLLATE utf8_spanish_ci NOT NULL,
  `fechavencecredito` varchar(25) CHARACTER SET utf8 COLLATE utf8_spanish_ci NOT NULL,
  `fechapagado` varchar(25) CHARACTER SET utf8 COLLATE utf8_spanish_ci NOT NULL,
  `statuscompra` varchar(10) CHARACTER SET utf8 COLLATE utf8_spanish_ci NOT NULL,
  `fechaemision` date NOT NULL,
  `fecharecepcion` date NOT NULL,
  `observaciones` text CHARACTER SET utf8 COLLATE utf8_spanish_ci NOT NULL,
  `codigo` int(11) NOT NULL,
  `codsucursal` int(11) NOT NULL,
  PRIMARY KEY (`idcompra`)
) ENGINE=InnoDB DEFAULT CHARSET=utf8 COLLATE=utf8_general_ci;
                
# | Carga de datos de la tabla 'compras'
# +-------------------------------------

# | Vaciado de tabla 'configuracion'
# +-------------------------------------
DROP TABLE IF EXISTS `configuracion`;


# | Estructura de la tabla 'configuracion'
# +-------------------------------------
CREATE TABLE `configuracion` (
  `id` int(11) NOT NULL,
  `documsucursal` int(11) NOT NULL,
  `cuit` varchar(25) CHARACTER SET utf8 COLLATE utf8_spanish_ci DEFAULT NULL,
  `nomsucursal` text CHARACTER SET utf8 COLLATE utf8_spanish_ci DEFAULT NULL,
  `tlfsucursal` varchar(20) CHARACTER SET utf8 COLLATE utf8_spanish_ci NOT NULL,
  `correosucursal` varchar(120) CHARACTER SET utf8 COLLATE utf8_spanish_ci DEFAULT NULL,
  `id_provincia` int(11) NOT NULL,
  `id_departamento` int(11) NOT NULL,
  `direcsucursal` text CHARACTER SET utf8 COLLATE utf8_spanish_ci DEFAULT NULL,
  `documencargado` int(11) NOT NULL,
  `dniencargado` varchar(25) CHARACTER SET utf8 COLLATE utf8_spanish_ci DEFAULT NULL,
  `nomencargado` varchar(120) CHARACTER SET utf8 COLLATE utf8_spanish_ci DEFAULT NULL,
  PRIMARY KEY (`id`)
) ENGINE=InnoDB DEFAULT CHARSET=utf8 COLLATE=utf8_general_ci;
                
# | Carga de datos de la tabla 'configuracion'
# +-------------------------------------

COMMIT;
INSERT IGNORE INTO `configuracion` (`id`, `documsucursal`, `cuit`, `nomsucursal`, `tlfsucursal`, `correosucursal`, `id_provincia`, `id_departamento`, `direcsucursal`, `documencargado`, `dniencargado`, `nomencargado`) VALUES 
      ('1', '1', '20180816853', 'GESTIN DE VENTAS E INVENTARIO', '(0416) 9987584', 'MOTOGRUPO@GMAIL.COM', '4', '333', 'AVENIDA LOS CAUDILLOS 742', '11', '18081685', 'RUBEN DARIO CHIRINOS RODRIGUEZ');
COMMIT;

# | Vaciado de tabla 'cotizaciones'
# +-------------------------------------
DROP TABLE IF EXISTS `cotizaciones`;


# | Estructura de la tabla 'cotizaciones'
# +-------------------------------------
CREATE TABLE `cotizaciones` (
  `idcotizacion` int(11) NOT NULL AUTO_INCREMENT,
  `codcotizacion` varchar(30) CHARACTER SET utf8 COLLATE utf8_spanish_ci NOT NULL,
  `tipodocumento` varchar(30) CHARACTER SET utf8 COLLATE utf8_spanish_ci NOT NULL,
  `codfactura` varchar(30) CHARACTER SET utf8 COLLATE utf8_spanish_ci NOT NULL,
  `codcliente` varchar(30) CHARACTER SET utf8 COLLATE utf8_spanish_ci NOT NULL,
  `exonerado` int(2) NOT NULL,
  `subtotal` decimal(12,2) NOT NULL,
  `subtotalexento` decimal(12,2) NOT NULL,
  `subtotaliva` decimal(12,2) NOT NULL,
  `iva` decimal(12,2) NOT NULL,
  `totaliva` decimal(12,2) NOT NULL,
  `descontado` decimal(12,2) NOT NULL,
  `descuento` decimal(12,2) NOT NULL,
  `totaldescuento` decimal(12,2) NOT NULL,
  `totalpago` decimal(12,2) NOT NULL,
  `totalpago2` decimal(12,2) NOT NULL,
  `observaciones` text CHARACTER SET utf8 COLLATE utf8_spanish_ci NOT NULL,
  `fechacotizacion` datetime NOT NULL,
  `procesada` varchar(2) CHARACTER SET utf8 COLLATE utf8_spanish_ci NOT NULL,
  `codigo` int(11) NOT NULL,
  `codsucursal` int(11) NOT NULL,
  PRIMARY KEY (`idcotizacion`)
) ENGINE=InnoDB DEFAULT CHARSET=utf8 COLLATE=utf8_general_ci;
                
# | Carga de datos de la tabla 'cotizaciones'
# +-------------------------------------

# | Vaciado de tabla 'creditosxclientes'
# +-------------------------------------
DROP TABLE IF EXISTS `creditosxclientes`;


# | Estructura de la tabla 'creditosxclientes'
# +-------------------------------------
CREATE TABLE `creditosxclientes` (
  `codcredito` int(11) NOT NULL AUTO_INCREMENT,
  `codcliente` varchar(30) CHARACTER SET utf8 COLLATE utf8_spanish_ci NOT NULL,
  `montocredito` decimal(12,2) NOT NULL,
  `codsucursal` int(11) NOT NULL,
  PRIMARY KEY (`codcredito`)
) ENGINE=InnoDB DEFAULT CHARSET=utf8 COLLATE=utf8_general_ci;
                
# | Carga de datos de la tabla 'creditosxclientes'
# +-------------------------------------

# | Vaciado de tabla 'departamentos'
# +-------------------------------------
DROP TABLE IF EXISTS `departamentos`;


# | Estructura de la tabla 'departamentos'
# +-------------------------------------
CREATE TABLE `departamentos` (
  `id_departamento` int(11) NOT NULL AUTO_INCREMENT,
  `departamento` varchar(255) CHARACTER SET latin1 COLLATE latin1_swedish_ci NOT NULL,
  `id_provincia` int(11) NOT NULL,
  PRIMARY KEY (`id_departamento`)
) ENGINE=InnoDB AUTO_INCREMENT=2383 DEFAULT CHARSET=utf8 COLLATE=utf8_general_ci;
                
# | Carga de datos de la tabla 'departamentos'
# +-------------------------------------

COMMIT;
INSERT IGNORE INTO `departamentos` (`id_departamento`, `departamento`, `id_provincia`) VALUES 
      ('1', '25 DE MAYO', '1'), 
      ('2', '3 DE FEBRERO', '1'), 
      ('3', 'A. ALSINA', '1'), 
      ('4', 'A. GONZALES CHAVES', '1'), 
      ('5', 'AGUAS VERDES', '1'), 
      ('6', 'ALBERTI', '1'), 
      ('7', 'ARRECIFES', '1'), 
      ('8', 'AYACUCHO', '1'), 
      ('9', 'AZUL', '1'), 
      ('10', 'BAHIA BLANCA', '1'), 
      ('11', 'BALCARCE', '1'), 
      ('12', 'BARADERO', '1'), 
      ('13', 'BENITO JUAREZ', '1'), 
      ('14', 'BERISSO', '1'), 
      ('15', 'BOL?VAR', '1'), 
      ('16', 'BRAGADO', '1'), 
      ('17', 'BRANDSEN', '1'), 
      ('18', 'CAMPANA', '1'), 
      ('19', 'CA?UELAS', '1'), 
      ('20', 'CAPILLA DEL SE?OR', '1'), 
      ('21', 'CAPIT?N SARMIENTO', '1'), 
      ('22', 'CARAPACHAY', '1'), 
      ('23', 'CARHUE', '1'), 
      ('24', 'CARIL?', '1'), 
      ('25', 'CARLOS CASARES', '1'), 
      ('26', 'CARLOS TEJEDOR', '1'), 
      ('27', 'CARMEN DE ARECO', '1'), 
      ('28', 'CARMEN DE PATAGONES', '1'), 
      ('29', 'CASTELLI', '1'), 
      ('30', 'CHACABUCO', '1'), 
      ('31', 'CHASCOM?S', '1'), 
      ('32', 'CHIVILCOY', '1'), 
      ('33', 'COL?N', '1'), 
      ('34', 'CORONEL DORREGO', '1'), 
      ('35', 'CORONEL PRINGLES', '1'), 
      ('36', 'CORONEL ROSALES', '1'), 
      ('37', 'CORONEL SUAREZ', '1'), 
      ('38', 'COSTA AZUL', '1'), 
      ('39', 'COSTA CHICA', '1'), 
      ('40', 'COSTA DEL ESTE', '1'), 
      ('41', 'COSTA ESMERALDA', '1'), 
      ('42', 'DAIREAUX', '1'), 
      ('43', 'DARREGUEIRA', '1'), 
      ('44', 'DEL VISO', '1'), 
      ('45', 'DOLORES', '1'), 
      ('46', 'DON TORCUATO', '1'), 
      ('47', 'ENSENADA', '1'), 
      ('48', 'ESCOBAR', '1'), 
      ('49', 'EXALTACI?N DE LA CRUZ', '1'), 
      ('50', 'FLORENTINO AMEGHINO', '1'), 
      ('51', 'GAR?N', '1'), 
      ('52', 'GRAL. ALVARADO', '1'), 
      ('53', 'GRAL. ALVEAR', '1'), 
      ('54', 'GRAL. ARENALES', '1'), 
      ('55', 'GRAL. BELGRANO', '1'), 
      ('56', 'GRAL. GUIDO', '1'), 
      ('57', 'GRAL. LAMADRID', '1'), 
      ('58', 'GRAL. LAS HERAS', '1'), 
      ('59', 'GRAL. LAVALLE', '1'), 
      ('60', 'GRAL. MADARIAGA', '1'), 
      ('61', 'GRAL. PACHECO', '1'), 
      ('62', 'GRAL. PAZ', '1'), 
      ('63', 'GRAL. PINTO', '1'), 
      ('64', 'GRAL. PUEYRRED?N', '1'), 
      ('65', 'GRAL. RODR?GUEZ', '1'), 
      ('66', 'GRAL. VIAMONTE', '1'), 
      ('67', 'GRAL. VILLEGAS', '1'), 
      ('68', 'GUAMIN?', '1'), 
      ('69', 'GUERNICA', '1'), 
      ('70', 'HIP?LITO YRIGOYEN', '1'), 
      ('71', 'ING. MASCHWITZ', '1'), 
      ('72', 'JUN?N', '1'), 
      ('73', 'LA PLATA', '1'), 
      ('74', 'LAPRIDA', '1'), 
      ('75', 'LAS FLORES', '1'), 
      ('76', 'LAS TONINAS', '1'), 
      ('77', 'LEANDRO N. ALEM', '1'), 
      ('78', 'LINCOLN', '1'), 
      ('79', 'LOBERIA', '1'), 
      ('80', 'LOBOS', '1'), 
      ('81', 'LOS CARDALES', '1'), 
      ('82', 'LOS TOLDOS', '1'), 
      ('83', 'LUCILA DEL MAR', '1'), 
      ('84', 'LUJ?N', '1'), 
      ('85', 'MAGDALENA', '1'), 
      ('86', 'MAIP?', '1'), 
      ('87', 'MAR CHIQUITA', '1'), 
      ('88', 'MAR DE AJ?', '1'), 
      ('89', 'MAR DE LAS PAMPAS', '1'), 
      ('90', 'MAR DEL PLATA', '1'), 
      ('91', 'MAR DEL TUY?', '1'), 
      ('92', 'MARCOS PAZ', '1'), 
      ('93', 'MERCEDES', '1'), 
      ('94', 'MIRAMAR', '1'), 
      ('95', 'MONTE', '1'), 
      ('96', 'MONTE HERMOSO', '1'), 
      ('97', 'MUNRO', '1'), 
      ('98', 'NAVARRO', '1'), 
      ('99', 'NECOCHEA', '1'), 
      ('100', 'OLAVARR?A', '1'), 
      ('101', 'PARTIDO DE LA COSTA', '1'), 
      ('102', 'PEHUAJ?', '1'), 
      ('103', 'PELLEGRINI', '1'), 
      ('104', 'PERGAMINO', '1'), 
      ('105', 'PIG??', '1'), 
      ('106', 'PILA', '1'), 
      ('107', 'PILAR', '1'), 
      ('108', 'PINAMAR', '1'), 
      ('109', 'PINAR DEL SOL', '1'), 
      ('110', 'POLVORINES', '1'), 
      ('111', 'PTE. PER?N', '1'), 
      ('112', 'PU?N', '1'), 
      ('113', 'PUNTA INDIO', '1'), 
      ('114', 'RAMALLO', '1'), 
      ('115', 'RAUCH', '1'), 
      ('116', 'RIVADAVIA', '1'), 
      ('117', 'ROJAS', '1'), 
      ('118', 'ROQUE P?REZ', '1'), 
      ('119', 'SAAVEDRA', '1'), 
      ('120', 'SALADILLO', '1'), 
      ('121', 'SALLIQUEL?', '1'), 
      ('122', 'SALTO', '1'), 
      ('123', 'SAN ANDR?S DE GILES', '1'), 
      ('124', 'SAN ANTONIO DE ARECO', '1'), 
      ('125', 'SAN ANTONIO DE PADUA', '1'), 
      ('126', 'SAN BERNARDO', '1'), 
      ('127', 'SAN CAYETANO', '1'), 
      ('128', 'SAN CLEMENTE DEL TUY?', '1'), 
      ('129', 'SAN NICOL?S', '1'), 
      ('130', 'SAN PEDRO', '1'), 
      ('131', 'SAN VICENTE', '1'), 
      ('132', 'SANTA TERESITA', '1'), 
      ('133', 'SUIPACHA', '1'), 
      ('134', 'TANDIL', '1'), 
      ('135', 'TAPALQU?', '1'), 
      ('136', 'TORDILLO', '1'), 
      ('137', 'TORNQUIST', '1'), 
      ('138', 'TRENQUE LAUQUEN', '1'), 
      ('139', 'TRES LOMAS', '1'), 
      ('140', 'VILLA GESELL', '1'), 
      ('141', 'VILLARINO', '1'), 
      ('142', 'Z?RATE', '1'), 
      ('143', '11 DE SEPTIEMBRE', '2'), 
      ('144', '20 DE JUNIO', '2'), 
      ('145', '25 DE MAYO', '2'), 
      ('146', 'ACASSUSO', '2'), 
      ('147', 'ADROGU?', '2'), 
      ('148', 'ALDO BONZI', '2'), 
      ('149', '?REA RESERVA CINTUR?N ECOL?GICO', '2'), 
      ('150', 'AVELLANEDA', '2'), 
      ('151', 'BANFIELD', '2'), 
      ('152', 'BARRIO PARQUE', '2'), 
      ('153', 'BARRIO SANTA TERESITA', '2'), 
      ('154', 'BECCAR', '2'), 
      ('155', 'BELLA VISTA', '2'), 
      ('156', 'BERAZATEGUI', '2'), 
      ('157', 'BERNAL ESTE', '2'), 
      ('158', 'BERNAL OESTE', '2'), 
      ('159', 'BILLINGHURST', '2'), 
      ('160', 'BOULOGNE', '2'), 
      ('161', 'BURZACO', '2'), 
      ('162', 'CARAPACHAY', '2'), 
      ('163', 'CASEROS', '2'), 
      ('164', 'CASTELAR', '2'), 
      ('165', 'CHURRUCA', '2'), 
      ('166', 'CIUDAD EVITA', '2'), 
      ('167', 'CIUDAD MADERO', '2'), 
      ('168', 'CIUDADELA', '2'), 
      ('169', 'CLAYPOLE', '2'), 
      ('170', 'CRUCECITA', '2'), 
      ('171', 'DOCK SUD', '2'), 
      ('172', 'DON BOSCO', '2'), 
      ('173', 'DON ORIONE', '2'), 
      ('174', 'EL JAG?EL', '2'), 
      ('175', 'EL LIBERTADOR', '2'), 
      ('176', 'EL PALOMAR', '2'), 
      ('177', 'EL TALA', '2'), 
      ('178', 'EL TR?BOL', '2'), 
      ('179', 'EZEIZA', '2'), 
      ('180', 'EZPELETA', '2'), 
      ('181', 'FLORENCIO VARELA', '2'), 
      ('182', 'FLORIDA', '2'), 
      ('183', 'FRANCISCO ?LVAREZ', '2'), 
      ('184', 'GERLI', '2'), 
      ('185', 'GLEW', '2'), 
      ('186', 'GONZ?LEZ CAT?N', '2'), 
      ('187', 'GRAL. LAMADRID', '2'), 
      ('188', 'GRAND BOURG', '2'), 
      ('189', 'GREGORIO DE LAFERRERE', '2'), 
      ('190', 'GUILLERMO ENRIQUE HUDSON', '2'), 
      ('191', 'HAEDO', '2'), 
      ('192', 'HURLINGHAM', '2'), 
      ('193', 'ING. SOURDEAUX', '2'), 
      ('194', 'ISIDRO CASANOVA', '2'), 
      ('195', 'ITUZAING?', '2'), 
      ('196', 'JOS? C. PAZ', '2'), 
      ('197', 'JOS? INGENIEROS', '2'), 
      ('198', 'JOS? MARMOL', '2'), 
      ('199', 'LA LUCILA', '2'), 
      ('200', 'LA REJA', '2'), 
      ('201', 'LA TABLADA', '2'), 
      ('202', 'LAN?S', '2'), 
      ('203', 'LLAVALLOL', '2'), 
      ('204', 'LOMA HERMOSA', '2'), 
      ('205', 'LOMAS DE ZAMORA', '2'), 
      ('206', 'LOMAS DEL MILL?N', '2'), 
      ('207', 'LOMAS DEL MIRADOR', '2'), 
      ('208', 'LONGCHAMPS', '2'), 
      ('209', 'LOS POLVORINES', '2'), 
      ('210', 'LUIS GUILL?N', '2'), 
      ('211', 'MALVINAS ARGENTINAS', '2'), 
      ('212', 'MART?N CORONADO', '2'), 
      ('213', 'MART?NEZ', '2'), 
      ('214', 'MERLO', '2'), 
      ('215', 'MINISTRO RIVADAVIA', '2'), 
      ('216', 'MONTE CHINGOLO', '2'), 
      ('217', 'MONTE GRANDE', '2'), 
      ('218', 'MORENO', '2'), 
      ('219', 'MOR?N', '2'), 
      ('220', 'MU?IZ', '2'), 
      ('221', 'OLIVOS', '2'), 
      ('222', 'PABLO NOGU?S', '2'), 
      ('223', 'PABLO PODEST?', '2'), 
      ('224', 'PASO DEL REY', '2'), 
      ('225', 'PEREYRA', '2'), 
      ('226', 'PI?EIRO', '2'), 
      ('227', 'PL?TANOS', '2'), 
      ('228', 'PONTEVEDRA', '2'), 
      ('229', 'QUILMES', '2'), 
      ('230', 'RAFAEL CALZADA', '2'), 
      ('231', 'RAFAEL CASTILLO', '2'), 
      ('232', 'RAMOS MEJ?A', '2'), 
      ('233', 'RANELAGH', '2'), 
      ('234', 'REMEDIOS DE ESCALADA', '2'), 
      ('235', 'S?ENZ PE?A', '2'), 
      ('236', 'SAN ANTONIO DE PADUA', '2'), 
      ('237', 'SAN FERNANDO', '2'), 
      ('238', 'SAN FRANCISCO SOLANO', '2'), 
      ('239', 'SAN ISIDRO', '2'), 
      ('240', 'SAN JOS?', '2'), 
      ('241', 'SAN JUSTO', '2'), 
      ('242', 'SAN MART?N', '2'), 
      ('243', 'SAN MIGUEL', '2'), 
      ('244', 'SANTOS LUGARES', '2'), 
      ('245', 'SARAND?', '2'), 
      ('246', 'SOURIGUES', '2'), 
      ('247', 'TAPIALES', '2'), 
      ('248', 'TEMPERLEY', '2'), 
      ('249', 'TIGRE', '2'), 
      ('250', 'TORTUGUITAS', '2'), 
      ('251', 'TRIST?N SU?REZ', '2'), 
      ('252', 'TRUJUI', '2'), 
      ('253', 'TURDERA', '2'), 
      ('254', 'VALENT?N ALSINA', '2'), 
      ('255', 'VICENTE L?PEZ', '2'), 
      ('256', 'VILLA ADELINA', '2'), 
      ('257', 'VILLA BALLESTER', '2'), 
      ('258', 'VILLA BOSCH', '2'), 
      ('259', 'VILLA CARAZA', '2'), 
      ('260', 'VILLA CELINA', '2'), 
      ('261', 'VILLA CENTENARIO', '2'), 
      ('262', 'VILLA DE MAYO', '2'), 
      ('263', 'VILLA DIAMANTE', '2'), 
      ('264', 'VILLA DOM?NICO', '2'), 
      ('265', 'VILLA ESPA?A', '2'), 
      ('266', 'VILLA FIORITO', '2'), 
      ('267', 'VILLA GUILLERMINA', '2'), 
      ('268', 'VILLA INSUPERABLE', '2'), 
      ('269', 'VILLA JOS? LE?N SU?REZ', '2'), 
      ('270', 'VILLA LA FLORIDA', '2'), 
      ('271', 'VILLA LUZURIAGA', '2'), 
      ('272', 'VILLA MARTELLI', '2'), 
      ('273', 'VILLA OBRERA', '2'), 
      ('274', 'VILLA PROGRESO', '2'), 
      ('275', 'VILLA RAFFO', '2'), 
      ('276', 'VILLA SARMIENTO', '2'), 
      ('277', 'VILLA TESEI', '2'), 
      ('278', 'VILLA UDAONDO', '2'), 
      ('279', 'VIRREY DEL PINO', '2'), 
      ('280', 'WILDE', '2'), 
      ('281', 'WILLIAM MORRIS', '2'), 
      ('282', 'AGRONOM?A', '3'), 
      ('283', 'ALMAGRO', '3'), 
      ('284', 'BALVANERA', '3'), 
      ('285', 'BARRACAS', '3'), 
      ('286', 'BELGRANO', '3'), 
      ('287', 'BOCA', '3'), 
      ('288', 'BOEDO', '3'), 
      ('289', 'CABALLITO', '3'), 
      ('290', 'CHACARITA', '3'), 
      ('291', 'COGHLAN', '3'), 
      ('292', 'COLEGIALES', '3'), 
      ('293', 'CONSTITUCI?N', '3'), 
      ('294', 'FLORES', '3'), 
      ('295', 'FLORESTA', '3'), 
      ('296', 'LA PATERNAL', '3'), 
      ('297', 'LINIERS', '3'), 
      ('298', 'MATADEROS', '3'), 
      ('299', 'MONSERRAT', '3'), 
      ('300', 'MONTE CASTRO', '3');
COMMIT;
INSERT IGNORE INTO `departamentos` (`id_departamento`, `departamento`, `id_provincia`) VALUES 
      ('301', 'NUEVA POMPEYA', '3'), 
      ('302', 'N??EZ', '3'), 
      ('303', 'PALERMO', '3'), 
      ('304', 'PARQUE AVELLANEDA', '3'), 
      ('305', 'PARQUE CHACABUCO', '3'), 
      ('306', 'PARQUE CHAS', '3'), 
      ('307', 'PARQUE PATRICIOS', '3'), 
      ('308', 'PUERTO MADERO', '3'), 
      ('309', 'RECOLETA', '3'), 
      ('310', 'RETIRO', '3'), 
      ('311', 'SAAVEDRA', '3'), 
      ('312', 'SAN CRIST?BAL', '3'), 
      ('313', 'SAN NICOL?S', '3'), 
      ('314', 'SAN TELMO', '3'), 
      ('315', 'V?LEZ S?RSFIELD', '3'), 
      ('316', 'VERSALLES', '3'), 
      ('317', 'VILLA CRESPO', '3'), 
      ('318', 'VILLA DEL PARQUE', '3'), 
      ('319', 'VILLA DEVOTO', '3'), 
      ('320', 'VILLA GRAL. MITRE', '3'), 
      ('321', 'VILLA LUGANO', '3'), 
      ('322', 'VILLA LURO', '3'), 
      ('323', 'VILLA ORT?ZAR', '3'), 
      ('324', 'VILLA PUEYRRED?N', '3'), 
      ('325', 'VILLA REAL', '3'), 
      ('326', 'VILLA RIACHUELO', '3'), 
      ('327', 'VILLA SANTA RITA', '3'), 
      ('328', 'VILLA SOLDATI', '3'), 
      ('329', 'VILLA URQUIZA', '3'), 
      ('330', 'ACONQUIJA', '4'), 
      ('331', 'ANCASTI', '4'), 
      ('332', 'ANDALGAL?', '4'), 
      ('333', 'ANTOFAGASTA', '4'), 
      ('334', 'BEL?N', '4'), 
      ('335', 'CAPAY?N', '4'), 
      ('336', 'CAPITAL', '4'), 
      ('337', '4', '4'), 
      ('338', 'CORRAL QUEMADO', '4'), 
      ('339', 'EL ALTO', '4'), 
      ('340', 'EL RODEO', '4'), 
      ('341', 'F.MAMERTO ESQUI?', '4'), 
      ('342', 'FIAMBAL?', '4'), 
      ('343', 'HUALF?N', '4'), 
      ('344', 'HUILLAPIMA', '4'), 
      ('345', 'ICA?O', '4'), 
      ('346', 'LA PUERTA', '4'), 
      ('347', 'LAS JUNTAS', '4'), 
      ('348', 'LONDRES', '4'), 
      ('349', 'LOS ALTOS', '4'), 
      ('350', 'LOS VARELA', '4'), 
      ('351', 'MUTQU?N', '4'), 
      ('352', 'PACL?N', '4'), 
      ('353', 'POMAN', '4'), 
      ('354', 'POZO DE LA PIEDRA', '4'), 
      ('355', 'PUERTA DE CORRAL', '4'), 
      ('356', 'PUERTA SAN JOS?', '4'), 
      ('357', 'RECREO', '4'), 
      ('358', 'S.F.V DE 4', '4'), 
      ('359', 'SAN FERNANDO', '4'), 
      ('360', 'SAN FERNANDO DEL VALLE', '4'), 
      ('361', 'SAN JOS?', '4'), 
      ('362', 'SANTA MAR?A', '4'), 
      ('363', 'SANTA ROSA', '4'), 
      ('364', 'SAUJIL', '4'), 
      ('365', 'TAPSO', '4'), 
      ('366', 'TINOGASTA', '4'), 
      ('367', 'VALLE VIEJO', '4'), 
      ('368', 'VILLA VIL', '4'), 
      ('369', 'AVI? TERA?', '5'), 
      ('370', 'BARRANQUERAS', '5'), 
      ('371', 'BASAIL', '5'), 
      ('372', 'CAMPO LARGO', '5'), 
      ('373', 'CAPITAL', '5'), 
      ('374', 'CAPIT?N SOLARI', '5'), 
      ('375', 'CHARADAI', '5'), 
      ('376', 'CHARATA', '5'), 
      ('377', 'CHOROTIS', '5'), 
      ('378', 'CIERVO PETISO', '5'), 
      ('379', 'CNEL. DU GRATY', '5'), 
      ('380', 'COL. BEN?TEZ', '5'), 
      ('381', 'COL. ELISA', '5'), 
      ('382', 'COL. POPULAR', '5'), 
      ('383', 'COLONIAS UNIDAS', '5'), 
      ('384', 'CONCEPCI?N', '5'), 
      ('385', 'CORZUELA', '5'), 
      ('386', 'COTE LAI', '5'), 
      ('387', 'EL SAUZALITO', '5'), 
      ('388', 'ENRIQUE URIEN', '5'), 
      ('389', 'FONTANA', '5'), 
      ('390', 'FTE. ESPERANZA', '5'), 
      ('391', 'GANCEDO', '5'), 
      ('392', 'GRAL. CAPDEVILA', '5'), 
      ('393', 'GRAL. PINERO', '5'), 
      ('394', 'GRAL. SAN MART?N', '5'), 
      ('395', 'GRAL. VEDIA', '5'), 
      ('396', 'HERMOSO CAMPO', '5'), 
      ('397', 'I. DEL CERRITO', '5'), 
      ('398', 'J.J. CASTELLI', '5'), 
      ('399', 'LA CLOTILDE', '5'), 
      ('400', 'LA EDUVIGIS', '5'), 
      ('401', 'LA ESCONDIDA', '5'), 
      ('402', 'LA LEONESA', '5'), 
      ('403', 'LA TIGRA', '5'), 
      ('404', 'LA VERDE', '5'), 
      ('405', 'LAGUNA BLANCA', '5'), 
      ('406', 'LAGUNA LIMPIA', '5'), 
      ('407', 'LAPACHITO', '5'), 
      ('408', 'LAS BRE?AS', '5'), 
      ('409', 'LAS GARCITAS', '5'), 
      ('410', 'LAS PALMAS', '5'), 
      ('411', 'LOS FRENTONES', '5'), 
      ('412', 'MACHAGAI', '5'), 
      ('413', 'MAKALL?', '5'), 
      ('414', 'MARGARITA BEL?N', '5'), 
      ('415', 'MIRAFLORES', '5'), 
      ('416', 'MISI?N N. POMPEYA', '5'), 
      ('417', 'NAPENAY', '5'), 
      ('418', 'PAMPA ALMIR?N', '5'), 
      ('419', 'PAMPA DEL INDIO', '5'), 
      ('420', 'PAMPA DEL INFIERNO', '5'), 
      ('421', 'PDCIA. DE LA PLAZA', '5'), 
      ('422', 'PDCIA. ROCA', '5'), 
      ('423', 'PDCIA. ROQUE S?ENZ PE?A', '5'), 
      ('424', 'PTO. BERMEJO', '5'), 
      ('425', 'PTO. EVA PER?N', '5'), 
      ('426', 'PUERO TIROL', '5'), 
      ('427', 'PUERTO VILELAS', '5'), 
      ('428', 'QUITILIPI', '5'), 
      ('429', 'RESISTENCIA', '5'), 
      ('430', 'S?ENZ PE?A', '5'), 
      ('431', 'SAMUH?', '5'), 
      ('432', 'SAN BERNARDO', '5'), 
      ('433', 'SANTA SYLVINA', '5'), 
      ('434', 'TACO POZO', '5'), 
      ('435', 'TRES ISLETAS', '5'), 
      ('436', 'VILLA ?NGELA', '5'), 
      ('437', 'VILLA BERTHET', '5'), 
      ('438', 'VILLA R. BERMEJITO', '5'), 
      ('439', 'ALDEA APELEG', '6'), 
      ('440', 'ALDEA BELEIRO', '6'), 
      ('441', 'ALDEA EPULEF', '6'), 
      ('442', 'ALTO R?O SENGERR', '6'), 
      ('443', 'BUEN PASTO', '6'), 
      ('444', 'CAMARONES', '6'), 
      ('445', 'CARRENLEUF?', '6'), 
      ('446', 'CHOLILA', '6'), 
      ('447', 'CO. CENTINELA', '6'), 
      ('448', 'COLAN CONHU?', '6'), 
      ('449', 'COMODORO RIVADAVIA', '6'), 
      ('450', 'CORCOVADO', '6'), 
      ('451', 'CUSHAMEN', '6'), 
      ('452', 'DIQUE F. AMEGHINO', '6'), 
      ('453', 'DOLAV?N', '6'), 
      ('454', 'DR. R. ROJAS', '6'), 
      ('455', 'EL HOYO', '6'), 
      ('456', 'EL MAIT?N', '6'), 
      ('457', 'EPUY?N', '6'), 
      ('458', 'ESQUEL', '6'), 
      ('459', 'FACUNDO', '6'), 
      ('460', 'GAIM?N', '6'), 
      ('461', 'GAN GAN', '6'), 
      ('462', 'GASTRE', '6'), 
      ('463', 'GDOR. COSTA', '6'), 
      ('464', 'GUALJAINA', '6'), 
      ('465', 'J. DE SAN MART?N', '6'), 
      ('466', 'LAGO BLANCO', '6'), 
      ('467', 'LAGO PUELO', '6'), 
      ('468', 'LAGUNITA SALADA', '6'), 
      ('469', 'LAS PLUMAS', '6'), 
      ('470', 'LOS ALTARES', '6'), 
      ('471', 'PASO DE LOS INDIOS', '6'), 
      ('472', 'PASO DEL SAPO', '6'), 
      ('473', 'PTO. MADRYN', '6'), 
      ('474', 'PTO. PIR?MIDES', '6'), 
      ('475', 'RADA TILLY', '6'), 
      ('476', 'RAWSON', '6'), 
      ('477', 'R?O MAYO', '6'), 
      ('478', 'R?O PICO', '6'), 
      ('479', 'SARMIENTO', '6'), 
      ('480', 'TECKA', '6'), 
      ('481', 'TELSEN', '6'), 
      ('482', 'TRELEW', '6'), 
      ('483', 'TREVELIN', '6'), 
      ('484', 'VEINTIOCHO DE JULIO', '6'), 
      ('485', 'ACHIRAS', '7'), 
      ('486', 'ADELIA MARIA', '7'), 
      ('487', 'AGUA DE ORO', '7'), 
      ('488', 'ALCIRA GIGENA', '7'), 
      ('489', 'ALDEA SANTA MARIA', '7'), 
      ('490', 'ALEJANDRO ROCA', '7'), 
      ('491', 'ALEJO LEDESMA', '7'), 
      ('492', 'ALICIA', '7'), 
      ('493', 'ALMAFUERTE', '7'), 
      ('494', 'ALPA CORRAL', '7'), 
      ('495', 'ALTA GRACIA', '7'), 
      ('496', 'ALTO ALEGRE', '7'), 
      ('497', 'ALTO DE LOS QUEBRACHOS', '7'), 
      ('498', 'ALTOS DE CHIPION', '7'), 
      ('499', 'AMBOY', '7'), 
      ('500', 'AMBUL', '7'), 
      ('501', 'ANA ZUMARAN', '7'), 
      ('502', 'ANISACATE', '7'), 
      ('503', 'ARGUELLO', '7'), 
      ('504', 'ARIAS', '7'), 
      ('505', 'ARROYITO', '7'), 
      ('506', 'ARROYO ALGODON', '7'), 
      ('507', 'ARROYO CABRAL', '7'), 
      ('508', 'ARROYO LOS PATOS', '7'), 
      ('509', 'ASSUNTA', '7'), 
      ('510', 'ATAHONA', '7'), 
      ('511', 'AUSONIA', '7'), 
      ('512', 'AVELLANEDA', '7'), 
      ('513', 'BALLESTEROS', '7'), 
      ('514', 'BALLESTEROS SUD', '7'), 
      ('515', 'BALNEARIA', '7'), 
      ('516', 'BA?ADO DE SOTO', '7'), 
      ('517', 'BELL VILLE', '7'), 
      ('518', 'BENGOLEA', '7'), 
      ('519', 'BENJAMIN GOULD', '7'), 
      ('520', 'BERROTARAN', '7'), 
      ('521', 'BIALET MASSE', '7'), 
      ('522', 'BOUWER', '7'), 
      ('523', 'BRINKMANN', '7'), 
      ('524', 'BUCHARDO', '7'), 
      ('525', 'BULNES', '7'), 
      ('526', 'CABALANGO', '7'), 
      ('527', 'CALAMUCHITA', '7'), 
      ('528', 'CALCHIN', '7'), 
      ('529', 'CALCHIN OESTE', '7'), 
      ('530', 'CALMAYO', '7'), 
      ('531', 'CAMILO ALDAO', '7'), 
      ('532', 'CAMINIAGA', '7'), 
      ('533', 'CA?ADA DE LUQUE', '7'), 
      ('534', 'CA?ADA DE MACHADO', '7'), 
      ('535', 'CA?ADA DE RIO PINTO', '7'), 
      ('536', 'CA?ADA DEL SAUCE', '7'), 
      ('537', 'CANALS', '7'), 
      ('538', 'CANDELARIA SUD', '7'), 
      ('539', 'CAPILLA DE REMEDIOS', '7'), 
      ('540', 'CAPILLA DE SITON', '7'), 
      ('541', 'CAPILLA DEL CARMEN', '7'), 
      ('542', 'CAPILLA DEL MONTE', '7'), 
      ('543', 'CAPITAL', '7'), 
      ('544', 'CAPITAN GRAL B. O?HIGGINS', '7'), 
      ('545', 'CARNERILLO', '7'), 
      ('546', 'CARRILOBO', '7'), 
      ('547', 'CASA GRANDE', '7'), 
      ('548', 'CAVANAGH', '7'), 
      ('549', 'CERRO COLORADO', '7'), 
      ('550', 'CHAJ?N', '7'), 
      ('551', 'CHALACEA', '7'), 
      ('552', 'CHA?AR VIEJO', '7'), 
      ('553', 'CHANCAN?', '7'), 
      ('554', 'CHARBONIER', '7'), 
      ('555', 'CHARRAS', '7'), 
      ('556', 'CHAZ?N', '7'), 
      ('557', 'CHILIBROSTE', '7'), 
      ('558', 'CHUCUL', '7'), 
      ('559', 'CHU?A', '7'), 
      ('560', 'CHU?A HUASI', '7'), 
      ('561', 'CHURQUI CA?ADA', '7'), 
      ('562', 'CIENAGA DEL CORO', '7'), 
      ('563', 'CINTRA', '7'), 
      ('564', 'COL. ALMADA', '7'), 
      ('565', 'COL. ANITA', '7'), 
      ('566', 'COL. BARGE', '7'), 
      ('567', 'COL. BISMARK', '7'), 
      ('568', 'COL. BREMEN', '7'), 
      ('569', 'COL. CAROYA', '7'), 
      ('570', 'COL. ITALIANA', '7'), 
      ('571', 'COL. ITURRASPE', '7'), 
      ('572', 'COL. LAS CUATRO ESQUINAS', '7'), 
      ('573', 'COL. LAS PICHANAS', '7'), 
      ('574', 'COL. MARINA', '7'), 
      ('575', 'COL. PROSPERIDAD', '7'), 
      ('576', 'COL. SAN BARTOLOME', '7'), 
      ('577', 'COL. SAN PEDRO', '7'), 
      ('578', 'COL. TIROLESA', '7'), 
      ('579', 'COL. VICENTE AGUERO', '7'), 
      ('580', 'COL. VIDELA', '7'), 
      ('581', 'COL. VIGNAUD', '7'), 
      ('582', 'COL. WALTELINA', '7'), 
      ('583', 'COLAZO', '7'), 
      ('584', 'COMECHINGONES', '7'), 
      ('585', 'CONLARA', '7'), 
      ('586', 'COPACABANA', '7'), 
      ('587', '7', '7'), 
      ('588', 'CORONEL BAIGORRIA', '7'), 
      ('589', 'CORONEL MOLDES', '7'), 
      ('590', 'CORRAL DE BUSTOS', '7'), 
      ('591', 'CORRALITO', '7'), 
      ('592', 'COSQU?N', '7'), 
      ('593', 'COSTA SACATE', '7'), 
      ('594', 'CRUZ ALTA', '7'), 
      ('595', 'CRUZ DE CA?A', '7'), 
      ('596', 'CRUZ DEL EJE', '7'), 
      ('597', 'CUESTA BLANCA', '7'), 
      ('598', 'DEAN FUNES', '7'), 
      ('599', 'DEL CAMPILLO', '7'), 
      ('600', 'DESPE?ADEROS', '7');
COMMIT;
INSERT IGNORE INTO `departamentos` (`id_departamento`, `departamento`, `id_provincia`) VALUES 
      ('601', 'DEVOTO', '7'), 
      ('602', 'DIEGO DE ROJAS', '7'), 
      ('603', 'DIQUE CHICO', '7'), 
      ('604', 'EL ARA?ADO', '7'), 
      ('605', 'EL BRETE', '7'), 
      ('606', 'EL CHACHO', '7'), 
      ('607', 'EL CRISP?N', '7'), 
      ('608', 'EL FORT?N', '7'), 
      ('609', 'EL MANZANO', '7'), 
      ('610', 'EL RASTREADOR', '7'), 
      ('611', 'EL RODEO', '7'), 
      ('612', 'EL T?O', '7'), 
      ('613', 'ELENA', '7'), 
      ('614', 'EMBALSE', '7'), 
      ('615', 'ESQUINA', '7'), 
      ('616', 'ESTACI?N GRAL. PAZ', '7'), 
      ('617', 'ESTACI?N JU?REZ CELMAN', '7'), 
      ('618', 'ESTANCIA DE GUADALUPE', '7'), 
      ('619', 'ESTANCIA VIEJA', '7'), 
      ('620', 'ETRURIA', '7'), 
      ('621', 'EUFRASIO LOZA', '7'), 
      ('622', 'FALDA DEL CARMEN', '7'), 
      ('623', 'FREYRE', '7'), 
      ('624', 'GRAL. BALDISSERA', '7'), 
      ('625', 'GRAL. CABRERA', '7'), 
      ('626', 'GRAL. DEHEZA', '7'), 
      ('627', 'GRAL. FOTHERINGHAM', '7'), 
      ('628', 'GRAL. LEVALLE', '7'), 
      ('629', 'GRAL. ROCA', '7'), 
      ('630', 'GUANACO MUERTO', '7'), 
      ('631', 'GUASAPAMPA', '7'), 
      ('632', 'GUATIMOZIN', '7'), 
      ('633', 'GUTENBERG', '7'), 
      ('634', 'HERNANDO', '7'), 
      ('635', 'HUANCHILLAS', '7'), 
      ('636', 'HUERTA GRANDE', '7'), 
      ('637', 'HUINCA RENANCO', '7'), 
      ('638', 'IDIAZABAL', '7'), 
      ('639', 'IMPIRA', '7'), 
      ('640', 'INRIVILLE', '7'), 
      ('641', 'ISLA VERDE', '7'), 
      ('642', 'ITAL?', '7'), 
      ('643', 'JAMES CRAIK', '7'), 
      ('644', 'JES?S MAR?A', '7'), 
      ('645', 'JOVITA', '7'), 
      ('646', 'JUSTINIANO POSSE', '7'), 
      ('647', 'KM 658', '7'), 
      ('648', 'L. V. MANSILLA', '7'), 
      ('649', 'LA BATEA', '7'), 
      ('650', 'LA CALERA', '7'), 
      ('651', 'LA CARLOTA', '7'), 
      ('652', 'LA CAROLINA', '7'), 
      ('653', 'LA CAUTIVA', '7'), 
      ('654', 'LA CESIRA', '7'), 
      ('655', 'LA CRUZ', '7'), 
      ('656', 'LA CUMBRE', '7'), 
      ('657', 'LA CUMBRECITA', '7'), 
      ('658', 'LA FALDA', '7'), 
      ('659', 'LA FRANCIA', '7'), 
      ('660', 'LA GRANJA', '7'), 
      ('661', 'LA HIGUERA', '7'), 
      ('662', 'LA LAGUNA', '7'), 
      ('663', 'LA PAISANITA', '7'), 
      ('664', 'LA PALESTINA', '7'), 
      ('665', '12', '7'), 
      ('666', 'LA PAQUITA', '7'), 
      ('667', 'LA PARA', '7'), 
      ('668', 'LA PAZ', '7'), 
      ('669', 'LA PLAYA', '7'), 
      ('670', 'LA PLAYOSA', '7'), 
      ('671', 'LA POBLACI?N', '7'), 
      ('672', 'LA POSTA', '7'), 
      ('673', 'LA PUERTA', '7'), 
      ('674', 'LA QUINTA', '7'), 
      ('675', 'LA RANCHERITA', '7'), 
      ('676', 'LA RINCONADA', '7'), 
      ('677', 'LA SERRANITA', '7'), 
      ('678', 'LA TORDILLA', '7'), 
      ('679', 'LABORDE', '7'), 
      ('680', 'LABOULAYE', '7'), 
      ('681', 'LAGUNA LARGA', '7'), 
      ('682', 'LAS ACEQUIAS', '7'), 
      ('683', 'LAS ALBAHACAS', '7'), 
      ('684', 'LAS ARRIAS', '7'), 
      ('685', 'LAS BAJADAS', '7'), 
      ('686', 'LAS CALERAS', '7'), 
      ('687', 'LAS CALLES', '7'), 
      ('688', 'LAS CA?ADAS', '7'), 
      ('689', 'LAS GRAMILLAS', '7'), 
      ('690', 'LAS HIGUERAS', '7'), 
      ('691', 'LAS ISLETILLAS', '7'), 
      ('692', 'LAS JUNTURAS', '7'), 
      ('693', 'LAS PALMAS', '7'), 
      ('694', 'LAS PE?AS', '7'), 
      ('695', 'LAS PE?AS SUD', '7'), 
      ('696', 'LAS PERDICES', '7'), 
      ('697', 'LAS PLAYAS', '7'), 
      ('698', 'LAS RABONAS', '7'), 
      ('699', 'LAS SALADAS', '7'), 
      ('700', 'LAS TAPIAS', '7'), 
      ('701', 'LAS VARAS', '7'), 
      ('702', 'LAS VARILLAS', '7'), 
      ('703', 'LAS VERTIENTES', '7'), 
      ('704', 'LEGUIZAM?N', '7'), 
      ('705', 'LEONES', '7'), 
      ('706', 'LOS CEDROS', '7'), 
      ('707', 'LOS CERRILLOS', '7'), 
      ('708', 'LOS CHA?ARITOS (C.E)', '7'), 
      ('709', 'LOS CHANARITOS (R.S)', '7'), 
      ('710', 'LOS CISNES', '7'), 
      ('711', 'LOS COCOS', '7'), 
      ('712', 'LOS C?NDORES', '7'), 
      ('713', 'LOS HORNILLOS', '7'), 
      ('714', 'LOS HOYOS', '7'), 
      ('715', 'LOS MISTOLES', '7'), 
      ('716', 'LOS MOLINOS', '7'), 
      ('717', 'LOS POZOS', '7'), 
      ('718', 'LOS REARTES', '7'), 
      ('719', 'LOS SURGENTES', '7'), 
      ('720', 'LOS TALARES', '7'), 
      ('721', 'LOS ZORROS', '7'), 
      ('722', 'LOZADA', '7'), 
      ('723', 'LUCA', '7'), 
      ('724', 'LUQUE', '7'), 
      ('725', 'LUYABA', '7'), 
      ('726', 'MALAGUE?O', '7'), 
      ('727', 'MALENA', '7'), 
      ('728', 'MALVINAS ARGENTINAS', '7'), 
      ('729', 'MANFREDI', '7'), 
      ('730', 'MAQUINISTA GALLINI', '7'), 
      ('731', 'MARCOS JU?REZ', '7'), 
      ('732', 'MARULL', '7'), 
      ('733', 'MATORRALES', '7'), 
      ('734', 'MATTALDI', '7'), 
      ('735', 'MAYU SUMAJ', '7'), 
      ('736', 'MEDIA NARANJA', '7'), 
      ('737', 'MELO', '7'), 
      ('738', 'MENDIOLAZA', '7'), 
      ('739', 'MI GRANJA', '7'), 
      ('740', 'MINA CLAVERO', '7'), 
      ('741', 'MIRAMAR', '7'), 
      ('742', 'MORRISON', '7'), 
      ('743', 'MORTEROS', '7'), 
      ('744', 'MTE. BUEY', '7'), 
      ('745', 'MTE. CRISTO', '7'), 
      ('746', 'MTE. DE LOS GAUCHOS', '7'), 
      ('747', 'MTE. LE?A', '7'), 
      ('748', 'MTE. MA?Z', '7'), 
      ('749', 'MTE. RALO', '7'), 
      ('750', 'NICOL?S BRUZONE', '7'), 
      ('751', 'NOETINGER', '7'), 
      ('752', 'NONO', '7'), 
      ('753', 'NUEVA 7', '7'), 
      ('754', 'OBISPO TREJO', '7'), 
      ('755', 'OLAETA', '7'), 
      ('756', 'OLIVA', '7'), 
      ('757', 'OLIVARES SAN NICOL?S', '7'), 
      ('758', 'ONAGOLTY', '7'), 
      ('759', 'ONCATIVO', '7'), 
      ('760', 'ORDO?EZ', '7'), 
      ('761', 'PACHECO DE MELO', '7'), 
      ('762', 'PAMPAYASTA N.', '7'), 
      ('763', 'PAMPAYASTA S.', '7'), 
      ('764', 'PANAHOLMA', '7'), 
      ('765', 'PASCANAS', '7'), 
      ('766', 'PASCO', '7'), 
      ('767', 'PASO DEL DURAZNO', '7'), 
      ('768', 'PASO VIEJO', '7'), 
      ('769', 'PILAR', '7'), 
      ('770', 'PINC?N', '7'), 
      ('771', 'PIQUILL?N', '7'), 
      ('772', 'PLAZA DE MERCEDES', '7'), 
      ('773', 'PLAZA LUXARDO', '7'), 
      ('774', 'PORTE?A', '7'), 
      ('775', 'POTRERO DE GARAY', '7'), 
      ('776', 'POZO DEL MOLLE', '7'), 
      ('777', 'POZO NUEVO', '7'), 
      ('778', 'PUEBLO ITALIANO', '7'), 
      ('779', 'PUESTO DE CASTRO', '7'), 
      ('780', 'PUNTA DEL AGUA', '7'), 
      ('781', 'QUEBRACHO HERRADO', '7'), 
      ('782', 'QUILINO', '7'), 
      ('783', 'RAFAEL GARC?A', '7'), 
      ('784', 'RANQUELES', '7'), 
      ('785', 'RAYO CORTADO', '7'), 
      ('786', 'REDUCCI?N', '7'), 
      ('787', 'RINC?N', '7'), 
      ('788', 'R?O BAMBA', '7'), 
      ('789', 'R?O CEBALLOS', '7'), 
      ('790', 'R?O CUARTO', '7'), 
      ('791', 'R?O DE LOS SAUCES', '7'), 
      ('792', 'R?O PRIMERO', '7'), 
      ('793', 'R?O SEGUNDO', '7'), 
      ('794', 'R?O TERCERO', '7'), 
      ('795', 'ROSALES', '7'), 
      ('796', 'ROSARIO DEL SALADILLO', '7'), 
      ('797', 'SACANTA', '7'), 
      ('798', 'SAGRADA FAMILIA', '7'), 
      ('799', 'SAIRA', '7'), 
      ('800', 'SALADILLO', '7'), 
      ('801', 'SALD?N', '7'), 
      ('802', 'SALSACATE', '7'), 
      ('803', 'SALSIPUEDES', '7'), 
      ('804', 'SAMPACHO', '7'), 
      ('805', 'SAN AGUST?N', '7'), 
      ('806', 'SAN ANTONIO DE ARREDONDO', '7'), 
      ('807', 'SAN ANTONIO DE LIT?N', '7'), 
      ('808', 'SAN BASILIO', '7'), 
      ('809', 'SAN CARLOS MINAS', '7'), 
      ('810', 'SAN CLEMENTE', '7'), 
      ('811', 'SAN ESTEBAN', '7'), 
      ('812', 'SAN FRANCISCO', '7'), 
      ('813', 'SAN IGNACIO', '7'), 
      ('814', 'SAN JAVIER', '7'), 
      ('815', 'SAN JER?NIMO', '7'), 
      ('816', 'SAN JOAQU?N', '7'), 
      ('817', 'SAN JOS? DE LA DORMIDA', '7'), 
      ('818', 'SAN JOS? DE LAS SALINAS', '7'), 
      ('819', 'SAN LORENZO', '7'), 
      ('820', 'SAN MARCOS SIERRAS', '7'), 
      ('821', 'SAN MARCOS SUD', '7'), 
      ('822', 'SAN PEDRO', '7'), 
      ('823', 'SAN PEDRO N.', '7'), 
      ('824', 'SAN ROQUE', '7'), 
      ('825', 'SAN VICENTE', '7'), 
      ('826', 'SANTA CATALINA', '7'), 
      ('827', 'SANTA ELENA', '7'), 
      ('828', 'SANTA EUFEMIA', '7'), 
      ('829', 'SANTA MARIA', '7'), 
      ('830', 'SARMIENTO', '7'), 
      ('831', 'SATURNINO M.LASPIUR', '7'), 
      ('832', 'SAUCE ARRIBA', '7'), 
      ('833', 'SEBASTI?N ELCANO', '7'), 
      ('834', 'SEEBER', '7'), 
      ('835', 'SEGUNDA USINA', '7'), 
      ('836', 'SERRANO', '7'), 
      ('837', 'SERREZUELA', '7'), 
      ('838', 'SGO. TEMPLE', '7'), 
      ('839', 'SILVIO PELLICO', '7'), 
      ('840', 'SIMBOLAR', '7'), 
      ('841', 'SINSACATE', '7'), 
      ('842', 'STA. ROSA DE CALAMUCHITA', '7'), 
      ('843', 'STA. ROSA DE R?O PRIMERO', '7'), 
      ('844', 'SUCO', '7'), 
      ('845', 'TALA CA?ADA', '7'), 
      ('846', 'TALA HUASI', '7'), 
      ('847', 'TALAINI', '7'), 
      ('848', 'TANCACHA', '7'), 
      ('849', 'TANTI', '7'), 
      ('850', 'TICINO', '7'), 
      ('851', 'TINOCO', '7'), 
      ('852', 'T?O PUJIO', '7'), 
      ('853', 'TOLEDO', '7'), 
      ('854', 'TORO PUJIO', '7'), 
      ('855', 'TOSNO', '7'), 
      ('856', 'TOSQUITA', '7'), 
      ('857', 'TR?NSITO', '7'), 
      ('858', 'TUCLAME', '7'), 
      ('859', 'TUTTI', '7'), 
      ('860', 'UCACHA', '7'), 
      ('861', 'UNQUILLO', '7'), 
      ('862', 'VALLE DE ANISACATE', '7'), 
      ('863', 'VALLE HERMOSO', '7'), 
      ('864', 'V?LEZ SARFIELD', '7'), 
      ('865', 'VIAMONTE', '7'), 
      ('866', 'VICU?A MACKENNA', '7'), 
      ('867', 'VILLA ALLENDE', '7'), 
      ('868', 'VILLA AMANCAY', '7'), 
      ('869', 'VILLA ASCASUBI', '7'), 
      ('870', 'VILLA CANDELARIA N.', '7'), 
      ('871', 'VILLA CARLOS PAZ', '7'), 
      ('872', 'VILLA CERRO AZUL', '7'), 
      ('873', 'VILLA CIUDAD DE AM?RICA', '7'), 
      ('874', 'VILLA CIUDAD PQUE LOS REARTES', '7'), 
      ('875', 'VILLA CONCEPCI?N DEL T?O', '7'), 
      ('876', 'VILLA CURA BROCHERO', '7'), 
      ('877', 'VILLA DE LAS ROSAS', '7'), 
      ('878', 'VILLA DE MAR?A', '7'), 
      ('879', 'VILLA DE POCHO', '7'), 
      ('880', 'VILLA DE SOTO', '7'), 
      ('881', 'VILLA DEL DIQUE', '7'), 
      ('882', 'VILLA DEL PRADO', '7'), 
      ('883', 'VILLA DEL ROSARIO', '7'), 
      ('884', 'VILLA DEL TOTORAL', '7'), 
      ('885', 'VILLA DOLORES', '7'), 
      ('886', 'VILLA EL CHANCAY', '7'), 
      ('887', 'VILLA ELISA', '7'), 
      ('888', 'VILLA FLOR SERRANA', '7'), 
      ('889', 'VILLA FONTANA', '7'), 
      ('890', 'VILLA GIARDINO', '7'), 
      ('891', 'VILLA GRAL. BELGRANO', '7'), 
      ('892', 'VILLA GUTIERREZ', '7'), 
      ('893', 'VILLA HUIDOBRO', '7'), 
      ('894', 'VILLA LA BOLSA', '7'), 
      ('895', 'VILLA LOS AROMOS', '7'), 
      ('896', 'VILLA LOS PATOS', '7'), 
      ('897', 'VILLA MAR?A', '7'), 
      ('898', 'VILLA NUEVA', '7'), 
      ('899', 'VILLA PQUE. SANTA ANA', '7'), 
      ('900', 'VILLA PQUE. SIQUIMAN', '7');
COMMIT;
INSERT IGNORE INTO `departamentos` (`id_departamento`, `departamento`, `id_provincia`) VALUES 
      ('901', 'VILLA QUILLINZO', '7'), 
      ('902', 'VILLA ROSSI', '7'), 
      ('903', 'VILLA RUMIPAL', '7'), 
      ('904', 'VILLA SAN ESTEBAN', '7'), 
      ('905', 'VILLA SAN ISIDRO', '7'), 
      ('906', 'VILLA 21', '7'), 
      ('907', 'VILLA SARMIENTO (G.R)', '7'), 
      ('908', 'VILLA SARMIENTO (S.A)', '7'), 
      ('909', 'VILLA TULUMBA', '7'), 
      ('910', 'VILLA VALERIA', '7'), 
      ('911', 'VILLA YACANTO', '7'), 
      ('912', 'WASHINGTON', '7'), 
      ('913', 'WENCESLAO ESCALANTE', '7'), 
      ('914', 'YCHO CRUZ SIERRAS', '7'), 
      ('915', 'ALVEAR', '8'), 
      ('916', 'BELLA VISTA', '8'), 
      ('917', 'BER?N DE ASTRADA', '8'), 
      ('918', 'BONPLAND', '8'), 
      ('919', 'CA? CATI', '8'), 
      ('920', 'CAPITAL', '8'), 
      ('921', 'CHAVARR?A', '8'), 
      ('922', 'COL. C. PELLEGRINI', '8'), 
      ('923', 'COL. LIBERTAD', '8'), 
      ('924', 'COL. LIEBIG', '8'), 
      ('925', 'COL. STA ROSA', '8'), 
      ('926', 'CONCEPCI?N', '8'), 
      ('927', 'CRUZ DE LOS MILAGROS', '8'), 
      ('928', 'CURUZ?-CUATI?', '8'), 
      ('929', 'EMPEDRADO', '8'), 
      ('930', 'ESQUINA', '8'), 
      ('931', 'ESTACI?N TORRENT', '8'), 
      ('932', 'FELIPE YOFR?', '8'), 
      ('933', 'GARRUCHOS', '8'), 
      ('934', 'GDOR. AGR?NOMO', '8'), 
      ('935', 'GDOR. MART?NEZ', '8'), 
      ('936', 'GOYA', '8'), 
      ('937', 'GUAVIRAVI', '8'), 
      ('938', 'HERLITZKA', '8'), 
      ('939', 'ITA-IBATE', '8'), 
      ('940', 'ITAT?', '8'), 
      ('941', 'ITUZAING?', '8'), 
      ('942', 'JOS? RAFAEL G?MEZ', '8'), 
      ('943', 'JUAN PUJOL', '8'), 
      ('944', 'LA CRUZ', '8'), 
      ('945', 'LAVALLE', '8'), 
      ('946', 'LOMAS DE VALLEJOS', '8'), 
      ('947', 'LORETO', '8'), 
      ('948', 'MARIANO I. LOZA', '8'), 
      ('949', 'MBURUCUY?', '8'), 
      ('950', 'MERCEDES', '8'), 
      ('951', 'MOCORET?', '8'), 
      ('952', 'MTE. CASEROS', '8'), 
      ('953', 'NUEVE DE JULIO', '8'), 
      ('954', 'PALMAR GRANDE', '8'), 
      ('955', 'PARADA PUCHETA', '8'), 
      ('956', 'PASO DE LA PATRIA', '8'), 
      ('957', 'PASO DE LOS LIBRES', '8'), 
      ('958', 'PEDRO R. FERNANDEZ', '8'), 
      ('959', 'PERUGORR?A', '8'), 
      ('960', 'PUEBLO LIBERTADOR', '8'), 
      ('961', 'RAMADA PASO', '8'), 
      ('962', 'RIACHUELO', '8'), 
      ('963', 'SALADAS', '8'), 
      ('964', 'SAN ANTONIO', '8'), 
      ('965', 'SAN CARLOS', '8'), 
      ('966', 'SAN COSME', '8'), 
      ('967', 'SAN LORENZO', '8'), 
      ('968', '20 DEL PALMAR', '8'), 
      ('969', 'SAN MIGUEL', '8'), 
      ('970', 'SAN ROQUE', '8'), 
      ('971', 'SANTA ANA', '8'), 
      ('972', 'SANTA LUC?A', '8'), 
      ('973', 'SANTO TOM?', '8'), 
      ('974', 'SAUCE', '8'), 
      ('975', 'TABAY', '8'), 
      ('976', 'TAPEBICU?', '8'), 
      ('977', 'TATACUA', '8'), 
      ('978', 'VIRASORO', '8'), 
      ('979', 'YAPEY?', '8'), 
      ('980', 'YATAIT? CALLE', '8'), 
      ('981', 'ALARC?N', '9'), 
      ('982', 'ALCARAZ', '9'), 
      ('983', 'ALCARAZ N.', '9'), 
      ('984', 'ALCARAZ S.', '9'), 
      ('985', 'ALDEA ASUNCI?N', '9'), 
      ('986', 'ALDEA BRASILERA', '9'), 
      ('987', 'ALDEA ELGENFELD', '9'), 
      ('988', 'ALDEA GRAPSCHENTAL', '9'), 
      ('989', 'ALDEA MA. LUISA', '9'), 
      ('990', 'ALDEA PROTESTANTE', '9'), 
      ('991', 'ALDEA SALTO', '9'), 
      ('992', 'ALDEA SAN ANTONIO (G)', '9'), 
      ('993', 'ALDEA SAN ANTONIO (P)', '9'), 
      ('994', 'ALDEA 19', '9'), 
      ('995', 'ALDEA SAN MIGUEL', '9'), 
      ('996', 'ALDEA SAN RAFAEL', '9'), 
      ('997', 'ALDEA SPATZENKUTTER', '9'), 
      ('998', 'ALDEA STA. MAR?A', '9'), 
      ('999', 'ALDEA STA. ROSA', '9'), 
      ('1000', 'ALDEA VALLE MAR?A', '9'), 
      ('1001', 'ALTAMIRANO SUR', '9'), 
      ('1002', 'ANTELO', '9'), 
      ('1003', 'ANTONIO TOM?S', '9'), 
      ('1004', 'ARANGUREN', '9'), 
      ('1005', 'ARROYO BAR?', '9'), 
      ('1006', 'ARROYO BURGOS', '9'), 
      ('1007', 'ARROYO CL?', '9'), 
      ('1008', 'ARROYO CORRALITO', '9'), 
      ('1009', 'ARROYO DEL MEDIO', '9'), 
      ('1010', 'ARROYO MATURRANGO', '9'), 
      ('1011', 'ARROYO PALO SECO', '9'), 
      ('1012', 'BANDERAS', '9'), 
      ('1013', 'BASAVILBASO', '9'), 
      ('1014', 'BETBEDER', '9'), 
      ('1015', 'BOVRIL', '9'), 
      ('1016', 'CASEROS', '9'), 
      ('1017', 'CEIBAS', '9'), 
      ('1018', 'CERRITO', '9'), 
      ('1019', 'CHAJAR?', '9'), 
      ('1020', 'CHILCAS', '9'), 
      ('1021', 'CLODOMIRO LEDESMA', '9'), 
      ('1022', 'COL. ALEMANA', '9'), 
      ('1023', 'COL. AVELLANEDA', '9'), 
      ('1024', 'COL. AVIGDOR', '9'), 
      ('1025', 'COL. AYU?', '9'), 
      ('1026', 'COL. BAYLINA', '9'), 
      ('1027', 'COL. CARRASCO', '9'), 
      ('1028', 'COL. CELINA', '9'), 
      ('1029', 'COL. CERRITO', '9'), 
      ('1030', 'COL. CRESPO', '9'), 
      ('1031', 'COL. ELIA', '9'), 
      ('1032', 'COL. ENSAYO', '9'), 
      ('1033', 'COL. GRAL. ROCA', '9'), 
      ('1034', 'COL. LA ARGENTINA', '9'), 
      ('1035', 'COL. MEROU', '9'), 
      ('1036', 'COL. OFICIAL N?3', '9'), 
      ('1037', 'COL. OFICIAL N?13', '9'), 
      ('1038', 'COL. OFICIAL N?14', '9'), 
      ('1039', 'COL. OFICIAL N?5', '9'), 
      ('1040', 'COL. REFFINO', '9'), 
      ('1041', 'COL. TUNAS', '9'), 
      ('1042', 'COL. VIRAR?', '9'), 
      ('1043', 'COL?N', '9'), 
      ('1044', 'CONCEPCI?N DEL URUGUAY', '9'), 
      ('1045', 'CONCORDIA', '9'), 
      ('1046', 'CONSCRIPTO BERNARDI', '9'), 
      ('1047', 'COSTA GRANDE', '9'), 
      ('1048', 'COSTA SAN ANTONIO', '9'), 
      ('1049', 'COSTA URUGUAY N.', '9'), 
      ('1050', 'COSTA URUGUAY S.', '9'), 
      ('1051', 'CRESPO', '9'), 
      ('1052', 'CRUCECITAS 3?', '9'), 
      ('1053', 'CRUCECITAS 7?', '9'), 
      ('1054', 'CRUCECITAS 8?', '9'), 
      ('1055', 'CUCHILLA REDONDA', '9'), 
      ('1056', 'CURTIEMBRE', '9'), 
      ('1057', 'DIAMANTE', '9'), 
      ('1058', 'DISTRITO 6?', '9'), 
      ('1059', 'DISTRITO CHA?AR', '9'), 
      ('1060', 'DISTRITO CHIQUEROS', '9'), 
      ('1061', 'DISTRITO CUARTO', '9'), 
      ('1062', 'DISTRITO DIEGO L?PEZ', '9'), 
      ('1063', 'DISTRITO PAJONAL', '9'), 
      ('1064', 'DISTRITO SAUCE', '9'), 
      ('1065', 'DISTRITO TALA', '9'), 
      ('1066', 'DISTRITO TALITAS', '9'), 
      ('1067', 'DON CRIST?BAL 1? SECCI?N', '9'), 
      ('1068', 'DON CRIST?BAL 2? SECCI?N', '9'), 
      ('1069', 'DURAZNO', '9'), 
      ('1070', 'EL CIMARR?N', '9'), 
      ('1071', 'EL GRAMILLAL', '9'), 
      ('1072', 'EL PALENQUE', '9'), 
      ('1073', 'EL PINGO', '9'), 
      ('1074', 'EL QUEBRACHO', '9'), 
      ('1075', 'EL REDOM?N', '9'), 
      ('1076', 'EL SOLAR', '9'), 
      ('1077', 'ENRIQUE CARBO', '9'), 
      ('1078', '9', '9'), 
      ('1079', 'ESPINILLO N.', '9'), 
      ('1080', 'ESTACI?N CAMPOS', '9'), 
      ('1081', 'ESTACI?N ESCRI?A', '9'), 
      ('1082', 'ESTACI?N LAZO', '9'), 
      ('1083', 'ESTACI?N RA?CES', '9'), 
      ('1084', 'ESTACI?N YER?A', '9'), 
      ('1085', 'ESTANCIA GRANDE', '9'), 
      ('1086', 'ESTANCIA L?BAROS', '9'), 
      ('1087', 'ESTANCIA RACEDO', '9'), 
      ('1088', 'ESTANCIA SOL?', '9'), 
      ('1089', 'ESTANCIA YUQUER?', '9'), 
      ('1090', 'ESTAQUITAS', '9'), 
      ('1091', 'FAUSTINO M. PARERA', '9'), 
      ('1092', 'FEBRE', '9'), 
      ('1093', 'FEDERACI?N', '9'), 
      ('1094', 'FEDERAL', '9'), 
      ('1095', 'GDOR. ECHAG?E', '9'), 
      ('1096', 'GDOR. MANSILLA', '9'), 
      ('1097', 'GILBERT', '9'), 
      ('1098', 'GONZ?LEZ CALDER?N', '9'), 
      ('1099', 'GRAL. ALMADA', '9'), 
      ('1100', 'GRAL. ALVEAR', '9'), 
      ('1101', 'GRAL. CAMPOS', '9'), 
      ('1102', 'GRAL. GALARZA', '9'), 
      ('1103', 'GRAL. RAM?REZ', '9'), 
      ('1104', 'GUALEGUAY', '9'), 
      ('1105', 'GUALEGUAYCH?', '9'), 
      ('1106', 'GUALEGUAYCITO', '9'), 
      ('1107', 'GUARDAMONTE', '9'), 
      ('1108', 'HAMBIS', '9'), 
      ('1109', 'HASENKAMP', '9'), 
      ('1110', 'HERNANDARIAS', '9'), 
      ('1111', 'HERN?NDEZ', '9'), 
      ('1112', 'HERRERA', '9'), 
      ('1113', 'HINOJAL', '9'), 
      ('1114', 'HOCKER', '9'), 
      ('1115', 'ING. SAJAROFF', '9'), 
      ('1116', 'IRAZUSTA', '9'), 
      ('1117', 'ISLETAS', '9'), 
      ('1118', 'J.J DE URQUIZA', '9'), 
      ('1119', 'JUBILEO', '9'), 
      ('1120', 'LA CLARITA', '9'), 
      ('1121', 'LA CRIOLLA', '9'), 
      ('1122', 'LA ESMERALDA', '9'), 
      ('1123', 'LA FLORIDA', '9'), 
      ('1124', 'LA FRATERNIDAD', '9'), 
      ('1125', 'LA HIERRA', '9'), 
      ('1126', 'LA OLLITA', '9'), 
      ('1127', 'LA PAZ', '9'), 
      ('1128', 'LA PICADA', '9'), 
      ('1129', 'LA PROVIDENCIA', '9'), 
      ('1130', 'LA VERBENA', '9'), 
      ('1131', 'LAGUNA BEN?TEZ', '9'), 
      ('1132', 'LARROQUE', '9'), 
      ('1133', 'LAS CUEVAS', '9'), 
      ('1134', 'LAS GARZAS', '9'), 
      ('1135', 'LAS GUACHAS', '9'), 
      ('1136', 'LAS MERCEDES', '9'), 
      ('1137', 'LAS MOSCAS', '9'), 
      ('1138', 'LAS MULITAS', '9'), 
      ('1139', 'LAS TOSCAS', '9'), 
      ('1140', 'LAURENCENA', '9'), 
      ('1141', 'LIBERTADOR SAN MART?N', '9'), 
      ('1142', 'LOMA LIMPIA', '9'), 
      ('1143', 'LOS CEIBOS', '9'), 
      ('1144', 'LOS CHARRUAS', '9'), 
      ('1145', 'LOS CONQUISTADORES', '9'), 
      ('1146', 'LUCAS GONZ?LEZ', '9'), 
      ('1147', 'LUCAS N.', '9'), 
      ('1148', 'LUCAS S. 1?', '9'), 
      ('1149', 'LUCAS S. 2?', '9'), 
      ('1150', 'MACI?', '9'), 
      ('1151', 'MAR?A GRANDE', '9'), 
      ('1152', 'MAR?A GRANDE 2?', '9'), 
      ('1153', 'M?DANOS', '9'), 
      ('1154', 'MOJONES N.', '9'), 
      ('1155', 'MOJONES S.', '9'), 
      ('1156', 'MOLINO DOLL', '9'), 
      ('1157', 'MONTE REDONDO', '9'), 
      ('1158', 'MONTOYA', '9'), 
      ('1159', 'MULAS GRANDES', '9'), 
      ('1160', '?ANCAY', '9'), 
      ('1161', 'NOGOY?', '9'), 
      ('1162', 'NUEVA ESCOCIA', '9'), 
      ('1163', 'NUEVA VIZCAYA', '9'), 
      ('1164', 'OMB?', '9'), 
      ('1165', 'ORO VERDE', '9'), 
      ('1166', 'PARAN?', '9'), 
      ('1167', 'PASAJE GUAYAQUIL', '9'), 
      ('1168', 'PASAJE LAS TUNAS', '9'), 
      ('1169', 'PASO DE LA ARENA', '9'), 
      ('1170', 'PASO DE LA LAGUNA', '9'), 
      ('1171', 'PASO DE LAS PIEDRAS', '9'), 
      ('1172', 'PASO DUARTE', '9'), 
      ('1173', 'PASTOR BRITOS', '9'), 
      ('1174', 'PEDERNAL', '9'), 
      ('1175', 'PERDICES', '9'), 
      ('1176', 'PICADA BER?N', '9'), 
      ('1177', 'PIEDRAS BLANCAS', '9'), 
      ('1178', 'PRIMER DISTRITO CUCHILLA', '9'), 
      ('1179', 'PRIMERO DE MAYO', '9'), 
      ('1180', 'PRONUNCIAMIENTO', '9'), 
      ('1181', 'PTO. ALGARROBO', '9'), 
      ('1182', 'PTO. IBICUY', '9'), 
      ('1183', 'PUEBLO BRUGO', '9'), 
      ('1184', 'PUEBLO CAZES', '9'), 
      ('1185', 'PUEBLO GRAL. BELGRANO', '9'), 
      ('1186', 'PUEBLO LIEBIG', '9'), 
      ('1187', 'PUERTO YERU?', '9'), 
      ('1188', 'PUNTA DEL MONTE', '9'), 
      ('1189', 'QUEBRACHO', '9'), 
      ('1190', 'QUINTO DISTRITO', '9'), 
      ('1191', 'RAICES OESTE', '9'), 
      ('1192', 'RINC?N DE NOGOY?', '9'), 
      ('1193', 'RINC?N DEL CINTO', '9'), 
      ('1194', 'RINC?N DEL DOLL', '9'), 
      ('1195', 'RINC?N DEL GATO', '9'), 
      ('1196', 'ROCAMORA', '9'), 
      ('1197', 'ROSARIO DEL TALA', '9'), 
      ('1198', 'SAN BENITO', '9'), 
      ('1199', 'SAN CIPRIANO', '9'), 
      ('1200', 'SAN ERNESTO', '9');
COMMIT;
INSERT IGNORE INTO `departamentos` (`id_departamento`, `departamento`, `id_provincia`) VALUES 
      ('1201', 'SAN GUSTAVO', '9'), 
      ('1202', 'SAN JAIME', '9'), 
      ('1203', 'SAN JOS?', '9'), 
      ('1204', 'SAN JOS? DE FELICIANO', '9'), 
      ('1205', 'SAN JUSTO', '9'), 
      ('1206', 'SAN MARCIAL', '9'), 
      ('1207', 'SAN PEDRO', '9'), 
      ('1208', 'SAN RAM?REZ', '9'), 
      ('1209', 'SAN RAM?N', '9'), 
      ('1210', 'SAN ROQUE', '9'), 
      ('1211', 'SAN SALVADOR', '9'), 
      ('1212', 'SAN V?CTOR', '9'), 
      ('1213', 'SANTA ANA', '9'), 
      ('1214', 'SANTA ANITA', '9'), 
      ('1215', 'SANTA ELENA', '9'), 
      ('1216', 'SANTA LUC?A', '9'), 
      ('1217', 'SANTA LUISA', '9'), 
      ('1218', 'SAUCE DE LUNA', '9'), 
      ('1219', 'SAUCE MONTRULL', '9'), 
      ('1220', 'SAUCE PINTO', '9'), 
      ('1221', 'SAUCE SUR', '9'), 
      ('1222', 'SEGU?', '9'), 
      ('1223', 'SIR LEONARD', '9'), 
      ('1224', 'SOSA', '9'), 
      ('1225', 'TABOSSI', '9'), 
      ('1226', 'TEZANOS PINTO', '9'), 
      ('1227', 'UBAJAY', '9'), 
      ('1228', 'URDINARRAIN', '9'), 
      ('1229', 'VEINTE DE SEPTIEMBRE', '9'), 
      ('1230', 'VIALE', '9'), 
      ('1231', 'VICTORIA', '9'), 
      ('1232', 'VILLA CLARA', '9'), 
      ('1233', 'VILLA DEL ROSARIO', '9'), 
      ('1234', 'VILLA DOM?NGUEZ', '9'), 
      ('1235', 'VILLA ELISA', '9'), 
      ('1236', 'VILLA FONTANA', '9'), 
      ('1237', 'VILLA GDOR. ETCHEVEHERE', '9'), 
      ('1238', 'VILLA MANTERO', '9'), 
      ('1239', 'VILLA PARANACITO', '9'), 
      ('1240', 'VILLA URQUIZA', '9'), 
      ('1241', 'VILLAGUAY', '9'), 
      ('1242', 'WALTER MOSS', '9'), 
      ('1243', 'YACAR?', '9'), 
      ('1244', 'YESO OESTE', '9'), 
      ('1245', 'BUENA VISTA', '10'), 
      ('1246', 'CLORINDA', '10'), 
      ('1247', 'COL. PASTORIL', '10'), 
      ('1248', 'CTE. FONTANA', '10'), 
      ('1249', 'EL COLORADO', '10'), 
      ('1250', 'EL ESPINILLO', '10'), 
      ('1251', 'ESTANISLAO DEL CAMPO', '10'), 
      ('1252', '10', '10'), 
      ('1253', 'FORT?N LUGONES', '10'), 
      ('1254', 'GRAL. LUCIO V. MANSILLA', '10'), 
      ('1255', 'GRAL. MANUEL BELGRANO', '10'), 
      ('1256', 'GRAL. MOSCONI', '10'), 
      ('1257', 'GRAN GUARDIA', '10'), 
      ('1258', 'HERRADURA', '10'), 
      ('1259', 'IBARRETA', '10'), 
      ('1260', 'ING. JU?REZ', '10'), 
      ('1261', 'LAGUNA BLANCA', '10'), 
      ('1262', 'LAGUNA NAICK NECK', '10'), 
      ('1263', 'LAGUNA YEMA', '10'), 
      ('1264', 'LAS LOMITAS', '10'), 
      ('1265', 'LOS CHIRIGUANOS', '10'), 
      ('1266', 'MAYOR V. VILLAFA?E', '10'), 
      ('1267', 'MISI?N SAN FCO.', '10'), 
      ('1268', 'PALO SANTO', '10'), 
      ('1269', 'PIRAN?', '10'), 
      ('1270', 'POZO DEL MAZA', '10'), 
      ('1271', 'RIACHO HE-HE', '10'), 
      ('1272', 'SAN HILARIO', '10'), 
      ('1273', 'SAN MART?N II', '10'), 
      ('1274', 'SIETE PALMAS', '10'), 
      ('1275', 'SUBTENIENTE PER?N', '10'), 
      ('1276', 'TRES LAGUNAS', '10'), 
      ('1277', 'VILLA DOS TRECE', '10'), 
      ('1278', 'VILLA ESCOLAR', '10'), 
      ('1279', 'VILLA GRAL. G?EMES', '10'), 
      ('1280', 'ABDON CASTRO TOLAY', '11'), 
      ('1281', 'ABRA PAMPA', '11'), 
      ('1282', 'ABRALAITE', '11'), 
      ('1283', 'AGUAS CALIENTES', '11'), 
      ('1284', 'ARRAYANAL', '11'), 
      ('1285', 'BARRIOS', '11'), 
      ('1286', 'CAIMANCITO', '11'), 
      ('1287', 'CALILEGUA', '11'), 
      ('1288', 'CANGREJILLOS', '11'), 
      ('1289', 'CASPALA', '11'), 
      ('1290', 'CATU?', '11'), 
      ('1291', 'CIENEGUILLAS', '11'), 
      ('1292', 'CORANZULLI', '11'), 
      ('1293', 'CUSI-CUSI', '11'), 
      ('1294', 'EL AGUILAR', '11'), 
      ('1295', 'EL CARMEN', '11'), 
      ('1296', 'EL C?NDOR', '11'), 
      ('1297', 'EL FUERTE', '11'), 
      ('1298', 'EL PIQUETE', '11'), 
      ('1299', 'EL TALAR', '11'), 
      ('1300', 'FRAILE PINTADO', '11'), 
      ('1301', 'HIP?LITO YRIGOYEN', '11'), 
      ('1302', 'HUACALERA', '11'), 
      ('1303', 'HUMAHUACA', '11'), 
      ('1304', 'LA ESPERANZA', '11'), 
      ('1305', 'LA MENDIETA', '11'), 
      ('1306', 'LA QUIACA', '11'), 
      ('1307', 'LEDESMA', '11'), 
      ('1308', 'LIBERTADOR GRAL. SAN MARTIN', '11'), 
      ('1309', 'MAIMARA', '11'), 
      ('1310', 'MINA PIRQUITAS', '11'), 
      ('1311', 'MONTERRICO', '11'), 
      ('1312', 'PALMA SOLA', '11'), 
      ('1313', 'PALPAL?', '11'), 
      ('1314', 'PAMPA BLANCA', '11'), 
      ('1315', 'PAMPICHUELA', '11'), 
      ('1316', 'PERICO', '11'), 
      ('1317', 'PUESTO DEL MARQU?S', '11'), 
      ('1318', 'PUESTO VIEJO', '11'), 
      ('1319', 'PUMAHUASI', '11'), 
      ('1320', 'PURMAMARCA', '11'), 
      ('1321', 'RINCONADA', '11'), 
      ('1322', 'RODEITOS', '11'), 
      ('1323', 'ROSARIO DE R?O GRANDE', '11'), 
      ('1324', 'SAN ANTONIO', '11'), 
      ('1325', 'SAN FRANCISCO', '11'), 
      ('1326', 'SAN PEDRO', '11'), 
      ('1327', 'SAN RAFAEL', '11'), 
      ('1328', 'SAN SALVADOR', '11'), 
      ('1329', 'SANTA ANA', '11'), 
      ('1330', 'SANTA CATALINA', '11'), 
      ('1331', 'SANTA CLARA', '11'), 
      ('1332', 'SUSQUES', '11'), 
      ('1333', 'TILCARA', '11'), 
      ('1334', 'TRES CRUCES', '11'), 
      ('1335', 'TUMBAYA', '11'), 
      ('1336', 'VALLE GRANDE', '11'), 
      ('1337', 'VINALITO', '11'), 
      ('1338', 'VOLC?N', '11'), 
      ('1339', 'YALA', '11'), 
      ('1340', 'YAV?', '11'), 
      ('1341', 'YUTO', '11'), 
      ('1342', 'ABRAMO', '12'), 
      ('1343', 'ADOLFO VAN PRAET', '12'), 
      ('1344', 'AGUSTONI', '12'), 
      ('1345', 'ALGARROBO DEL AGUILA', '12'), 
      ('1346', 'ALPACHIRI', '12'), 
      ('1347', 'ALTA ITALIA', '12'), 
      ('1348', 'ANGUIL', '12'), 
      ('1349', 'ARATA', '12'), 
      ('1350', 'ATALIVA ROCA', '12'), 
      ('1351', 'BERNARDO LARROUDE', '12'), 
      ('1352', 'BERNASCONI', '12'), 
      ('1353', 'CALEUF?', '12'), 
      ('1354', 'CARRO QUEMADO', '12'), 
      ('1355', 'CATRIL?', '12'), 
      ('1356', 'CEBALLOS', '12'), 
      ('1357', 'CHACHARRAMENDI', '12'), 
      ('1358', 'COL. BAR?N', '12'), 
      ('1359', 'COL. SANTA MAR?A', '12'), 
      ('1360', 'CONHELO', '12'), 
      ('1361', 'CORONEL HILARIO LAGOS', '12'), 
      ('1362', 'CUCHILLO-C?', '12'), 
      ('1363', 'DOBLAS', '12'), 
      ('1364', 'DORILA', '12'), 
      ('1365', 'EDUARDO CASTEX', '12'), 
      ('1366', 'EMBAJADOR MARTINI', '12'), 
      ('1367', 'FALUCHO', '12'), 
      ('1368', 'GRAL. ACHA', '12'), 
      ('1369', 'GRAL. MANUEL CAMPOS', '12'), 
      ('1370', 'GRAL. PICO', '12'), 
      ('1371', 'GUATRACH?', '12'), 
      ('1372', 'ING. LUIGGI', '12'), 
      ('1373', 'INTENDENTE ALVEAR', '12'), 
      ('1374', 'JACINTO ARAUZ', '12'), 
      ('1375', 'LA ADELA', '12'), 
      ('1376', 'LA HUMADA', '12'), 
      ('1377', 'LA MARUJA', '12'), 
      ('1378', '12', '12'), 
      ('1379', 'LA REFORMA', '12'), 
      ('1380', 'LIMAY MAHUIDA', '12'), 
      ('1381', 'LONQUIMAY', '12'), 
      ('1382', 'LOVENTUEL', '12'), 
      ('1383', 'LUAN TORO', '12'), 
      ('1384', 'MACACH?N', '12'), 
      ('1385', 'MAISONNAVE', '12'), 
      ('1386', 'MAURICIO MAYER', '12'), 
      ('1387', 'METILEO', '12'), 
      ('1388', 'MIGUEL CAN?', '12'), 
      ('1389', 'MIGUEL RIGLOS', '12'), 
      ('1390', 'MONTE NIEVAS', '12'), 
      ('1391', 'PARERA', '12'), 
      ('1392', 'PER?', '12'), 
      ('1393', 'PICHI-HUINCA', '12'), 
      ('1394', 'PUELCHES', '12'), 
      ('1395', 'PUEL?N', '12'), 
      ('1396', 'QUEHUE', '12'), 
      ('1397', 'QUEM? QUEM?', '12'), 
      ('1398', 'QUETREQU?N', '12'), 
      ('1399', 'RANCUL', '12'), 
      ('1400', 'REALIC?', '12'), 
      ('1401', 'RELMO', '12'), 
      ('1402', 'ROL?N', '12'), 
      ('1403', 'RUCANELO', '12'), 
      ('1404', 'SARAH', '12'), 
      ('1405', 'SPELUZZI', '12'), 
      ('1406', 'STA. ISABEL', '12'), 
      ('1407', 'STA. ROSA', '12'), 
      ('1408', 'STA. TERESA', '12'), 
      ('1409', 'TEL?N', '12'), 
      ('1410', 'TOAY', '12'), 
      ('1411', 'TOMAS M. DE ANCHORENA', '12'), 
      ('1412', 'TRENEL', '12'), 
      ('1413', 'UNANUE', '12'), 
      ('1414', 'URIBURU', '12'), 
      ('1415', 'VEINTICINCO DE MAYO', '12'), 
      ('1416', 'VERTIZ', '12'), 
      ('1417', 'VICTORICA', '12'), 
      ('1418', 'VILLA MIRASOL', '12'), 
      ('1419', 'WINIFREDA', '12'), 
      ('1420', 'ARAUCO', '13'), 
      ('1421', 'CAPITAL', '13'), 
      ('1422', 'CASTRO BARROS', '13'), 
      ('1423', 'CHAMICAL', '13'), 
      ('1424', 'CHILECITO', '13'), 
      ('1425', 'CORONEL F. VARELA', '13'), 
      ('1426', 'FAMATINA', '13'), 
      ('1427', 'GRAL. A.V.PE?ALOZA', '13'), 
      ('1428', 'GRAL. BELGRANO', '13'), 
      ('1429', 'GRAL. J.F. QUIROGA', '13'), 
      ('1430', 'GRAL. LAMADRID', '13'), 
      ('1431', 'GRAL. OCAMPO', '13'), 
      ('1432', 'GRAL. SAN MART?N', '13'), 
      ('1433', 'INDEPENDENCIA', '13'), 
      ('1434', 'ROSARIO PENALOZA', '13'), 
      ('1435', 'SAN BLAS DE LOS SAUCES', '13'), 
      ('1436', 'SANAGASTA', '13'), 
      ('1437', 'VINCHINA', '13'), 
      ('1438', 'CAPITAL', '14'), 
      ('1439', 'CHACRAS DE CORIA', '14'), 
      ('1440', 'DORREGO', '14'), 
      ('1441', 'GLLEN', '14'), 
      ('1442', 'GODOY CRUZ', '14'), 
      ('1443', 'GRAL. ALVEAR', '14'), 
      ('1444', 'GUAYMALL?N', '14'), 
      ('1445', 'JUN?N', '14'), 
      ('1446', 'LA PAZ', '14'), 
      ('1447', 'LAS HERAS', '14'), 
      ('1448', 'LAVALLE', '14'), 
      ('1449', 'LUJ?N', '14'), 
      ('1450', 'LUJ?N DE CUYO', '14'), 
      ('1451', 'MAIP?', '14'), 
      ('1452', 'MALARG?E', '14'), 
      ('1453', 'RIVADAVIA', '14'), 
      ('1454', 'SAN CARLOS', '14'), 
      ('1455', 'SAN MART?N', '14'), 
      ('1456', 'SAN RAFAEL', '14'), 
      ('1457', 'STA. ROSA', '14'), 
      ('1458', 'TUNUY?N', '14'), 
      ('1459', 'TUPUNGATO', '14'), 
      ('1460', 'VILLA NUEVA', '14'), 
      ('1461', 'ALBA POSSE', '15'), 
      ('1462', 'ALMAFUERTE', '15'), 
      ('1463', 'AP?STOLES', '15'), 
      ('1464', 'ARIST?BULO DEL VALLE', '15'), 
      ('1465', 'ARROYO DEL MEDIO', '15'), 
      ('1466', 'AZARA', '15'), 
      ('1467', 'BDO. DE IRIGOYEN', '15'), 
      ('1468', 'BONPLAND', '15'), 
      ('1469', 'CA? YARI', '15'), 
      ('1470', 'CAMPO GRANDE', '15'), 
      ('1471', 'CAMPO RAM?N', '15'), 
      ('1472', 'CAMPO VIERA', '15'), 
      ('1473', 'CANDELARIA', '15'), 
      ('1474', 'CAPIOV?', '15'), 
      ('1475', 'CARAGUATAY', '15'), 
      ('1476', 'CDTE. GUACURAR?', '15'), 
      ('1477', 'CERRO AZUL', '15'), 
      ('1478', 'CERRO COR?', '15'), 
      ('1479', 'COL. ALBERDI', '15'), 
      ('1480', 'COL. AURORA', '15'), 
      ('1481', 'COL. DELICIA', '15'), 
      ('1482', 'COL. POLANA', '15'), 
      ('1483', 'COL. VICTORIA', '15'), 
      ('1484', 'COL. WANDA', '15'), 
      ('1485', 'CONCEPCI?N DE LA SIERRA', '15'), 
      ('1486', 'CORPUS', '15'), 
      ('1487', 'DOS ARROYOS', '15'), 
      ('1488', 'DOS DE MAYO', '15'), 
      ('1489', 'EL ALC?ZAR', '15'), 
      ('1490', 'EL DORADO', '15'), 
      ('1491', 'EL SOBERBIO', '15'), 
      ('1492', 'ESPERANZA', '15'), 
      ('1493', 'F. AMEGHINO', '15'), 
      ('1494', 'FACHINAL', '15'), 
      ('1495', 'GARUHAP?', '15'), 
      ('1496', 'GARUP?', '15'), 
      ('1497', 'GDOR. L?PEZ', '15'), 
      ('1498', 'GDOR. ROCA', '15'), 
      ('1499', 'GRAL. ALVEAR', '15'), 
      ('1500', 'GRAL. URQUIZA', '15');
COMMIT;
INSERT IGNORE INTO `departamentos` (`id_departamento`, `departamento`, `id_provincia`) VALUES 
      ('1501', 'GUARAN?', '15'), 
      ('1502', 'H. YRIGOYEN', '15'), 
      ('1503', 'IGUAZ?', '15'), 
      ('1504', 'ITACARUAR?', '15'), 
      ('1505', 'JARD?N AM?RICA', '15'), 
      ('1506', 'LEANDRO N. ALEM', '15'), 
      ('1507', 'LIBERTAD', '15'), 
      ('1508', 'LORETO', '15'), 
      ('1509', 'LOS HELECHOS', '15'), 
      ('1510', 'M?RTIRES', '15'), 
      ('1511', '15', '15'), 
      ('1512', 'MOJ?N GRANDE', '15'), 
      ('1513', 'MONTECARLO', '15'), 
      ('1514', 'NUEVE DE JULIO', '15'), 
      ('1515', 'OBER?', '15'), 
      ('1516', 'OLEGARIO V. ANDRADE', '15'), 
      ('1517', 'PANAMB?', '15'), 
      ('1518', 'POSADAS', '15'), 
      ('1519', 'PROFUNDIDAD', '15'), 
      ('1520', 'PTO. IGUAZ?', '15'), 
      ('1521', 'PTO. LEONI', '15'), 
      ('1522', 'PTO. PIRAY', '15'), 
      ('1523', 'PTO. RICO', '15'), 
      ('1524', 'RUIZ DE MONTOYA', '15'), 
      ('1525', 'SAN ANTONIO', '15'), 
      ('1526', 'SAN IGNACIO', '15'), 
      ('1527', 'SAN JAVIER', '15'), 
      ('1528', 'SAN JOS?', '15'), 
      ('1529', 'SAN MART?N', '15'), 
      ('1530', 'SAN PEDRO', '15'), 
      ('1531', 'SAN VICENTE', '15'), 
      ('1532', 'SANTIAGO DE LINIERS', '15'), 
      ('1533', 'SANTO PIPO', '15'), 
      ('1534', 'STA. ANA', '15'), 
      ('1535', 'STA. MAR?A', '15'), 
      ('1536', 'TRES CAPONES', '15'), 
      ('1537', 'VEINTICINCO DE MAYO', '15'), 
      ('1538', 'WANDA', '15'), 
      ('1539', 'AGUADA SAN ROQUE', '16'), 
      ('1540', 'ALUMIN?', '16'), 
      ('1541', 'ANDACOLLO', '16'), 
      ('1542', 'A?ELO', '16'), 
      ('1543', 'BAJADA DEL AGRIO', '16'), 
      ('1544', 'BARRANCAS', '16'), 
      ('1545', 'BUTA RANQUIL', '16'), 
      ('1546', 'CAPITAL', '16'), 
      ('1547', 'CAVIAHU?', '16'), 
      ('1548', 'CENTENARIO', '16'), 
      ('1549', 'CHORRIACA', '16'), 
      ('1550', 'CHOS MALAL', '16'), 
      ('1551', 'CIPOLLETTI', '16'), 
      ('1552', 'COVUNCO ABAJO', '16'), 
      ('1553', 'COYUCO COCHICO', '16'), 
      ('1554', 'CUTRAL C?', '16'), 
      ('1555', 'EL CHOLAR', '16'), 
      ('1556', 'EL HUEC?', '16'), 
      ('1557', 'EL SAUCE', '16'), 
      ('1558', 'GUA?ACOS', '16'), 
      ('1559', 'HUINGANCO', '16'), 
      ('1560', 'LAS COLORADAS', '16'), 
      ('1561', 'LAS LAJAS', '16'), 
      ('1562', 'LAS OVEJAS', '16'), 
      ('1563', 'LONCOPU?', '16'), 
      ('1564', 'LOS CATUTOS', '16'), 
      ('1565', 'LOS CHIHUIDOS', '16'), 
      ('1566', 'LOS MICHES', '16'), 
      ('1567', 'MANZANO AMARGO', '16'), 
      ('1568', '16', '16'), 
      ('1569', 'OCTAVIO PICO', '16'), 
      ('1570', 'PASO AGUERRE', '16'), 
      ('1571', 'PIC?N LEUF?', '16'), 
      ('1572', 'PIEDRA DEL AGUILA', '16'), 
      ('1573', 'PILO LIL', '16'), 
      ('1574', 'PLAZA HUINCUL', '16'), 
      ('1575', 'PLOTTIER', '16'), 
      ('1576', 'QUILI MALAL', '16'), 
      ('1577', 'RAM?N CASTRO', '16'), 
      ('1578', 'RINC?N DE LOS SAUCES', '16'), 
      ('1579', 'SAN MART?N DE LOS ANDES', '16'), 
      ('1580', 'SAN PATRICIO DEL CHA?AR', '16'), 
      ('1581', 'SANTO TOM?S', '16'), 
      ('1582', 'SAUZAL BONITO', '16'), 
      ('1583', 'SENILLOSA', '16'), 
      ('1584', 'TAQUIMIL?N', '16'), 
      ('1585', 'TRICAO MALAL', '16'), 
      ('1586', 'VARVARCO', '16'), 
      ('1587', 'VILLA CUR? LEUVU', '16'), 
      ('1588', 'VILLA DEL NAHUEVE', '16'), 
      ('1589', 'VILLA DEL PUENTE PIC?N LEUV?', '16'), 
      ('1590', 'VILLA EL CHOC?N', '16'), 
      ('1591', 'VILLA LA ANGOSTURA', '16'), 
      ('1592', 'VILLA PEHUENIA', '16'), 
      ('1593', 'VILLA TRAFUL', '16'), 
      ('1594', 'VISTA ALEGRE', '16'), 
      ('1595', 'ZAPALA', '16'), 
      ('1596', 'AGUADA CECILIO', '17'), 
      ('1597', 'AGUADA DE GUERRA', '17'), 
      ('1598', 'ALL?N', '17'), 
      ('1599', 'ARROYO DE LA VENTANA', '17'), 
      ('1600', 'ARROYO LOS BERROS', '17'), 
      ('1601', 'BARILOCHE', '17'), 
      ('1602', 'CALTE. CORDERO', '17'), 
      ('1603', 'CAMPO GRANDE', '17'), 
      ('1604', 'CATRIEL', '17'), 
      ('1605', 'CERRO POLIC?A', '17'), 
      ('1606', 'CERVANTES', '17'), 
      ('1607', 'CHELFORO', '17'), 
      ('1608', 'CHIMPAY', '17'), 
      ('1609', 'CHINCHINALES', '17'), 
      ('1610', 'CHIPAUQUIL', '17'), 
      ('1611', 'CHOELE CHOEL', '17'), 
      ('1612', 'CINCO SALTOS', '17'), 
      ('1613', 'CIPOLLETTI', '17'), 
      ('1614', 'CLEMENTE ONELLI', '17'), 
      ('1615', 'COL?N CONHUE', '17'), 
      ('1616', 'COMALLO', '17'), 
      ('1617', 'COMIC?', '17'), 
      ('1618', 'CONA NIYEU', '17'), 
      ('1619', 'CORONEL BELISLE', '17'), 
      ('1620', 'CUBANEA', '17'), 
      ('1621', 'DARWIN', '17'), 
      ('1622', 'DINA HUAPI', '17'), 
      ('1623', 'EL BOLS?N', '17'), 
      ('1624', 'EL CA?N', '17'), 
      ('1625', 'EL MANSO', '17'), 
      ('1626', 'GRAL. CONESA', '17'), 
      ('1627', 'GRAL. ENRIQUE GODOY', '17'), 
      ('1628', 'GRAL. FERNANDEZ ORO', '17'), 
      ('1629', 'GRAL. ROCA', '17'), 
      ('1630', 'GUARDIA MITRE', '17'), 
      ('1631', 'ING. HUERGO', '17'), 
      ('1632', 'ING. JACOBACCI', '17'), 
      ('1633', 'LAGUNA BLANCA', '17'), 
      ('1634', 'LAMARQUE', '17'), 
      ('1635', 'LAS GRUTAS', '17'), 
      ('1636', 'LOS MENUCOS', '17'), 
      ('1637', 'LUIS BELTR?N', '17'), 
      ('1638', 'MAINQU?', '17'), 
      ('1639', 'MAMUEL CHOIQUE', '17'), 
      ('1640', 'MAQUINCHAO', '17'), 
      ('1641', 'MENCU?', '17'), 
      ('1642', 'MTRO. RAMOS MEXIA', '17'), 
      ('1643', 'NAHUEL NIYEU', '17'), 
      ('1644', 'NAUPA HUEN', '17'), 
      ('1645', '?ORQUINCO', '17'), 
      ('1646', 'OJOS DE AGUA', '17'), 
      ('1647', 'PASO DE AGUA', '17'), 
      ('1648', 'PASO FLORES', '17'), 
      ('1649', 'PE?AS BLANCAS', '17'), 
      ('1650', 'PICHI MAHUIDA', '17'), 
      ('1651', 'PILCANIYEU', '17'), 
      ('1652', 'POMONA', '17'), 
      ('1653', 'PRAHUANIYEU', '17'), 
      ('1654', 'RINC?N TRENETA', '17'), 
      ('1655', 'R?O CHICO', '17'), 
      ('1656', 'R?O COLORADO', '17'), 
      ('1657', 'ROCA', '17'), 
      ('1658', 'SAN ANTONIO OESTE', '17'), 
      ('1659', 'SAN JAVIER', '17'), 
      ('1660', 'SIERRA COLORADA', '17'), 
      ('1661', 'SIERRA GRANDE', '17'), 
      ('1662', 'SIERRA PAILEM?N', '17'), 
      ('1663', 'VALCHETA', '17'), 
      ('1664', 'VALLE AZUL', '17'), 
      ('1665', 'VIEDMA', '17'), 
      ('1666', 'VILLA LLANQU?N', '17'), 
      ('1667', 'VILLA MASCARDI', '17'), 
      ('1668', 'VILLA REGINA', '17'), 
      ('1669', 'YAMINU?', '17'), 
      ('1670', 'A. SARAVIA', '18'), 
      ('1671', 'AGUARAY', '18'), 
      ('1672', 'ANGASTACO', '18'), 
      ('1673', 'ANIMAN?', '18'), 
      ('1674', 'CACHI', '18'), 
      ('1675', 'CAFAYATE', '18'), 
      ('1676', 'CAMPO QUIJANO', '18'), 
      ('1677', 'CAMPO SANTO', '18'), 
      ('1678', 'CAPITAL', '18'), 
      ('1679', 'CERRILLOS', '18'), 
      ('1680', 'CHICOANA', '18'), 
      ('1681', 'COL. STA. ROSA', '18'), 
      ('1682', 'CORONEL MOLDES', '18'), 
      ('1683', 'EL BORDO', '18'), 
      ('1684', 'EL CARRIL', '18'), 
      ('1685', 'EL GALP?N', '18'), 
      ('1686', 'EL JARD?N', '18'), 
      ('1687', 'EL POTRERO', '18'), 
      ('1688', 'EL QUEBRACHAL', '18'), 
      ('1689', 'EL TALA', '18'), 
      ('1690', 'EMBARCACI?N', '18'), 
      ('1691', 'GRAL. BALLIVIAN', '18'), 
      ('1692', 'GRAL. G?EMES', '18'), 
      ('1693', 'GRAL. MOSCONI', '18'), 
      ('1694', 'GRAL. PIZARRO', '18'), 
      ('1695', 'GUACHIPAS', '18'), 
      ('1696', 'HIP?LITO YRIGOYEN', '18'), 
      ('1697', 'IRUY?', '18'), 
      ('1698', 'ISLA DE CA?AS', '18'), 
      ('1699', 'J. V. GONZALEZ', '18'), 
      ('1700', 'LA CALDERA', '18'), 
      ('1701', 'LA CANDELARIA', '18'), 
      ('1702', 'LA MERCED', '18'), 
      ('1703', 'LA POMA', '18'), 
      ('1704', 'LA VI?A', '18'), 
      ('1705', 'LAS LAJITAS', '18'), 
      ('1706', 'LOS TOLDOS', '18'), 
      ('1707', 'MET?N', '18'), 
      ('1708', 'MOLINOS', '18'), 
      ('1709', 'NAZARENO', '18'), 
      ('1710', 'OR?N', '18'), 
      ('1711', 'PAYOGASTA', '18'), 
      ('1712', 'PICHANAL', '18'), 
      ('1713', 'PROF. S. MAZZA', '18'), 
      ('1714', 'R?O PIEDRAS', '18'), 
      ('1715', 'RIVADAVIA BANDA NORTE', '18'), 
      ('1716', 'RIVADAVIA BANDA SUR', '18'), 
      ('1717', 'ROSARIO DE LA FRONTERA', '18'), 
      ('1718', 'ROSARIO DE LERMA', '18'), 
      ('1719', 'SACLANT?S', '18'), 
      ('1720', '18', '18'), 
      ('1721', 'SAN ANTONIO', '18'), 
      ('1722', 'SAN CARLOS', '18'), 
      ('1723', 'SAN JOS? DE MET?N', '18'), 
      ('1724', 'SAN RAM?N', '18'), 
      ('1725', 'SANTA VICTORIA E.', '18'), 
      ('1726', 'SANTA VICTORIA O.', '18'), 
      ('1727', 'TARTAGAL', '18'), 
      ('1728', 'TOLAR GRANDE', '18'), 
      ('1729', 'URUNDEL', '18'), 
      ('1730', 'VAQUEROS', '18'), 
      ('1731', 'VILLA SAN LORENZO', '18'), 
      ('1732', 'ALBARD?N', '19'), 
      ('1733', 'ANGACO', '19'), 
      ('1734', 'CALINGASTA', '19'), 
      ('1735', 'CAPITAL', '19'), 
      ('1736', 'CAUCETE', '19'), 
      ('1737', 'CHIMBAS', '19'), 
      ('1738', 'IGLESIA', '19'), 
      ('1739', 'JACHAL', '19'), 
      ('1740', 'NUEVE DE JULIO', '19'), 
      ('1741', 'POCITO', '19'), 
      ('1742', 'RAWSON', '19'), 
      ('1743', 'RIVADAVIA', '19'), 
      ('1744', '19', '19'), 
      ('1745', 'SAN MART?N', '19'), 
      ('1746', 'SANTA LUC?A', '19'), 
      ('1747', 'SARMIENTO', '19'), 
      ('1748', 'ULLUM', '19'), 
      ('1749', 'VALLE F?RTIL', '19'), 
      ('1750', 'VEINTICINCO DE MAYO', '19'), 
      ('1751', 'ZONDA', '19'), 
      ('1752', 'ALTO PELADO', '20'), 
      ('1753', 'ALTO PENCOSO', '20'), 
      ('1754', 'ANCHORENA', '20'), 
      ('1755', 'ARIZONA', '20'), 
      ('1756', 'BAGUAL', '20'), 
      ('1757', 'BALDE', '20'), 
      ('1758', 'BATAVIA', '20'), 
      ('1759', 'BEAZLEY', '20'), 
      ('1760', 'BUENA ESPERANZA', '20'), 
      ('1761', 'CANDELARIA', '20'), 
      ('1762', 'CAPITAL', '20'), 
      ('1763', 'CAROLINA', '20'), 
      ('1764', 'CARPINTER?A', '20'), 
      ('1765', 'CONCAR?N', '20'), 
      ('1766', 'CORTADERAS', '20'), 
      ('1767', 'EL MORRO', '20'), 
      ('1768', 'EL TRAPICHE', '20'), 
      ('1769', 'EL VOLC?N', '20'), 
      ('1770', 'FORT?N EL PATRIA', '20'), 
      ('1771', 'FORTUNA', '20'), 
      ('1772', 'FRAGA', '20'), 
      ('1773', 'JUAN JORBA', '20'), 
      ('1774', 'JUAN LLERENA', '20'), 
      ('1775', 'JUANA KOSLAY', '20'), 
      ('1776', 'JUSTO DARACT', '20'), 
      ('1777', 'LA CALERA', '20'), 
      ('1778', 'LA FLORIDA', '20'), 
      ('1779', 'LA PUNILLA', '20'), 
      ('1780', 'LA TOMA', '20'), 
      ('1781', 'LAFINUR', '20'), 
      ('1782', 'LAS AGUADAS', '20'), 
      ('1783', 'LAS CHACRAS', '20'), 
      ('1784', 'LAS LAGUNAS', '20'), 
      ('1785', 'LAS VERTIENTES', '20'), 
      ('1786', 'LAVAISSE', '20'), 
      ('1787', 'LEANDRO N. ALEM', '20'), 
      ('1788', 'LOS MOLLES', '20'), 
      ('1789', 'LUJ?N', '20'), 
      ('1790', 'MERCEDES', '20'), 
      ('1791', 'MERLO', '20'), 
      ('1792', 'NASCHEL', '20'), 
      ('1793', 'NAVIA', '20'), 
      ('1794', 'NOGOL?', '20'), 
      ('1795', 'NUEVA GALIA', '20'), 
      ('1796', 'PAPAGAYOS', '20'), 
      ('1797', 'PASO GRANDE', '20'), 
      ('1798', 'POTRERO DE LOS FUNES', '20'), 
      ('1799', 'QUINES', '20'), 
      ('1800', 'RENCA', '20');
COMMIT;
INSERT IGNORE INTO `departamentos` (`id_departamento`, `departamento`, `id_provincia`) VALUES 
      ('1801', 'SALADILLO', '20'), 
      ('1802', 'SAN FRANCISCO', '20'), 
      ('1803', 'SAN GER?NIMO', '20'), 
      ('1804', 'SAN MART?N', '20'), 
      ('1805', 'SAN PABLO', '20'), 
      ('1806', 'SANTA ROSA DE CONLARA', '20'), 
      ('1807', 'TALITA', '20'), 
      ('1808', 'TILISARAO', '20'), 
      ('1809', 'UNI?N', '20'), 
      ('1810', 'VILLA DE LA QUEBRADA', '20'), 
      ('1811', 'VILLA DE PRAGA', '20'), 
      ('1812', 'VILLA DEL CARMEN', '20'), 
      ('1813', 'VILLA GRAL. ROCA', '20'), 
      ('1814', 'VILLA LARCA', '20'), 
      ('1815', 'VILLA MERCEDES', '20'), 
      ('1816', 'ZANJITAS', '20'), 
      ('1817', 'CALAFATE', '21'), 
      ('1818', 'CALETA OLIVIA', '21'), 
      ('1819', 'CA?AD?N SECO', '21'), 
      ('1820', 'COMANDANTE PIEDRABUENA', '21'), 
      ('1821', 'EL CALAFATE', '21'), 
      ('1822', 'EL CHALT?N', '21'), 
      ('1823', 'GDOR. GREGORES', '21'), 
      ('1824', 'HIP?LITO YRIGOYEN', '21'), 
      ('1825', 'JARAMILLO', '21'), 
      ('1826', 'KOLUEL KAIKE', '21'), 
      ('1827', 'LAS HERAS', '21'), 
      ('1828', 'LOS ANTIGUOS', '21'), 
      ('1829', 'PERITO MORENO', '21'), 
      ('1830', 'PICO TRUNCADO', '21'), 
      ('1831', 'PTO. DESEADO', '21'), 
      ('1832', 'PTO. SAN JULI?N', '21'), 
      ('1833', 'PTO. 21', '21'), 
      ('1834', 'R?O CUARTO', '21'), 
      ('1835', 'R?O GALLEGOS', '21'), 
      ('1836', 'R?O TURBIO', '21'), 
      ('1837', 'TRES LAGOS', '21'), 
      ('1838', 'VEINTIOCHO DE NOVIEMBRE', '21'), 
      ('1839', 'AAR?N CASTELLANOS', '22'), 
      ('1840', 'ACEBAL', '22'), 
      ('1841', 'AGUAR? GRANDE', '22'), 
      ('1842', 'ALBARELLOS', '22'), 
      ('1843', 'ALCORTA', '22'), 
      ('1844', 'ALDAO', '22'), 
      ('1845', 'ALEJANDRA', '22'), 
      ('1846', '?LVAREZ', '22'), 
      ('1847', 'AMBROSETTI', '22'), 
      ('1848', 'AMEN?BAR', '22'), 
      ('1849', 'ANG?LICA', '22'), 
      ('1850', 'ANGELONI', '22'), 
      ('1851', 'AREQUITO', '22'), 
      ('1852', 'ARMINDA', '22'), 
      ('1853', 'ARMSTRONG', '22'), 
      ('1854', 'AROCENA', '22'), 
      ('1855', 'ARROYO AGUIAR', '22'), 
      ('1856', 'ARROYO CEIBAL', '22'), 
      ('1857', 'ARROYO LEYES', '22'), 
      ('1858', 'ARROYO SECO', '22'), 
      ('1859', 'ARRUF?', '22'), 
      ('1860', 'ARTEAGA', '22'), 
      ('1861', 'ATALIVA', '22'), 
      ('1862', 'AURELIA', '22'), 
      ('1863', 'AVELLANEDA', '22'), 
      ('1864', 'BARRANCAS', '22'), 
      ('1865', 'BAUER Y SIGEL', '22'), 
      ('1866', 'BELLA ITALIA', '22'), 
      ('1867', 'BERABEV?', '22'), 
      ('1868', 'BERNA', '22'), 
      ('1869', 'BERNARDO DE IRIGOYEN', '22'), 
      ('1870', 'BIGAND', '22'), 
      ('1871', 'BOMBAL', '22'), 
      ('1872', 'BOUQUET', '22'), 
      ('1873', 'BUSTINZA', '22'), 
      ('1874', 'CABAL', '22'), 
      ('1875', 'CACIQUE ARIACAIQUIN', '22'), 
      ('1876', 'CAFFERATA', '22'), 
      ('1877', 'CALCHAQU?', '22'), 
      ('1878', 'CAMPO ANDINO', '22'), 
      ('1879', 'CAMPO PIAGGIO', '22'), 
      ('1880', 'CA?ADA DE G?MEZ', '22'), 
      ('1881', 'CA?ADA DEL UCLE', '22'), 
      ('1882', 'CA?ADA RICA', '22'), 
      ('1883', 'CA?ADA ROSQU?N', '22'), 
      ('1884', 'CANDIOTI', '22'), 
      ('1885', 'CAPITAL', '22'), 
      ('1886', 'CAPIT?N BERM?DEZ', '22'), 
      ('1887', 'CAPIVARA', '22'), 
      ('1888', 'CARCARA??', '22'), 
      ('1889', 'CARLOS PELLEGRINI', '22'), 
      ('1890', 'CARMEN', '22'), 
      ('1891', 'CARMEN DEL SAUCE', '22'), 
      ('1892', 'CARRERAS', '22'), 
      ('1893', 'CARRIZALES', '22'), 
      ('1894', 'CASALEGNO', '22'), 
      ('1895', 'CASAS', '22'), 
      ('1896', 'CASILDA', '22'), 
      ('1897', 'CASTELAR', '22'), 
      ('1898', 'CASTELLANOS', '22'), 
      ('1899', 'CAYAST?', '22'), 
      ('1900', 'CAYASTACITO', '22'), 
      ('1901', 'CENTENO', '22'), 
      ('1902', 'CEPEDA', '22'), 
      ('1903', 'CERES', '22'), 
      ('1904', 'CHAB?S', '22'), 
      ('1905', 'CHA?AR LADEADO', '22'), 
      ('1906', 'CHAPUY', '22'), 
      ('1907', 'CHOVET', '22'), 
      ('1908', 'CHRISTOPHERSEN', '22'), 
      ('1909', 'CLASSON', '22'), 
      ('1910', 'CNEL. ARNOLD', '22'), 
      ('1911', 'CNEL. BOGADO', '22'), 
      ('1912', 'CNEL. DOMINGUEZ', '22'), 
      ('1913', 'CNEL. FRAGA', '22'), 
      ('1914', 'COL. ALDAO', '22'), 
      ('1915', 'COL. ANA', '22'), 
      ('1916', 'COL. BELGRANO', '22'), 
      ('1917', 'COL. BICHA', '22'), 
      ('1918', 'COL. BIGAND', '22'), 
      ('1919', 'COL. BOSSI', '22'), 
      ('1920', 'COL. CAVOUR', '22'), 
      ('1921', 'COL. CELLO', '22'), 
      ('1922', 'COL. DOLORES', '22'), 
      ('1923', 'COL. DOS ROSAS', '22'), 
      ('1924', 'COL. DUR?N', '22'), 
      ('1925', 'COL. ITURRASPE', '22'), 
      ('1926', 'COL. MARGARITA', '22'), 
      ('1927', 'COL. MASCIAS', '22'), 
      ('1928', 'COL. RAQUEL', '22'), 
      ('1929', 'COL. ROSA', '22'), 
      ('1930', 'COL. SAN JOS?', '22'), 
      ('1931', 'CONSTANZA', '22'), 
      ('1932', 'CORONDA', '22'), 
      ('1933', 'CORREA', '22'), 
      ('1934', 'CRISPI', '22'), 
      ('1935', 'CULUL?', '22'), 
      ('1936', 'CURUPAYTI', '22'), 
      ('1937', 'DESVIO ARIJ?N', '22'), 
      ('1938', 'DIAZ', '22'), 
      ('1939', 'DIEGO DE ALVEAR', '22'), 
      ('1940', 'EGUSQUIZA', '22'), 
      ('1941', 'EL ARAZ?', '22'), 
      ('1942', 'EL RAB?N', '22'), 
      ('1943', 'EL SOMBRERITO', '22'), 
      ('1944', 'EL TR?BOL', '22'), 
      ('1945', 'ELISA', '22'), 
      ('1946', 'ELORTONDO', '22'), 
      ('1947', 'EMILIA', '22'), 
      ('1948', 'EMPALME SAN CARLOS', '22'), 
      ('1949', 'EMPALME VILLA CONSTITUCION', '22'), 
      ('1950', 'ESMERALDA', '22'), 
      ('1951', 'ESPERANZA', '22'), 
      ('1952', 'ESTACI?N ALVEAR', '22'), 
      ('1953', 'ESTACION CLUCELLAS', '22'), 
      ('1954', 'ESTEBAN RAMS', '22'), 
      ('1955', 'ESTHER', '22'), 
      ('1956', 'ESUSTOLIA', '22'), 
      ('1957', 'EUSEBIA', '22'), 
      ('1958', 'FELICIA', '22'), 
      ('1959', 'FIDELA', '22'), 
      ('1960', 'FIGHIERA', '22'), 
      ('1961', 'FIRMAT', '22'), 
      ('1962', 'FLORENCIA', '22'), 
      ('1963', 'FORT?N OLMOS', '22'), 
      ('1964', 'FRANCK', '22'), 
      ('1965', 'FRAY LUIS BELTR?N', '22'), 
      ('1966', 'FRONTERA', '22'), 
      ('1967', 'FUENTES', '22'), 
      ('1968', 'FUNES', '22'), 
      ('1969', 'GABOTO', '22'), 
      ('1970', 'GALISTEO', '22'), 
      ('1971', 'G?LVEZ', '22'), 
      ('1972', 'GARABALTO', '22'), 
      ('1973', 'GARIBALDI', '22'), 
      ('1974', 'GATO COLORADO', '22'), 
      ('1975', 'GDOR. CRESPO', '22'), 
      ('1976', 'GESSLER', '22'), 
      ('1977', 'GODOY', '22'), 
      ('1978', 'GOLONDRINA', '22'), 
      ('1979', 'GRAL. GELLY', '22'), 
      ('1980', 'GRAL. LAGOS', '22'), 
      ('1981', 'GRANADERO BAIGORRIA', '22'), 
      ('1982', 'GREGORIA PEREZ DE DENIS', '22'), 
      ('1983', 'GRUTLY', '22'), 
      ('1984', 'GUADALUPE N.', '22'), 
      ('1985', 'G?DEKEN', '22'), 
      ('1986', 'HELVECIA', '22'), 
      ('1987', 'HERSILIA', '22'), 
      ('1988', 'HIPAT?A', '22'), 
      ('1989', 'HUANQUEROS', '22'), 
      ('1990', 'HUGENTOBLER', '22'), 
      ('1991', 'HUGHES', '22'), 
      ('1992', 'HUMBERTO 1?', '22'), 
      ('1993', 'HUMBOLDT', '22'), 
      ('1994', 'IBARLUCEA', '22'), 
      ('1995', 'ING. CHANOURDIE', '22'), 
      ('1996', 'INTIYACO', '22'), 
      ('1997', 'ITUZAING?', '22'), 
      ('1998', 'JACINTO L. AR?UZ', '22'), 
      ('1999', 'JOSEFINA', '22'), 
      ('2000', 'JUAN B. MOLINA', '22'), 
      ('2001', 'JUAN DE GARAY', '22'), 
      ('2002', 'JUNCAL', '22'), 
      ('2003', 'LA BRAVA', '22'), 
      ('2004', 'LA CABRAL', '22'), 
      ('2005', 'LA CAMILA', '22'), 
      ('2006', 'LA CHISPA', '22'), 
      ('2007', 'LA CLARA', '22'), 
      ('2008', 'LA CRIOLLA', '22'), 
      ('2009', 'LA GALLARETA', '22'), 
      ('2010', 'LA LUCILA', '22'), 
      ('2011', 'LA PELADA', '22'), 
      ('2012', 'LA PENCA', '22'), 
      ('2013', 'LA RUBIA', '22'), 
      ('2014', 'LA SARITA', '22'), 
      ('2015', 'LA VANGUARDIA', '22'), 
      ('2016', 'LABORDEBOY', '22'), 
      ('2017', 'LAGUNA PAIVA', '22'), 
      ('2018', 'LANDETA', '22'), 
      ('2019', 'LANTERI', '22'), 
      ('2020', 'LARRECHEA', '22'), 
      ('2021', 'LAS AVISPAS', '22'), 
      ('2022', 'LAS BANDURRIAS', '22'), 
      ('2023', 'LAS GARZAS', '22'), 
      ('2024', 'LAS PALMERAS', '22'), 
      ('2025', 'LAS PAREJAS', '22'), 
      ('2026', 'LAS PETACAS', '22'), 
      ('2027', 'LAS ROSAS', '22'), 
      ('2028', 'LAS TOSCAS', '22'), 
      ('2029', 'LAS TUNAS', '22'), 
      ('2030', 'LAZZARINO', '22'), 
      ('2031', 'LEHMANN', '22'), 
      ('2032', 'LLAMBI CAMPBELL', '22'), 
      ('2033', 'LOGRO?O', '22'), 
      ('2034', 'LOMA ALTA', '22'), 
      ('2035', 'L?PEZ', '22'), 
      ('2036', 'LOS AMORES', '22'), 
      ('2037', 'LOS CARDOS', '22'), 
      ('2038', 'LOS LAURELES', '22'), 
      ('2039', 'LOS MOLINOS', '22'), 
      ('2040', 'LOS QUIRQUINCHOS', '22'), 
      ('2041', 'LUCIO V. LOPEZ', '22'), 
      ('2042', 'LUIS PALACIOS', '22'), 
      ('2043', 'MA. JUANA', '22'), 
      ('2044', 'MA. LUISA', '22'), 
      ('2045', 'MA. SUSANA', '22'), 
      ('2046', 'MA. TERESA', '22'), 
      ('2047', 'MACIEL', '22'), 
      ('2048', 'MAGGIOLO', '22'), 
      ('2049', 'MALABRIGO', '22'), 
      ('2050', 'MARCELINO ESCALADA', '22'), 
      ('2051', 'MARGARITA', '22'), 
      ('2052', 'MATILDE', '22'), 
      ('2053', 'MAU?', '22'), 
      ('2054', 'M?XIMO PAZ', '22'), 
      ('2055', 'MELINCU?', '22'), 
      ('2056', 'MIGUEL TORRES', '22'), 
      ('2057', 'MOIS?S VILLE', '22'), 
      ('2058', 'MONIGOTES', '22'), 
      ('2059', 'MONJE', '22'), 
      ('2060', 'MONTE OBSCURIDAD', '22'), 
      ('2061', 'MONTE VERA', '22'), 
      ('2062', 'MONTEFIORE', '22'), 
      ('2063', 'MONTES DE OCA', '22'), 
      ('2064', 'MURPHY', '22'), 
      ('2065', '?ANDUCITA', '22'), 
      ('2066', 'NAR?', '22'), 
      ('2067', 'NELSON', '22'), 
      ('2068', 'NICANOR E. MOLINAS', '22'), 
      ('2069', 'NUEVO TORINO', '22'), 
      ('2070', 'OLIVEROS', '22'), 
      ('2071', 'PALACIOS', '22'), 
      ('2072', 'PAV?N', '22'), 
      ('2073', 'PAV?N ARRIBA', '22'), 
      ('2074', 'PEDRO G?MEZ CELLO', '22'), 
      ('2075', 'P?REZ', '22'), 
      ('2076', 'PEYRANO', '22'), 
      ('2077', 'PIAMONTE', '22'), 
      ('2078', 'PILAR', '22'), 
      ('2079', 'PI?ERO', '22'), 
      ('2080', 'PLAZA CLUCELLAS', '22'), 
      ('2081', 'PORTUGALETE', '22'), 
      ('2082', 'POZO BORRADO', '22'), 
      ('2083', 'PROGRESO', '22'), 
      ('2084', 'PROVIDENCIA', '22'), 
      ('2085', 'PTE. ROCA', '22'), 
      ('2086', 'PUEBLO ANDINO', '22'), 
      ('2087', 'PUEBLO ESTHER', '22'), 
      ('2088', 'PUEBLO GRAL. SAN MART?N', '22'), 
      ('2089', 'PUEBLO IRIGOYEN', '22'), 
      ('2090', 'PUEBLO MARINI', '22'), 
      ('2091', 'PUEBLO MU?OZ', '22'), 
      ('2092', 'PUEBLO URANGA', '22'), 
      ('2093', 'PUJATO', '22'), 
      ('2094', 'PUJATO N.', '22'), 
      ('2095', 'RAFAELA', '22'), 
      ('2096', 'RAMAY?N', '22'), 
      ('2097', 'RAMONA', '22'), 
      ('2098', 'RECONQUISTA', '22'), 
      ('2099', 'RECREO', '22'), 
      ('2100', 'RICARDONE', '22');
COMMIT;
INSERT IGNORE INTO `departamentos` (`id_departamento`, `departamento`, `id_provincia`) VALUES 
      ('2101', 'RIVADAVIA', '22'), 
      ('2102', 'ROLD?N', '22'), 
      ('2103', 'ROMANG', '22'), 
      ('2104', 'ROSARIO', '22'), 
      ('2105', 'RUEDA', '22'), 
      ('2106', 'RUFINO', '22'), 
      ('2107', 'SA PEREIRA', '22'), 
      ('2108', 'SAGUIER', '22'), 
      ('2109', 'SALADERO M. CABAL', '22'), 
      ('2110', 'SALTO GRANDE', '22'), 
      ('2111', 'SAN AGUST?N', '22'), 
      ('2112', 'SAN ANTONIO DE OBLIGADO', '22'), 
      ('2113', 'SAN BERNARDO (N.J.)', '22'), 
      ('2114', 'SAN BERNARDO (S.J.)', '22'), 
      ('2115', 'SAN CARLOS CENTRO', '22'), 
      ('2116', 'SAN CARLOS N.', '22'), 
      ('2117', 'SAN CARLOS S.', '22'), 
      ('2118', 'SAN CRIST?BAL', '22'), 
      ('2119', 'SAN EDUARDO', '22'), 
      ('2120', 'SAN EUGENIO', '22'), 
      ('2121', 'SAN FABI?N', '22'), 
      ('2122', 'SAN FCO. DE SANTA F?', '22'), 
      ('2123', 'SAN GENARO', '22'), 
      ('2124', 'SAN GENARO N.', '22'), 
      ('2125', 'SAN GREGORIO', '22'), 
      ('2126', 'SAN GUILLERMO', '22'), 
      ('2127', 'SAN JAVIER', '22'), 
      ('2128', 'SAN JER?NIMO DEL SAUCE', '22'), 
      ('2129', 'SAN JER?NIMO N.', '22'), 
      ('2130', 'SAN JER?NIMO S.', '22'), 
      ('2131', 'SAN JORGE', '22'), 
      ('2132', 'SAN JOS? DE LA ESQUINA', '22'), 
      ('2133', 'SAN JOS? DEL RINC?N', '22'), 
      ('2134', 'SAN JUSTO', '22'), 
      ('2135', 'SAN LORENZO', '22'), 
      ('2136', 'SAN MARIANO', '22'), 
      ('2137', 'SAN MART?N DE LAS ESCOBAS', '22'), 
      ('2138', 'SAN MART?N N.', '22'), 
      ('2139', 'SAN VICENTE', '22'), 
      ('2140', 'SANCTI SPITITU', '22'), 
      ('2141', 'SANFORD', '22'), 
      ('2142', 'SANTO DOMINGO', '22'), 
      ('2143', 'SANTO TOM?', '22'), 
      ('2144', 'SANTURCE', '22'), 
      ('2145', 'SARGENTO CABRAL', '22'), 
      ('2146', 'SARMIENTO', '22'), 
      ('2147', 'SASTRE', '22'), 
      ('2148', 'SAUCE VIEJO', '22'), 
      ('2149', 'SERODINO', '22'), 
      ('2150', 'SILVA', '22'), 
      ('2151', 'SOLDINI', '22'), 
      ('2152', 'SOLEDAD', '22'), 
      ('2153', 'SOUTOMAYOR', '22'), 
      ('2154', 'STA. CLARA DE BUENA VISTA', '22'), 
      ('2155', 'STA. CLARA DE SAGUIER', '22'), 
      ('2156', 'STA. ISABEL', '22'), 
      ('2157', 'STA. MARGARITA', '22'), 
      ('2158', 'STA. MARIA CENTRO', '22'), 
      ('2159', 'STA. MAR?A N.', '22'), 
      ('2160', 'STA. ROSA', '22'), 
      ('2161', 'STA. TERESA', '22'), 
      ('2162', 'SUARDI', '22'), 
      ('2163', 'SUNCHALES', '22'), 
      ('2164', 'SUSANA', '22'), 
      ('2165', 'TACUAREND?', '22'), 
      ('2166', 'TACURAL', '22'), 
      ('2167', 'TARTAGAL', '22'), 
      ('2168', 'TEODELINA', '22'), 
      ('2169', 'THEOBALD', '22'), 
      ('2170', 'TIMB?ES', '22'), 
      ('2171', 'TOBA', '22'), 
      ('2172', 'TORTUGAS', '22'), 
      ('2173', 'TOSTADO', '22'), 
      ('2174', 'TOTORAS', '22'), 
      ('2175', 'TRAILL', '22'), 
      ('2176', 'VENADO TUERTO', '22'), 
      ('2177', 'VERA', '22'), 
      ('2178', 'VERA Y PINTADO', '22'), 
      ('2179', 'VIDELA', '22'), 
      ('2180', 'VILA', '22'), 
      ('2181', 'VILLA AMELIA', '22'), 
      ('2182', 'VILLA ANA', '22'), 
      ('2183', 'VILLA CA?AS', '22'), 
      ('2184', 'VILLA CONSTITUCI?N', '22'), 
      ('2185', 'VILLA ELO?SA', '22'), 
      ('2186', 'VILLA GDOR. G?LVEZ', '22'), 
      ('2187', 'VILLA GUILLERMINA', '22'), 
      ('2188', 'VILLA MINETTI', '22'), 
      ('2189', 'VILLA MUGUETA', '22'), 
      ('2190', 'VILLA OCAMPO', '22'), 
      ('2191', 'VILLA SAN JOS?', '22'), 
      ('2192', 'VILLA SARALEGUI', '22'), 
      ('2193', 'VILLA TRINIDAD', '22'), 
      ('2194', 'VILLADA', '22'), 
      ('2195', 'VIRGINIA', '22'), 
      ('2196', 'WHEELWRIGHT', '22'), 
      ('2197', 'ZAVALLA', '22'), 
      ('2198', 'ZEN?N PEREIRA', '22'), 
      ('2199', 'A?ATUYA', '23'), 
      ('2200', '?RRAGA', '23'), 
      ('2201', 'BANDERA', '23'), 
      ('2202', 'BANDERA BAJADA', '23'), 
      ('2203', 'BELTR?N', '23'), 
      ('2204', 'BREA POZO', '23'), 
      ('2205', 'CAMPO GALLO', '23'), 
      ('2206', 'CAPITAL', '23'), 
      ('2207', 'CHILCA JULIANA', '23'), 
      ('2208', 'CHOYA', '23'), 
      ('2209', 'CLODOMIRA', '23'), 
      ('2210', 'COL. ALPINA', '23'), 
      ('2211', 'COL. DORA', '23'), 
      ('2212', 'COL. EL SIMBOLAR ROBLES', '23'), 
      ('2213', 'EL BOBADAL', '23'), 
      ('2214', 'EL CHARCO', '23'), 
      ('2215', 'EL MOJ?N', '23'), 
      ('2216', 'ESTACI?N ATAMISQUI', '23'), 
      ('2217', 'ESTACI?N SIMBOLAR', '23'), 
      ('2218', 'FERN?NDEZ', '23'), 
      ('2219', 'FORT?N INCA', '23'), 
      ('2220', 'FR?AS', '23'), 
      ('2221', 'GARZA', '23'), 
      ('2222', 'GRAMILLA', '23'), 
      ('2223', 'GUARDIA ESCOLTA', '23'), 
      ('2224', 'HERRERA', '23'), 
      ('2225', 'ICA?O', '23'), 
      ('2226', 'ING. FORRES', '23'), 
      ('2227', 'LA BANDA', '23'), 
      ('2228', 'LA CA?ADA', '23'), 
      ('2229', 'LAPRIDA', '23'), 
      ('2230', 'LAVALLE', '23'), 
      ('2231', 'LORETO', '23'), 
      ('2232', 'LOS JUR?ES', '23'), 
      ('2233', 'LOS N??EZ', '23'), 
      ('2234', 'LOS PIRPINTOS', '23'), 
      ('2235', 'LOS QUIROGA', '23'), 
      ('2236', 'LOS TELARES', '23'), 
      ('2237', 'LUGONES', '23'), 
      ('2238', 'MALBR?N', '23'), 
      ('2239', 'MATARA', '23'), 
      ('2240', 'MEDELL?N', '23'), 
      ('2241', 'MONTE QUEMADO', '23'), 
      ('2242', 'NUEVA ESPERANZA', '23'), 
      ('2243', 'NUEVA FRANCIA', '23'), 
      ('2244', 'PALO NEGRO', '23'), 
      ('2245', 'PAMPA DE LOS GUANACOS', '23'), 
      ('2246', 'PINTO', '23'), 
      ('2247', 'POZO HONDO', '23'), 
      ('2248', 'QUIMIL?', '23'), 
      ('2249', 'REAL SAYANA', '23'), 
      ('2250', 'SACHAYOJ', '23'), 
      ('2251', 'SAN PEDRO DE GUASAY?N', '23'), 
      ('2252', 'SELVA', '23'), 
      ('2253', 'SOL DE JULIO', '23'), 
      ('2254', 'SUMAMPA', '23'), 
      ('2255', 'SUNCHO CORRAL', '23'), 
      ('2256', 'TABOADA', '23'), 
      ('2257', 'TAPSO', '23'), 
      ('2258', 'TERMAS DE RIO HONDO', '23'), 
      ('2259', 'TINTINA', '23'), 
      ('2260', 'TOMAS YOUNG', '23'), 
      ('2261', 'VILELAS', '23'), 
      ('2262', 'VILLA ATAMISQUI', '23'), 
      ('2263', 'VILLA LA PUNTA', '23'), 
      ('2264', 'VILLA OJO DE AGUA', '23'), 
      ('2265', 'VILLA R?O HONDO', '23'), 
      ('2266', 'VILLA SALAVINA', '23'), 
      ('2267', 'VILLA UNI?N', '23'), 
      ('2268', 'VILMER', '23'), 
      ('2269', 'WEISBURD', '23'), 
      ('2270', 'R?O GRANDE', '24'), 
      ('2271', 'TOLHUIN', '24'), 
      ('2272', 'USHUAIA', '24'), 
      ('2273', 'ACHERAL', '25'), 
      ('2274', 'AGUA DULCE', '25'), 
      ('2275', 'AGUILARES', '25'), 
      ('2276', 'ALDERETES', '25'), 
      ('2277', 'ALPACHIRI', '25'), 
      ('2278', 'ALTO VERDE', '25'), 
      ('2279', 'AMAICHA DEL VALLE', '25'), 
      ('2280', 'AMBERES', '25'), 
      ('2281', 'ANCAJULI', '25'), 
      ('2282', 'ARCADIA', '25'), 
      ('2283', 'ATAHONA', '25'), 
      ('2284', 'BANDA DEL R?O SALI', '25'), 
      ('2285', 'BELLA VISTA', '25'), 
      ('2286', 'BUENA VISTA', '25'), 
      ('2287', 'BURRUYAC?', '25'), 
      ('2288', 'CAPIT?N C?CERES', '25'), 
      ('2289', 'CEVIL REDONDO', '25'), 
      ('2290', 'CHOROMORO', '25'), 
      ('2291', 'CIUDACITA', '25'), 
      ('2292', 'COLALAO DEL VALLE', '25'), 
      ('2293', 'COLOMBRES', '25'), 
      ('2294', 'CONCEPCI?N', '25'), 
      ('2295', 'DELF?N GALLO', '25'), 
      ('2296', 'EL BRACHO', '25'), 
      ('2297', 'EL CADILLAL', '25'), 
      ('2298', 'EL CERCADO', '25'), 
      ('2299', 'EL CHA?AR', '25'), 
      ('2300', 'EL MANANTIAL', '25'), 
      ('2301', 'EL MOJ?N', '25'), 
      ('2302', 'EL MOLLAR', '25'), 
      ('2303', 'EL NARANJITO', '25'), 
      ('2304', 'EL NARANJO', '25'), 
      ('2305', 'EL POLEAR', '25'), 
      ('2306', 'EL PUESTITO', '25'), 
      ('2307', 'EL SACRIFICIO', '25'), 
      ('2308', 'EL TIMB?', '25'), 
      ('2309', 'ESCABA', '25'), 
      ('2310', 'ESQUINA', '25'), 
      ('2311', 'ESTACI?N AR?OZ', '25'), 
      ('2312', 'FAMAILL?', '25'), 
      ('2313', 'GASTONE', '25'), 
      ('2314', 'GDOR. GARMENDIA', '25'), 
      ('2315', 'GDOR. PIEDRABUENA', '25'), 
      ('2316', 'GRANEROS', '25'), 
      ('2317', 'HUASA PAMPA', '25'), 
      ('2318', 'J. B. ALBERDI', '25'), 
      ('2319', 'LA COCHA', '25'), 
      ('2320', 'LA ESPERANZA', '25'), 
      ('2321', 'LA FLORIDA', '25'), 
      ('2322', 'LA RAMADA', '25'), 
      ('2323', 'LA TRINIDAD', '25'), 
      ('2324', 'LAMADRID', '25'), 
      ('2325', 'LAS CEJAS', '25'), 
      ('2326', 'LAS TALAS', '25'), 
      ('2327', 'LAS TALITAS', '25'), 
      ('2328', 'LOS BULACIO', '25'), 
      ('2329', 'LOS G?MEZ', '25'), 
      ('2330', 'LOS NOGALES', '25'), 
      ('2331', 'LOS PEREYRA', '25'), 
      ('2332', 'LOS P?REZ', '25'), 
      ('2333', 'LOS PUESTOS', '25'), 
      ('2334', 'LOS RALOS', '25'), 
      ('2335', 'LOS SARMIENTOS', '25'), 
      ('2336', 'LOS SOSA', '25'), 
      ('2337', 'LULES', '25'), 
      ('2338', 'M. GARC?A FERN?NDEZ', '25'), 
      ('2339', 'MANUELA PEDRAZA', '25'), 
      ('2340', 'MEDINAS', '25'), 
      ('2341', 'MONTE BELLO', '25'), 
      ('2342', 'MONTEAGUDO', '25'), 
      ('2343', 'MONTEROS', '25'), 
      ('2344', 'PADRE MONTI', '25'), 
      ('2345', 'PAMPA MAYO', '25'), 
      ('2346', 'QUILMES', '25'), 
      ('2347', 'RACO', '25'), 
      ('2348', 'RANCHILLOS', '25'), 
      ('2349', 'R?O CHICO', '25'), 
      ('2350', 'R?O COLORADO', '25'), 
      ('2351', 'R?O SECO', '25'), 
      ('2352', 'RUMI PUNCO', '25'), 
      ('2353', 'SAN ANDR?S', '25'), 
      ('2354', 'SAN FELIPE', '25'), 
      ('2355', 'SAN IGNACIO', '25'), 
      ('2356', 'SAN JAVIER', '25'), 
      ('2357', 'SAN JOS?', '25'), 
      ('2358', 'SAN MIGUEL DE 25', '25'), 
      ('2359', 'SAN PEDRO', '25'), 
      ('2360', 'SAN PEDRO DE COLALAO', '25'), 
      ('2361', 'SANTA ROSA DE LEALES', '25'), 
      ('2362', 'SGTO. MOYA', '25'), 
      ('2363', 'SIETE DE ABRIL', '25'), 
      ('2364', 'SIMOCA', '25'), 
      ('2365', 'SOLDADO MALDONADO', '25'), 
      ('2366', 'STA. ANA', '25'), 
      ('2367', 'STA. CRUZ', '25'), 
      ('2368', 'STA. LUC?A', '25'), 
      ('2369', 'TACO RALO', '25'), 
      ('2370', 'TAF? DEL VALLE', '25'), 
      ('2371', 'TAF? VIEJO', '25'), 
      ('2372', 'TAPIA', '25'), 
      ('2373', 'TENIENTE BERDINA', '25'), 
      ('2374', 'TRANCAS', '25'), 
      ('2375', 'VILLA BELGRANO', '25'), 
      ('2376', 'VILLA BENJAM?N ARAOZ', '25'), 
      ('2377', 'VILLA CHILIGASTA', '25'), 
      ('2378', 'VILLA DE LEALES', '25'), 
      ('2379', 'VILLA QUINTEROS', '25'), 
      ('2380', 'Y?NIMA', '25'), 
      ('2381', 'YERBA BUENA', '25'), 
      ('2382', 'YERBA BUENA (S)', '25');
COMMIT;

# | Vaciado de tabla 'detalleajustes'
# +-------------------------------------
DROP TABLE IF EXISTS `detalleajustes`;


# | Estructura de la tabla 'detalleajustes'
# +-------------------------------------
CREATE TABLE `detalleajustes` (
  `coddetalleajuste` int(11) NOT NULL AUTO_INCREMENT,
  `codajuste` varchar(30) CHARACTER SET utf8 COLLATE utf8_spanish_ci NOT NULL,
  `idproducto` int(11) NOT NULL,
  `codproducto` varchar(15) CHARACTER SET utf8 COLLATE utf8_spanish_ci NOT NULL,
  `producto` text CHARACTER SET utf8 COLLATE utf8_spanish_ci NOT NULL,
  `codmarca` int(11) NOT NULL,
  `codmodelo` int(11) NOT NULL,
  `codpresentacion` int(11) NOT NULL,
  `preciocompra` decimal(12,2) NOT NULL,
  `precioxmayor` decimal(12,2) NOT NULL,
  `precioxmenor` decimal(12,2) NOT NULL,
  `precioxpublico` decimal(12,2) NOT NULL,
  `existencia` decimal(12,2) NOT NULL,
  `cantidad` decimal(12,2) NOT NULL,
  `tipoimpuesto` varchar(30) CHARACTER SET utf8 COLLATE utf8_spanish_ci NOT NULL,
  `ivaproducto` decimal(12,2) NOT NULL,
  `descproducto` decimal(12,2) NOT NULL,
  `procedimiento` int(2) NOT NULL,
  `tipodetalle` int(2) NOT NULL,
  `observaciones` text CHARACTER SET utf8 COLLATE utf8_spanish_ci NOT NULL,
  `codsucursal` int(11) NOT NULL,
  PRIMARY KEY (`coddetalleajuste`)
) ENGINE=InnoDB DEFAULT CHARSET=utf8 COLLATE=utf8_unicode_ci;
                
# | Carga de datos de la tabla 'detalleajustes'
# +-------------------------------------

# | Vaciado de tabla 'detallecompras'
# +-------------------------------------
DROP TABLE IF EXISTS `detallecompras`;


# | Estructura de la tabla 'detallecompras'
# +-------------------------------------
CREATE TABLE `detallecompras` (
  `coddetallecompra` int(11) NOT NULL AUTO_INCREMENT,
  `codcompra` varchar(20) CHARACTER SET utf8 COLLATE utf8_spanish_ci NOT NULL,
  `idproducto` int(11) NOT NULL,
  `codproducto` varchar(15) CHARACTER SET utf8 COLLATE utf8_spanish_ci NOT NULL,
  `producto` text CHARACTER SET utf8 COLLATE utf8_spanish_ci NOT NULL,
  `descripcion` text CHARACTER SET utf8 COLLATE utf8_spanish_ci NOT NULL,
  `imei` varchar(50) CHARACTER SET utf8 COLLATE utf8_spanish_ci NOT NULL,
  `condicion` varchar(50) CHARACTER SET utf8 COLLATE utf8_spanish_ci NOT NULL,
  `codmarca` int(11) NOT NULL,
  `codmodelo` int(11) NOT NULL,
  `codpresentacion` int(11) NOT NULL,
  `codcolor` int(11) NOT NULL,
  `preciocompra` decimal(12,2) NOT NULL,
  `precioxmayor` decimal(12,2) NOT NULL,
  `precioxmenor` decimal(12,2) NOT NULL,
  `precioxpublico` decimal(12,2) NOT NULL,
  `cantidad` decimal(12,2) NOT NULL,
  `posicionimpuesto` int(2) NOT NULL,
  `tipoimpuesto` varchar(30) CHARACTER SET utf8 COLLATE utf8_spanish_ci NOT NULL,
  `ivaproducto` decimal(12,2) NOT NULL,
  `descproducto` decimal(12,2) NOT NULL,
  `descfactura` decimal(12,2) NOT NULL,
  `valortotal` decimal(12,2) NOT NULL,
  `totaldescuentoc` decimal(12,2) NOT NULL,
  `subtotalimpuestos` decimal(12,2) NOT NULL,
  `valorneto` decimal(12,2) NOT NULL,
  `lote` varchar(10) CHARACTER SET utf8 COLLATE utf8_spanish_ci NOT NULL,
  `fechaelaboracion` varchar(25) CHARACTER SET utf8 COLLATE utf8_spanish_ci NOT NULL,
  `fechaoptimo` varchar(15) CHARACTER SET utf8 COLLATE utf8_spanish_ci NOT NULL,
  `fechamedio` varchar(15) CHARACTER SET utf8 COLLATE utf8_spanish_ci NOT NULL,
  `fechaminimo` varchar(15) CHARACTER SET utf8 COLLATE utf8_spanish_ci NOT NULL,
  `stockoptimo` varchar(10) CHARACTER SET utf8 COLLATE utf8_spanish_ci NOT NULL,
  `stockmedio` varchar(10) CHARACTER SET utf8 COLLATE utf8_spanish_ci NOT NULL,
  `stockminimo` varchar(10) CHARACTER SET utf8 COLLATE utf8_spanish_ci NOT NULL,
  `codsucursal` int(11) NOT NULL,
  PRIMARY KEY (`coddetallecompra`)
) ENGINE=InnoDB DEFAULT CHARSET=utf8 COLLATE=utf8_general_ci;
                
# | Carga de datos de la tabla 'detallecompras'
# +-------------------------------------

# | Vaciado de tabla 'detallecotizaciones'
# +-------------------------------------
DROP TABLE IF EXISTS `detallecotizaciones`;


# | Estructura de la tabla 'detallecotizaciones'
# +-------------------------------------
CREATE TABLE `detallecotizaciones` (
  `coddetallecotizacion` int(11) NOT NULL AUTO_INCREMENT,
  `codcotizacion` varchar(30) CHARACTER SET utf8 COLLATE utf8_spanish_ci NOT NULL,
  `idproducto` int(11) NOT NULL,
  `codproducto` varchar(15) CHARACTER SET utf8 COLLATE utf8_spanish_ci NOT NULL,
  `producto` text CHARACTER SET utf8 COLLATE utf8_spanish_ci NOT NULL,
  `descripcion` text CHARACTER SET utf8 COLLATE utf8_spanish_ci NOT NULL,
  `imei` varchar(50) CHARACTER SET utf8 COLLATE utf8_spanish_ci NOT NULL,
  `condicion` varchar(50) CHARACTER SET utf8 COLLATE utf8_spanish_ci NOT NULL,
  `codmarca` int(11) NOT NULL,
  `codmodelo` int(11) NOT NULL,
  `codpresentacion` int(11) NOT NULL,
  `codcolor` int(11) NOT NULL,
  `cantidad` decimal(12,2) NOT NULL,
  `preciocompra` decimal(12,2) NOT NULL,
  `precioventa` decimal(12,2) NOT NULL,
  `posicionimpuesto` int(2) NOT NULL,
  `tipoimpuesto` varchar(30) CHARACTER SET utf8 COLLATE utf8_spanish_ci NOT NULL,
  `ivaproducto` decimal(12,2) NOT NULL,
  `descproducto` decimal(12,2) NOT NULL,
  `valortotal` decimal(12,2) NOT NULL,
  `totaldescuentov` decimal(12,2) NOT NULL,
  `subtotalimpuestos` decimal(12,2) NOT NULL,
  `valorneto` decimal(12,2) NOT NULL,
  `valorneto2` decimal(12,2) NOT NULL,
  `tipodetalle` int(2) NOT NULL,
  `codsucursal` int(11) NOT NULL,
  PRIMARY KEY (`coddetallecotizacion`)
) ENGINE=InnoDB DEFAULT CHARSET=utf8 COLLATE=utf8_general_ci;
                
# | Carga de datos de la tabla 'detallecotizaciones'
# +-------------------------------------

# | Vaciado de tabla 'detallenotas'
# +-------------------------------------
DROP TABLE IF EXISTS `detallenotas`;


# | Estructura de la tabla 'detallenotas'
# +-------------------------------------
CREATE TABLE `detallenotas` (
  `coddetallenota` int(11) NOT NULL AUTO_INCREMENT,
  `codnota` varchar(30) CHARACTER SET utf8 COLLATE utf8_spanish_ci NOT NULL,
  `idproducto` int(11) NOT NULL,
  `codproducto` varchar(15) CHARACTER SET utf8 COLLATE utf8_spanish_ci NOT NULL,
  `producto` text CHARACTER SET utf8 COLLATE utf8_spanish_ci NOT NULL,
  `descripcion` text CHARACTER SET utf8 COLLATE utf8_spanish_ci NOT NULL,
  `imei` varchar(50) CHARACTER SET utf8 COLLATE utf8_spanish_ci NOT NULL,
  `condicion` varchar(50) CHARACTER SET utf8 COLLATE utf8_spanish_ci NOT NULL,
  `codmarca` int(11) NOT NULL,
  `codmodelo` int(11) NOT NULL,
  `codpresentacion` int(11) NOT NULL,
  `codcolor` int(11) NOT NULL,
  `cantidad` decimal(12,2) NOT NULL,
  `preciocompra` decimal(12,2) NOT NULL,
  `precioventa` decimal(12,2) NOT NULL,
  `posicionimpuesto` int(2) NOT NULL,
  `tipoimpuesto` varchar(30) CHARACTER SET utf8 COLLATE utf8_spanish_ci NOT NULL,
  `ivaproducto` decimal(12,2) NOT NULL,
  `descproducto` decimal(12,2) NOT NULL,
  `valortotal` decimal(12,2) NOT NULL,
  `totaldescuentov` decimal(12,2) NOT NULL,
  `subtotalimpuestos` decimal(12,2) NOT NULL,
  `valorneto` decimal(12,2) NOT NULL,
  `tipodetalle` int(2) NOT NULL,
  `codsucursal` int(11) NOT NULL,
  PRIMARY KEY (`coddetallenota`)
) ENGINE=InnoDB DEFAULT CHARSET=utf8 COLLATE=utf8_general_ci;
                
# | Carga de datos de la tabla 'detallenotas'
# +-------------------------------------

# | Vaciado de tabla 'detallepedidos'
# +-------------------------------------
DROP TABLE IF EXISTS `detallepedidos`;


# | Estructura de la tabla 'detallepedidos'
# +-------------------------------------
CREATE TABLE `detallepedidos` (
  `coddetallepedido` int(11) NOT NULL AUTO_INCREMENT,
  `codpedido` varchar(20) CHARACTER SET utf8 COLLATE utf8_spanish_ci NOT NULL,
  `idproducto` int(11) NOT NULL,
  `codproducto` varchar(15) CHARACTER SET utf8 COLLATE utf8_spanish_ci NOT NULL,
  `producto` text CHARACTER SET utf8 COLLATE utf8_spanish_ci NOT NULL,
  `descripcion` text CHARACTER SET utf8 COLLATE utf8_spanish_ci NOT NULL,
  `imei` varchar(50) CHARACTER SET utf8 COLLATE utf8_spanish_ci NOT NULL,
  `condicion` varchar(50) CHARACTER SET utf8 COLLATE utf8_spanish_ci NOT NULL,
  `codmarca` int(11) NOT NULL,
  `codmodelo` int(11) NOT NULL,
  `codpresentacion` int(11) NOT NULL,
  `codcolor` int(11) NOT NULL,
  `cantidad` decimal(12,2) NOT NULL,
  `preciocompra` decimal(12,2) NOT NULL,
  `precioxmayor` decimal(12,2) NOT NULL,
  `precioxmenor` decimal(12,2) NOT NULL,
  `precioxpublico` decimal(12,2) NOT NULL,
  `posicionimpuesto` int(2) NOT NULL,
  `tipoimpuesto` varchar(30) CHARACTER SET utf8 COLLATE utf8_spanish_ci NOT NULL,
  `ivaproducto` decimal(12,2) NOT NULL,
  `descproducto` decimal(12,2) NOT NULL,
  `descfactura` decimal(12,2) NOT NULL,
  `valortotal` decimal(12,2) NOT NULL,
  `totaldescuentoc` decimal(12,2) NOT NULL,
  `subtotalimpuestos` decimal(12,2) NOT NULL,
  `valorneto` decimal(12,2) NOT NULL,
  `codsucursal` int(11) NOT NULL,
  PRIMARY KEY (`coddetallepedido`)
) ENGINE=InnoDB DEFAULT CHARSET=utf8 COLLATE=utf8_general_ci;
                
# | Carga de datos de la tabla 'detallepedidos'
# +-------------------------------------

# | Vaciado de tabla 'detallependientes'
# +-------------------------------------
DROP TABLE IF EXISTS `detallependientes`;


# | Estructura de la tabla 'detallependientes'
# +-------------------------------------
CREATE TABLE `detallependientes` (
  `coddetallependiente` int(11) NOT NULL AUTO_INCREMENT,
  `codpendiente` varchar(30) CHARACTER SET utf8 COLLATE utf8_spanish_ci NOT NULL,
  `idproducto` int(11) NOT NULL,
  `codproducto` varchar(15) CHARACTER SET utf8 COLLATE utf8_spanish_ci NOT NULL,
  `producto` text CHARACTER SET utf8 COLLATE utf8_spanish_ci NOT NULL,
  `descripcion` text CHARACTER SET utf8 COLLATE utf8_spanish_ci NOT NULL,
  `imei` varchar(50) CHARACTER SET utf8 COLLATE utf8_spanish_ci NOT NULL,
  `condicion` varchar(50) CHARACTER SET utf8 COLLATE utf8_spanish_ci NOT NULL,
  `codmarca` int(11) NOT NULL,
  `codmodelo` int(11) NOT NULL,
  `codpresentacion` int(11) NOT NULL,
  `codcolor` int(11) NOT NULL,
  `cantidad` decimal(12,2) NOT NULL,
  `preciocompra` decimal(12,2) NOT NULL,
  `precioventa` decimal(12,2) NOT NULL,
  `posicionimpuesto` int(2) NOT NULL,
  `tipoimpuesto` varchar(30) CHARACTER SET utf8 COLLATE utf8_spanish_ci NOT NULL,
  `ivaproducto` decimal(12,2) NOT NULL,
  `descproducto` decimal(12,2) NOT NULL,
  `valortotal` decimal(12,2) NOT NULL,
  `totaldescuentov` decimal(12,2) NOT NULL,
  `subtotalimpuestos` decimal(12,2) NOT NULL,
  `valorneto` decimal(12,2) NOT NULL,
  `valorneto2` decimal(12,2) NOT NULL,
  `tipodetalle` int(2) NOT NULL,
  `codsucursal` int(11) NOT NULL,
  PRIMARY KEY (`coddetallependiente`)
) ENGINE=InnoDB DEFAULT CHARSET=utf8 COLLATE=utf8_general_ci;
                
# | Carga de datos de la tabla 'detallependientes'
# +-------------------------------------

# | Vaciado de tabla 'detallepreventas'
# +-------------------------------------
DROP TABLE IF EXISTS `detallepreventas`;


# | Estructura de la tabla 'detallepreventas'
# +-------------------------------------
CREATE TABLE `detallepreventas` (
  `coddetallepreventa` int(11) NOT NULL AUTO_INCREMENT,
  `codpreventa` varchar(30) CHARACTER SET utf8 COLLATE utf8_spanish_ci NOT NULL,
  `idproducto` int(11) NOT NULL,
  `codproducto` varchar(15) CHARACTER SET utf8 COLLATE utf8_spanish_ci NOT NULL,
  `producto` text CHARACTER SET utf8 COLLATE utf8_spanish_ci NOT NULL,
  `descripcion` text CHARACTER SET utf8 COLLATE utf8_spanish_ci NOT NULL,
  `imei` varchar(50) CHARACTER SET utf8 COLLATE utf8_spanish_ci NOT NULL,
  `condicion` varchar(50) CHARACTER SET utf8 COLLATE utf8_spanish_ci NOT NULL,
  `codmarca` int(11) NOT NULL,
  `codmodelo` int(11) NOT NULL,
  `codpresentacion` int(11) NOT NULL,
  `codcolor` int(11) NOT NULL,
  `cantidad` decimal(12,2) NOT NULL,
  `preciocompra` decimal(12,2) NOT NULL,
  `precioventa` decimal(12,2) NOT NULL,
  `posicionimpuesto` int(2) NOT NULL,
  `tipoimpuesto` varchar(30) CHARACTER SET utf8 COLLATE utf8_spanish_ci NOT NULL,
  `ivaproducto` decimal(12,2) NOT NULL,
  `descproducto` decimal(12,2) NOT NULL,
  `valortotal` decimal(12,2) NOT NULL,
  `totaldescuentov` decimal(12,2) NOT NULL,
  `subtotalimpuestos` decimal(12,2) NOT NULL,
  `valorneto` decimal(12,2) NOT NULL,
  `valorneto2` decimal(12,2) NOT NULL,
  `tipodetalle` int(2) NOT NULL,
  `codsucursal` int(11) NOT NULL,
  PRIMARY KEY (`coddetallepreventa`)
) ENGINE=InnoDB DEFAULT CHARSET=utf8 COLLATE=utf8_general_ci;
                
# | Carga de datos de la tabla 'detallepreventas'
# +-------------------------------------

# | Vaciado de tabla 'detalletraspasos'
# +-------------------------------------
DROP TABLE IF EXISTS `detalletraspasos`;


# | Estructura de la tabla 'detalletraspasos'
# +-------------------------------------
CREATE TABLE `detalletraspasos` (
  `coddetalletraspaso` int(11) NOT NULL AUTO_INCREMENT,
  `codtraspaso` varchar(30) CHARACTER SET utf8 COLLATE utf8_spanish_ci NOT NULL,
  `idproducto` int(11) NOT NULL,
  `codproducto` varchar(15) CHARACTER SET utf8 COLLATE utf8_spanish_ci NOT NULL,
  `producto` text CHARACTER SET utf8 COLLATE utf8_spanish_ci NOT NULL,
  `descripcion` text CHARACTER SET utf8 COLLATE utf8_spanish_ci NOT NULL,
  `imei` varchar(50) CHARACTER SET utf8 COLLATE utf8_spanish_ci NOT NULL,
  `condicion` varchar(50) CHARACTER SET utf8 COLLATE utf8_spanish_ci NOT NULL,
  `codmarca` int(11) NOT NULL,
  `codmodelo` int(11) NOT NULL,
  `codpresentacion` int(11) NOT NULL,
  `codcolor` int(11) NOT NULL,
  `cantidad` decimal(12,2) NOT NULL,
  `preciocompra` decimal(12,2) NOT NULL,
  `precioventa` decimal(12,2) NOT NULL,
  `posicionimpuesto` int(2) NOT NULL,
  `tipoimpuesto` varchar(30) CHARACTER SET utf8 COLLATE utf8_spanish_ci NOT NULL,
  `ivaproducto` decimal(12,2) NOT NULL,
  `descproducto` decimal(12,2) NOT NULL,
  `valortotal` decimal(12,2) NOT NULL,
  `totaldescuentov` decimal(12,2) NOT NULL,
  `subtotalimpuestos` decimal(12,2) NOT NULL,
  `valorneto` decimal(12,2) NOT NULL,
  `valorneto2` decimal(12,2) NOT NULL,
  `tipodetalle` int(2) NOT NULL,
  `codsucursal` int(1) NOT NULL,
  PRIMARY KEY (`coddetalletraspaso`)
) ENGINE=InnoDB DEFAULT CHARSET=utf8 COLLATE=utf8_general_ci;
                
# | Carga de datos de la tabla 'detalletraspasos'
# +-------------------------------------

# | Vaciado de tabla 'detalleventas'
# +-------------------------------------
DROP TABLE IF EXISTS `detalleventas`;


# | Estructura de la tabla 'detalleventas'
# +-------------------------------------
CREATE TABLE `detalleventas` (
  `coddetalleventa` int(11) NOT NULL AUTO_INCREMENT,
  `codventa` varchar(30) CHARACTER SET utf8 COLLATE utf8_spanish_ci NOT NULL,
  `idproducto` int(11) NOT NULL,
  `codproducto` varchar(15) CHARACTER SET utf8 COLLATE utf8_spanish_ci NOT NULL,
  `producto` text CHARACTER SET utf8 COLLATE utf8_spanish_ci NOT NULL,
  `descripcion` text CHARACTER SET utf8 COLLATE utf8_spanish_ci NOT NULL,
  `imei` varchar(50) CHARACTER SET utf8 COLLATE utf8_spanish_ci NOT NULL,
  `condicion` varchar(50) CHARACTER SET utf8 COLLATE utf8_spanish_ci NOT NULL,
  `codmarca` int(11) NOT NULL,
  `codmodelo` int(11) NOT NULL,
  `codpresentacion` int(11) NOT NULL,
  `codcolor` int(11) NOT NULL,
  `cantidad` decimal(12,2) NOT NULL,
  `preciocompra` decimal(12,2) NOT NULL,
  `precioventa` decimal(12,2) NOT NULL,
  `posicionimpuesto` int(2) NOT NULL,
  `tipoimpuesto` varchar(30) CHARACTER SET utf8 COLLATE utf8_spanish_ci NOT NULL,
  `ivaproducto` decimal(12,2) NOT NULL,
  `descproducto` decimal(12,2) NOT NULL,
  `valortotal` decimal(12,2) NOT NULL,
  `totaldescuentov` decimal(12,2) NOT NULL,
  `subtotalimpuestos` decimal(12,2) NOT NULL,
  `valorneto` decimal(12,2) NOT NULL,
  `valorneto2` decimal(12,2) NOT NULL,
  `tipodetalle` int(2) NOT NULL,
  `codsucursal` int(11) NOT NULL,
  PRIMARY KEY (`coddetalleventa`)
) ENGINE=InnoDB DEFAULT CHARSET=utf8 COLLATE=utf8_general_ci;
                
# | Carga de datos de la tabla 'detalleventas'
# +-------------------------------------

# | Vaciado de tabla 'documentos'
# +-------------------------------------
DROP TABLE IF EXISTS `documentos`;


# | Estructura de la tabla 'documentos'
# +-------------------------------------
CREATE TABLE `documentos` (
  `coddocumento` int(11) NOT NULL AUTO_INCREMENT,
  `documento` varchar(50) CHARACTER SET utf8 COLLATE utf8_spanish_ci NOT NULL,
  `descripcion` text CHARACTER SET utf8 COLLATE utf8_spanish_ci NOT NULL,
  PRIMARY KEY (`coddocumento`)
) ENGINE=InnoDB AUTO_INCREMENT=18 DEFAULT CHARSET=utf8 COLLATE=utf8_general_ci;
                
# | Carga de datos de la tabla 'documentos'
# +-------------------------------------

COMMIT;
INSERT IGNORE INTO `documentos` (`coddocumento`, `documento`, `descripcion`) VALUES 
      ('1', 'RUC', 'REGISTRO UNICO DE CONTRIBUYENTES'), 
      ('2', 'RUT', 'REGISTRO UNICO TRIBUTARIO'), 
      ('3', 'RIF', 'REGISTRO DE INFORMACION FISCAL'), 
      ('4', 'RFC', 'REGISTRO FEDERAL DE CONTRIBUYENTES'), 
      ('5', 'RTN', 'REGISTRO TRIBUTARIO NACIONAL'), 
      ('6', 'RTU', 'REGISTRO TRIBUTARIO UNIFICADO'), 
      ('7', 'RNC', 'REGISTRO NACIONAL DEL CONTRIBUYENTE'), 
      ('8', 'NIF', 'NUMERO DE IDENTIFICACION FISCAL'), 
      ('9', 'NIT', 'NUMERO DE IDENTIFICACION TRIBUTARIA'), 
      ('10', 'NITE', 'NUMERO DE IDENTIFICACION TRIBUTARIA ESPECIAL'), 
      ('11', 'DNI', 'DOCUMENTO NACIONAL DE IDENTIDAD'), 
      ('12', 'CUIL', 'CODIGO UNICO DE IDENTIFICACION LABORAL'), 
      ('13', 'CUIT', 'CODIGO UNICO DE IDENTIFICACION TRIBUTARIA'), 
      ('14', 'REGISTRO CIVIL', 'REGISTRO CIVIL'), 
      ('15', 'TARJ. DE IDENTIDAD', 'TARJETA DE IDENTIDAD'), 
      ('16', 'CI', 'CI EXTRANJERA'), 
      ('17', 'PASAPORTE', 'PASAPORTE');
COMMIT;

# | Vaciado de tabla 'familias'
# +-------------------------------------
DROP TABLE IF EXISTS `familias`;


# | Estructura de la tabla 'familias'
# +-------------------------------------
CREATE TABLE `familias` (
  `codfamilia` int(11) NOT NULL AUTO_INCREMENT,
  `nomfamilia` varchar(80) CHARACTER SET utf8 COLLATE utf8_spanish_ci NOT NULL,
  `codsucursal` int(11) NOT NULL,
  PRIMARY KEY (`codfamilia`)
) ENGINE=InnoDB AUTO_INCREMENT=15 DEFAULT CHARSET=utf8 COLLATE=utf8_general_ci;
                
# | Carga de datos de la tabla 'familias'
# +-------------------------------------

COMMIT;
INSERT IGNORE INTO `familias` (`codfamilia`, `nomfamilia`, `codsucursal`) VALUES 
      ('1', 'ACEITES', '1'), 
      ('2', 'SISTEMA ELECTRICO', '1'), 
      ('3', 'MOTOR', '1'), 
      ('4', 'SUSPENSION Y DIRECCION', '1'), 
      ('5', 'CHASIS', '1'), 
      ('6', 'EMBRAGUE-CAMBIO', '1'), 
      ('7', 'FRENOS', '1'), 
      ('8', 'CARBURADOR', '1'), 
      ('9', 'RETENES', '1'), 
      ('10', 'RESORTES', '1'), 
      ('11', 'MECANISMO DE ARRANQUE', '1'), 
      ('12', 'VARIOS', '1'), 
      ('13', 'CELULARES', '1'), 
      ('14', 'FILTROS', '1');
COMMIT;

# | Vaciado de tabla 'imei'
# +-------------------------------------
DROP TABLE IF EXISTS `imei`;


# | Estructura de la tabla 'imei'
# +-------------------------------------
CREATE TABLE `imei` (
  `codimei` int(11) NOT NULL AUTO_INCREMENT,
  `numeroimei` varchar(20) CHARACTER SET utf8 COLLATE utf8_spanish_ci NOT NULL,
  `observaciones` text CHARACTER SET utf8 COLLATE utf8_spanish_ci NOT NULL,
  `estadoimei` int(2) NOT NULL,
  `codsucursal` int(11) NOT NULL,
  PRIMARY KEY (`codimei`)
) ENGINE=InnoDB AUTO_INCREMENT=6 DEFAULT CHARSET=utf8 COLLATE=utf8_unicode_ci;
                
# | Carga de datos de la tabla 'imei'
# +-------------------------------------

COMMIT;
INSERT IGNORE INTO `imei` (`codimei`, `numeroimei`, `observaciones`, `estadoimei`, `codsucursal`) VALUES 
      ('1', '145288569856552477', '', '1', '1'), 
      ('2', '44438762233066667', '', '1', '1'), 
      ('3', '1111256666332155', '', '1', '1'), 
      ('4', '1111252666632155', '', '1', '1'), 
      ('5', '1458745236589685', '', '1', '1');
COMMIT;

# | Vaciado de tabla 'impuestos'
# +-------------------------------------
DROP TABLE IF EXISTS `impuestos`;


# | Estructura de la tabla 'impuestos'
# +-------------------------------------
CREATE TABLE `impuestos` (
  `codimpuesto` int(11) NOT NULL AUTO_INCREMENT,
  `nomimpuesto` varchar(35) CHARACTER SET utf8 COLLATE utf8_spanish_ci NOT NULL,
  `valorimpuesto` decimal(12,2) NOT NULL,
  `posicionimpuesto` int(2) NOT NULL,
  `statusimpuesto` int(2) NOT NULL,
  `fechaimpuesto` date NOT NULL,
  `codsucursal` int(11) NOT NULL,
  PRIMARY KEY (`codimpuesto`)
) ENGINE=InnoDB AUTO_INCREMENT=2 DEFAULT CHARSET=utf8 COLLATE=utf8_general_ci;
                
# | Carga de datos de la tabla 'impuestos'
# +-------------------------------------

COMMIT;
INSERT IGNORE INTO `impuestos` (`codimpuesto`, `nomimpuesto`, `valorimpuesto`, `posicionimpuesto`, `statusimpuesto`, `fechaimpuesto`, `codsucursal`) VALUES 
      ('1', 'IVA', '18.00', '0', '1', '2024-09-27', '1');
COMMIT;

# | Vaciado de tabla 'kardex'
# +-------------------------------------
DROP TABLE IF EXISTS `kardex`;


# | Estructura de la tabla 'kardex'
# +-------------------------------------
CREATE TABLE `kardex` (
  `codkardex` int(11) NOT NULL AUTO_INCREMENT,
  `codproceso` varchar(30) CHARACTER SET utf8 COLLATE utf8_spanish_ci NOT NULL,
  `codresponsable` varchar(30) CHARACTER SET utf8 COLLATE utf8_spanish_ci NOT NULL,
  `codproducto` varchar(15) CHARACTER SET utf8 COLLATE utf8_spanish_ci NOT NULL,
  `movimiento` varchar(35) CHARACTER SET utf8 COLLATE utf8_spanish_ci NOT NULL,
  `entradas` decimal(12,2) NOT NULL,
  `salidas` decimal(12,2) NOT NULL,
  `devolucion` decimal(12,2) NOT NULL,
  `stockactual` decimal(12,2) NOT NULL,
  `ivaproducto` varchar(30) CHARACTER SET utf8 COLLATE utf8_spanish_ci NOT NULL,
  `descproducto` decimal(12,2) NOT NULL,
  `precio` decimal(12,2) NOT NULL,
  `documento` text CHARACTER SET utf8 COLLATE utf8_spanish_ci NOT NULL,
  `fechakardex` datetime NOT NULL,
  `tipokardex` int(2) NOT NULL,
  `procedimiento` int(2) NOT NULL,
  `codsucursal` int(11) NOT NULL,
  `codigo` int(11) NOT NULL,
  PRIMARY KEY (`codkardex`)
) ENGINE=InnoDB AUTO_INCREMENT=38 DEFAULT CHARSET=utf8 COLLATE=utf8_general_ci;
                
# | Carga de datos de la tabla 'kardex'
# +-------------------------------------

COMMIT;
INSERT IGNORE INTO `kardex` (`codkardex`, `codproceso`, `codresponsable`, `codproducto`, `movimiento`, `entradas`, `salidas`, `devolucion`, `stockactual`, `ivaproducto`, `descproducto`, `precio`, `documento`, `fechakardex`, `tipokardex`, `procedimiento`, `codsucursal`, `codigo`) VALUES 
      ('1', '1', '0', '1', 'ENTRADAS', '88.00', '0.00', '0.00', '88.00', 'EXENTO', '0.00', '0.00', 'INVENTARIO INICIAL', '2024-10-21 18:17:11', '1', '1', '1', '2'), 
      ('2', '2', '0', '2', 'ENTRADAS', '191.00', '0.00', '0.00', '191.00', 'EXENTO', '0.00', '0.00', 'INVENTARIO INICIAL', '2024-10-21 18:17:11', '1', '1', '1', '2'), 
      ('3', '3', '0', '3', 'ENTRADAS', '75.00', '0.00', '0.00', '75.00', 'EXENTO', '7.00', '0.00', 'INVENTARIO INICIAL', '2024-10-21 18:17:11', '1', '1', '1', '2'), 
      ('4', '4', '0', '4', 'ENTRADAS', '35.00', '0.00', '0.00', '35.00', 'EXENTO', '0.00', '0.00', 'INVENTARIO INICIAL', '2024-10-21 18:17:11', '1', '1', '1', '2'), 
      ('5', '5', '0', '5', 'ENTRADAS', '46.00', '0.00', '0.00', '46.00', 'IVA (18.00 %)', '0.00', '0.00', 'INVENTARIO INICIAL', '2024-10-21 18:17:11', '1', '1', '1', '2'), 
      ('6', '6', '0', '6', 'ENTRADAS', '90.00', '0.00', '0.00', '90.00', 'IVA (18.00 %)', '0.00', '0.00', 'INVENTARIO INICIAL', '2024-10-21 18:17:11', '1', '1', '1', '2'), 
      ('7', '7', '0', '7', 'ENTRADAS', '107.00', '0.00', '0.00', '107.00', 'IVA (18.00 %)', '0.00', '0.00', 'INVENTARIO INICIAL', '2024-10-21 18:17:11', '1', '1', '1', '2'), 
      ('8', '8', '0', '8', 'ENTRADAS', '154.00', '0.00', '0.00', '154.00', 'IVA (18.00 %)', '0.00', '0.00', 'INVENTARIO INICIAL', '2024-10-21 18:17:11', '1', '1', '1', '2'), 
      ('9', '9', '0', '9', 'ENTRADAS', '99.00', '0.00', '0.00', '99.00', 'IVA (18.00 %)', '0.00', '0.00', 'INVENTARIO INICIAL', '2024-10-21 18:17:11', '1', '1', '1', '2'), 
      ('10', '10', '0', '10', 'ENTRADAS', '76.00', '0.00', '0.00', '76.00', 'IVA (18.00 %)', '0.00', '0.00', 'INVENTARIO INICIAL', '2024-10-21 18:17:11', '1', '1', '1', '2'), 
      ('11', '11', '0', '11', 'ENTRADAS', '53.00', '0.00', '0.00', '53.00', 'IVA (18.00 %)', '0.00', '0.00', 'INVENTARIO INICIAL', '2024-10-21 18:17:11', '1', '1', '1', '2'), 
      ('12', '12', '0', '12', 'ENTRADAS', '56.00', '0.00', '0.00', '56.00', 'IVA (18.00 %)', '0.00', '0.00', 'INVENTARIO INICIAL', '2024-10-21 18:17:11', '1', '1', '1', '2'), 
      ('13', '13', '0', '13', 'ENTRADAS', '32.00', '0.00', '0.00', '32.00', 'IVA (18.00 %)', '0.00', '0.00', 'INVENTARIO INICIAL', '2024-10-21 18:17:11', '1', '1', '1', '2'), 
      ('14', '14', '0', '14', 'ENTRADAS', '53.00', '0.00', '0.00', '53.00', 'IVA (18.00 %)', '0.00', '0.00', 'INVENTARIO INICIAL', '2024-10-21 18:17:11', '1', '1', '1', '2'), 
      ('15', '15', '0', '15', 'ENTRADAS', '97.00', '0.00', '0.00', '97.00', 'IVA (18.00 %)', '0.00', '0.00', 'INVENTARIO INICIAL', '2024-10-21 18:17:11', '1', '1', '1', '2'), 
      ('16', '16', '0', '16', 'ENTRADAS', '47.00', '0.00', '0.00', '47.00', 'IVA (18.00 %)', '0.00', '0.00', 'INVENTARIO INICIAL', '2024-10-21 18:17:11', '1', '1', '1', '2'), 
      ('17', '17', '0', '17', 'ENTRADAS', '27.00', '0.00', '0.00', '27.00', 'IVA (18.00 %)', '0.00', '0.00', 'INVENTARIO INICIAL', '2024-10-21 18:17:11', '1', '1', '1', '2'), 
      ('18', '18', '0', '18', 'ENTRADAS', '50.00', '0.00', '0.00', '50.00', 'IVA (18.00 %)', '0.00', '0.00', 'INVENTARIO INICIAL', '2024-10-21 18:17:11', '1', '1', '1', '2'), 
      ('19', '19', '0', '19', 'ENTRADAS', '80.00', '0.00', '0.00', '80.00', 'IVA (18.00 %)', '0.00', '0.00', 'INVENTARIO INICIAL', '2024-10-21 18:17:11', '1', '1', '1', '2'), 
      ('20', '20', '0', '20', 'ENTRADAS', '55.00', '0.00', '0.00', '55.00', 'IVA (18.00 %)', '0.00', '0.00', 'INVENTARIO INICIAL', '2024-10-21 18:17:11', '1', '1', '1', '2'), 
      ('21', '21', '0', '21', 'ENTRADAS', '43.00', '0.00', '0.00', '43.00', 'IVA (18.00 %)', '0.00', '0.00', 'INVENTARIO INICIAL', '2024-10-21 18:17:11', '1', '1', '1', '2'), 
      ('22', '22', '0', '22', 'ENTRADAS', '43.00', '0.00', '0.00', '43.00', 'IVA (18.00 %)', '0.00', '0.00', 'INVENTARIO INICIAL', '2024-10-21 18:17:11', '1', '1', '1', '2'), 
      ('23', '23', '0', '23', 'ENTRADAS', '30.00', '0.00', '0.00', '30.00', 'IVA (18.00 %)', '0.00', '0.00', 'INVENTARIO INICIAL', '2024-10-21 18:17:11', '1', '1', '1', '2'), 
      ('24', '24', '0', '24', 'ENTRADAS', '44.00', '0.00', '0.00', '44.00', 'IVA (18.00 %)', '0.00', '0.00', 'INVENTARIO INICIAL', '2024-10-21 18:17:11', '1', '1', '1', '2'), 
      ('25', '25', '0', '25', 'ENTRADAS', '50.00', '0.00', '0.00', '50.00', 'IVA (18.00 %)', '0.00', '0.00', 'INVENTARIO INICIAL', '2024-10-21 18:17:11', '1', '1', '1', '2'), 
      ('26', '26', '0', '26', 'ENTRADAS', '17.00', '0.00', '0.00', '17.00', 'IVA (18.00 %)', '0.00', '0.00', 'INVENTARIO INICIAL', '2024-10-21 18:17:11', '1', '1', '1', '2'), 
      ('27', '27', '0', '27', 'ENTRADAS', '15.00', '0.00', '0.00', '15.00', 'IVA (18.00 %)', '0.00', '0.00', 'INVENTARIO INICIAL', '2024-10-21 18:17:11', '1', '1', '1', '2'), 
      ('28', '28', '0', '28', 'ENTRADAS', '25.00', '0.00', '0.00', '25.00', 'IVA (18.00 %)', '0.00', '0.00', 'INVENTARIO INICIAL', '2024-10-21 18:17:11', '1', '1', '1', '2'), 
      ('29', '29', '0', '29', 'ENTRADAS', '83.00', '0.00', '0.00', '83.00', 'IVA (18.00 %)', '0.00', '0.00', 'INVENTARIO INICIAL', '2024-10-21 18:17:11', '1', '1', '1', '2'), 
      ('30', '30', '0', '30', 'ENTRADAS', '44.00', '0.00', '0.00', '44.00', 'IVA (18.00 %)', '0.00', '0.00', 'INVENTARIO INICIAL', '2024-10-21 18:17:11', '1', '1', '1', '2'), 
      ('31', '31', '0', '31', 'ENTRADAS', '15.00', '0.00', '0.00', '15.00', 'IVA (18.00 %)', '0.00', '0.00', 'INVENTARIO INICIAL', '2024-10-21 18:17:11', '1', '1', '1', '2'), 
      ('32', '32', '0', '32', 'ENTRADAS', '22.00', '0.00', '0.00', '22.00', 'IVA (18.00 %)', '0.00', '0.00', 'INVENTARIO INICIAL', '2024-10-21 18:17:11', '1', '1', '1', '2'), 
      ('33', '33', '0', '33', 'ENTRADAS', '52.00', '0.00', '0.00', '52.00', 'IVA (18.00 %)', '0.00', '0.00', 'INVENTARIO INICIAL', '2024-10-21 18:17:11', '1', '1', '1', '2'), 
      ('34', '34', '0', '34', 'ENTRADAS', '22.00', '0.00', '0.00', '22.00', 'IVA (18.00 %)', '0.00', '0.00', 'INVENTARIO INICIAL', '2024-10-21 18:17:11', '1', '1', '1', '2'), 
      ('35', '35', '0', '35', 'ENTRADAS', '54.00', '0.00', '0.00', '54.00', 'IVA (18.00 %)', '0.00', '0.00', 'INVENTARIO INICIAL', '2024-10-21 18:17:11', '1', '1', '1', '2'), 
      ('36', '36', '0', '36', 'ENTRADAS', '25.00', '0.00', '0.00', '25.00', 'IVA (18.00 %)', '0.00', '0.00', 'INVENTARIO INICIAL', '2024-10-21 18:17:11', '1', '1', '1', '2'), 
      ('37', '37', '0', '37', 'ENTRADAS', '58.00', '0.00', '0.00', '58.00', 'IVA (18.00 %)', '0.00', '0.00', 'INVENTARIO INICIAL', '2024-10-21 18:17:11', '1', '1', '1', '2');
COMMIT;

# | Vaciado de tabla 'log'
# +-------------------------------------
DROP TABLE IF EXISTS `log`;


# | Estructura de la tabla 'log'
# +-------------------------------------
CREATE TABLE `log` (
  `id` int(11) NOT NULL AUTO_INCREMENT,
  `ip` varchar(20) CHARACTER SET utf8 COLLATE utf8_spanish_ci DEFAULT NULL,
  `tiempo` datetime DEFAULT NULL,
  `detalles` text CHARACTER SET utf8 COLLATE utf8_spanish_ci DEFAULT NULL,
  `paginas` text CHARACTER SET utf8 COLLATE utf8_spanish_ci DEFAULT NULL,
  `usuario` varchar(100) CHARACTER SET utf8 COLLATE utf8_spanish_ci DEFAULT NULL,
  `codsucursal` int(11) NOT NULL,
  PRIMARY KEY (`id`)
) ENGINE=InnoDB AUTO_INCREMENT=2 DEFAULT CHARSET=utf8 COLLATE=utf8_general_ci;
                
# | Carga de datos de la tabla 'log'
# +-------------------------------------

COMMIT;
INSERT IGNORE INTO `log` (`id`, `ip`, `tiempo`, `detalles`, `paginas`, `usuario`, `codsucursal`) VALUES 
      ('1', '::1', '2024-12-10 17:27:50', 'Mozilla/5.0 (Windows NT 10.0; Win64; x64) AppleWebKit/537.36 (KHTML, like Gecko) Chrome/131.0.0.0 Safari/537.36', '/ventas/index.php', 'MOISESCHIRINOS', '1');
COMMIT;

# | Vaciado de tabla 'marcas'
# +-------------------------------------
DROP TABLE IF EXISTS `marcas`;


# | Estructura de la tabla 'marcas'
# +-------------------------------------
CREATE TABLE `marcas` (
  `codmarca` int(11) NOT NULL AUTO_INCREMENT,
  `nommarca` varchar(80) CHARACTER SET utf8 COLLATE utf8_spanish_ci NOT NULL,
  `codsucursal` int(11) NOT NULL,
  PRIMARY KEY (`codmarca`)
) ENGINE=InnoDB AUTO_INCREMENT=17 DEFAULT CHARSET=utf8 COLLATE=utf8_general_ci;
                
# | Carga de datos de la tabla 'marcas'
# +-------------------------------------

COMMIT;
INSERT IGNORE INTO `marcas` (`codmarca`, `nommarca`, `codsucursal`) VALUES 
      ('1', 'ATMAK', '1'), 
      ('2', 'BAJAJ', '1'), 
      ('3', 'ENDURANCE', '1'), 
      ('4', 'LUMAX', '1'), 
      ('5', 'MRP', '1'), 
      ('6', 'VARROC', '1'), 
      ('7', 'TECNO', '1'), 
      ('8', 'SAMSUNG', '1'), 
      ('9', 'APPLE', '1'), 
      ('10', 'XIAOMI', '1'), 
      ('11', 'OPPO', '1'), 
      ('12', 'MOTOROLA', '1'), 
      ('13', 'HUAWEI', '1'), 
      ('14', 'REALME', '1'), 
      ('15', 'HONOR', '1'), 
      ('16', 'ALCATEL', '1');
COMMIT;

# | Vaciado de tabla 'mediospagos'
# +-------------------------------------
DROP TABLE IF EXISTS `mediospagos`;


# | Estructura de la tabla 'mediospagos'
# +-------------------------------------
CREATE TABLE `mediospagos` (
  `codmediopago` int(11) NOT NULL AUTO_INCREMENT,
  `mediopago` varchar(50) CHARACTER SET utf8 COLLATE utf8_spanish_ci NOT NULL,
  `codsucursal` int(11) NOT NULL,
  PRIMARY KEY (`codmediopago`)
) ENGINE=InnoDB AUTO_INCREMENT=5 DEFAULT CHARSET=utf8 COLLATE=utf8_general_ci;
                
# | Carga de datos de la tabla 'mediospagos'
# +-------------------------------------

COMMIT;
INSERT IGNORE INTO `mediospagos` (`codmediopago`, `mediopago`, `codsucursal`) VALUES 
      ('1', 'EFECTIVO', '1'), 
      ('2', 'TARJETA DE DBITO', '1'), 
      ('3', 'TARJETA DE CRDITO', '1'), 
      ('4', 'TRANSFERENCIA', '1');
COMMIT;

# | Vaciado de tabla 'mediospagoxventas'
# +-------------------------------------
DROP TABLE IF EXISTS `mediospagoxventas`;


# | Estructura de la tabla 'mediospagoxventas'
# +-------------------------------------
CREATE TABLE `mediospagoxventas` (
  `idpago` int(11) NOT NULL AUTO_INCREMENT,
  `codarqueo` int(11) NOT NULL,
  `codcaja` int(11) NOT NULL,
  `codventa` varchar(30) CHARACTER SET utf8 COLLATE utf8_spanish_ci NOT NULL,
  `codmediopago` int(11) NOT NULL,
  `montopagado` decimal(12,2) NOT NULL,
  `montodevuelto` decimal(12,2) NOT NULL,
  PRIMARY KEY (`idpago`)
) ENGINE=InnoDB DEFAULT CHARSET=utf8 COLLATE=utf8_general_ci;
                
# | Carga de datos de la tabla 'mediospagoxventas'
# +-------------------------------------

# | Vaciado de tabla 'modelos'
# +-------------------------------------
DROP TABLE IF EXISTS `modelos`;


# | Estructura de la tabla 'modelos'
# +-------------------------------------
CREATE TABLE `modelos` (
  `codmodelo` int(11) NOT NULL AUTO_INCREMENT,
  `nommodelo` varchar(80) CHARACTER SET utf8 COLLATE utf8_spanish_ci NOT NULL,
  `codmarca` int(11) NOT NULL,
  `codsucursal` int(11) NOT NULL,
  PRIMARY KEY (`codmodelo`)
) ENGINE=InnoDB AUTO_INCREMENT=49 DEFAULT CHARSET=utf8 COLLATE=utf8_general_ci;
                
# | Carga de datos de la tabla 'modelos'
# +-------------------------------------

COMMIT;
INSERT IGNORE INTO `modelos` (`codmodelo`, `nommodelo`, `codmarca`, `codsucursal`) VALUES 
      ('1', 'REFL', '6', '1'), 
      ('2', 'RE175', '6', '1'), 
      ('3', 'RE175', '3', '1'), 
      ('4', 'RE2T', '6', '1'), 
      ('5', 'RE205', '6', '1'), 
      ('6', 'RE4T', '6', '1'), 
      ('7', 'FL', '6', '1'), 
      ('8', 'TVS KING', '6', '1'), 
      ('10', 'RE2T', '3', '1'), 
      ('11', 'RE4T', '3', '1'), 
      ('12', 'PULSAR', '3', '1'), 
      ('13', 'PULSAR 220', '3', '1'), 
      ('14', 'RE205', '3', '1'), 
      ('15', 'REFL', '3', '1'), 
      ('16', 'FL', '3', '1'), 
      ('17', 'RE05', '3', '1'), 
      ('18', 'RE2T', '5', '1'), 
      ('19', 'RE4T', '5', '1'), 
      ('20', 'RE205', '5', '1'), 
      ('21', 'REFL', '5', '1'), 
      ('22', 'FL', '5', '1'), 
      ('23', 'RE05', '5', '1'), 
      ('24', 'RE3T', '5', '1'), 
      ('25', 'RE175', '5', '1'), 
      ('26', 'RE175', '1', '1'), 
      ('27', 'RE2T', '1', '1'), 
      ('28', 'RE4T', '1', '1'), 
      ('29', 'RE205(2012)', '1', '1'), 
      ('30', 'RE205', '1', '1'), 
      ('31', 'REFL', '1', '1'), 
      ('32', 'FL', '1', '1'), 
      ('33', 'RE05', '1', '1'), 
      ('34', 'RE2T', '4', '1'), 
      ('35', 'RE4T', '4', '1'), 
      ('36', 'RE205', '4', '1'), 
      ('37', 'REFL', '4', '1'), 
      ('38', 'FL', '4', '1'), 
      ('39', 'RE05', '4', '1'), 
      ('40', 'RE3T', '4', '1'), 
      ('41', 'RE175', '4', '1'), 
      ('42', 'TECNO CH7N', '7', '1'), 
      ('43', 'IPHONE 11', '9', '1'), 
      ('44', 'IPHONE 12', '9', '1'), 
      ('45', 'SE (2020)', '9', '1'), 
      ('46', '1 DUAL SIM', '16', '1'), 
      ('47', 'S10E DUOS', '8', '1'), 
      ('48', 'ZFLIP3', '8', '1');
COMMIT;

# | Vaciado de tabla 'movimientoscajas'
# +-------------------------------------
DROP TABLE IF EXISTS `movimientoscajas`;


# | Estructura de la tabla 'movimientoscajas'
# +-------------------------------------
CREATE TABLE `movimientoscajas` (
  `codmovimiento` int(11) NOT NULL AUTO_INCREMENT,
  `tipodocumento` varchar(30) CHARACTER SET utf8 COLLATE utf8_spanish_ci NOT NULL,
  `numero` varchar(10) CHARACTER SET utf8 COLLATE utf8_spanish_ci NOT NULL,
  `codarqueo` int(11) NOT NULL,
  `codcaja` int(11) NOT NULL,
  `tipomovimiento` varchar(10) CHARACTER SET utf8 COLLATE utf8_spanish_ci NOT NULL,
  `codmediopago` int(11) NOT NULL,
  `montomovimiento` decimal(12,2) NOT NULL,
  `descripcionmovimiento` text CHARACTER SET utf8 COLLATE utf8_spanish_ci NOT NULL,
  `fechamovimiento` datetime NOT NULL,
  `codsucursal` int(11) NOT NULL,
  PRIMARY KEY (`codmovimiento`)
) ENGINE=InnoDB DEFAULT CHARSET=utf8 COLLATE=utf8_general_ci;
                
# | Carga de datos de la tabla 'movimientoscajas'
# +-------------------------------------

# | Vaciado de tabla 'notascredito'
# +-------------------------------------
DROP TABLE IF EXISTS `notascredito`;


# | Estructura de la tabla 'notascredito'
# +-------------------------------------
CREATE TABLE `notascredito` (
  `idnota` int(11) NOT NULL AUTO_INCREMENT,
  `codcaja` int(11) NOT NULL,
  `codnota` varchar(30) CHARACTER SET utf8 COLLATE utf8_spanish_ci NOT NULL,
  `tipodocumento` varchar(30) CHARACTER SET utf8 COLLATE utf8_spanish_ci NOT NULL,
  `codfactura` varchar(30) CHARACTER SET utf8 COLLATE utf8_spanish_ci NOT NULL,
  `tipofacturaventa` varchar(30) CHARACTER SET utf8 COLLATE utf8_spanish_ci NOT NULL,
  `facturaventa` varchar(30) CHARACTER SET utf8 COLLATE utf8_spanish_ci NOT NULL,
  `codcliente` varchar(30) CHARACTER SET utf8 COLLATE utf8_spanish_ci NOT NULL,
  `exonerado` int(2) NOT NULL,
  `subtotal` decimal(12,2) NOT NULL,
  `subtotalexento` decimal(12,2) NOT NULL,
  `subtotaliva` decimal(12,2) NOT NULL,
  `iva` decimal(12,2) NOT NULL,
  `totaliva` decimal(12,2) NOT NULL,
  `descontado` decimal(12,2) NOT NULL,
  `descuento` decimal(12,2) NOT NULL,
  `totaldescuento` decimal(12,2) NOT NULL,
  `totalpago` decimal(12,2) NOT NULL,
  `fechanota` datetime NOT NULL,
  `observaciones` text CHARACTER SET utf8 COLLATE utf8_spanish_ci NOT NULL,
  `estado` int(2) NOT NULL,
  `codigo` int(11) NOT NULL,
  `codsucursal` int(11) NOT NULL,
  PRIMARY KEY (`idnota`)
) ENGINE=InnoDB DEFAULT CHARSET=utf8 COLLATE=utf8_general_ci;
                
# | Carga de datos de la tabla 'notascredito'
# +-------------------------------------

# | Vaciado de tabla 'origenes'
# +-------------------------------------
DROP TABLE IF EXISTS `origenes`;


# | Estructura de la tabla 'origenes'
# +-------------------------------------
CREATE TABLE `origenes` (
  `codorigen` int(11) NOT NULL AUTO_INCREMENT,
  `nomorigen` varchar(80) CHARACTER SET utf8 COLLATE utf8_spanish_ci NOT NULL,
  `codsucursal` int(11) NOT NULL,
  PRIMARY KEY (`codorigen`)
) ENGINE=InnoDB AUTO_INCREMENT=10 DEFAULT CHARSET=utf8 COLLATE=utf8_general_ci;
                
# | Carga de datos de la tabla 'origenes'
# +-------------------------------------

COMMIT;
INSERT IGNORE INTO `origenes` (`codorigen`, `nomorigen`, `codsucursal`) VALUES 
      ('1', 'JAPONES', '1'), 
      ('2', 'KOREANO', '1'), 
      ('3', 'CHINO', '1'), 
      ('4', 'TAIWANES', '1'), 
      ('5', 'AMERICANO', '1'), 
      ('6', 'BRASILEO', '1'), 
      ('7', 'INDIO', '1'), 
      ('8', 'CHILENO', '1'), 
      ('9', 'FRANCES', '1');
COMMIT;

# | Vaciado de tabla 'pedidos'
# +-------------------------------------
DROP TABLE IF EXISTS `pedidos`;


# | Estructura de la tabla 'pedidos'
# +-------------------------------------
CREATE TABLE `pedidos` (
  `idpedido` int(11) NOT NULL AUTO_INCREMENT,
  `codpedido` varchar(30) CHARACTER SET utf8 COLLATE utf8_spanish_ci NOT NULL,
  `codfactura` varchar(30) CHARACTER SET utf8 COLLATE utf8_spanish_ci NOT NULL,
  `codproveedor` varchar(30) CHARACTER SET utf8 COLLATE utf8_spanish_ci NOT NULL,
  `subtotal` decimal(12,2) NOT NULL,
  `subtotalexento` decimal(12,2) NOT NULL,
  `subtotaliva` decimal(12,2) NOT NULL,
  `iva` decimal(12,2) NOT NULL,
  `totaliva` decimal(12,2) NOT NULL,
  `descontado` decimal(12,2) NOT NULL,
  `descuento` decimal(12,2) NOT NULL,
  `totaldescuento` decimal(12,2) NOT NULL,
  `totalpago` decimal(12,2) NOT NULL,
  `observaciones` text CHARACTER SET utf8 COLLATE utf8_spanish_ci NOT NULL,
  `fechapedido` datetime NOT NULL,
  `procesada` varchar(2) CHARACTER SET utf8 COLLATE utf8_spanish_ci NOT NULL,
  `codigo` int(11) NOT NULL,
  `codsucursal` int(11) NOT NULL,
  PRIMARY KEY (`idpedido`)
) ENGINE=InnoDB DEFAULT CHARSET=utf8 COLLATE=utf8_general_ci;
                
# | Carga de datos de la tabla 'pedidos'
# +-------------------------------------

# | Vaciado de tabla 'pendientes'
# +-------------------------------------
DROP TABLE IF EXISTS `pendientes`;


# | Estructura de la tabla 'pendientes'
# +-------------------------------------
CREATE TABLE `pendientes` (
  `idpendiente` int(11) NOT NULL AUTO_INCREMENT,
  `codpendiente` varchar(30) CHARACTER SET utf8 COLLATE utf8_spanish_ci NOT NULL,
  `codfactura` varchar(30) CHARACTER SET utf8 COLLATE utf8_spanish_ci NOT NULL,
  `codcliente` varchar(30) CHARACTER SET utf8 COLLATE utf8_spanish_ci NOT NULL,
  `exonerado` int(2) NOT NULL,
  `subtotal` decimal(12,2) NOT NULL,
  `subtotalexento` decimal(12,2) NOT NULL,
  `subtotaliva` decimal(12,2) NOT NULL,
  `iva` decimal(12,2) NOT NULL,
  `totaliva` decimal(12,2) NOT NULL,
  `descontado` decimal(12,2) NOT NULL,
  `descuento` decimal(12,2) NOT NULL,
  `totaldescuento` decimal(12,2) NOT NULL,
  `totalpago` decimal(12,2) NOT NULL,
  `totalpago2` decimal(12,2) NOT NULL,
  `estado` varchar(10) CHARACTER SET utf8 COLLATE utf8_spanish_ci NOT NULL,
  `fechapendiente` datetime NOT NULL,
  `codigo` int(11) NOT NULL,
  `codsucursal` int(11) NOT NULL,
  PRIMARY KEY (`idpendiente`)
) ENGINE=InnoDB DEFAULT CHARSET=utf8 COLLATE=utf8_general_ci;
                
# | Carga de datos de la tabla 'pendientes'
# +-------------------------------------

# | Vaciado de tabla 'presentaciones'
# +-------------------------------------
DROP TABLE IF EXISTS `presentaciones`;


# | Estructura de la tabla 'presentaciones'
# +-------------------------------------
CREATE TABLE `presentaciones` (
  `codpresentacion` int(11) NOT NULL AUTO_INCREMENT,
  `nompresentacion` varchar(100) CHARACTER SET utf8 COLLATE utf8_spanish_ci NOT NULL,
  `codsucursal` int(11) NOT NULL,
  PRIMARY KEY (`codpresentacion`)
) ENGINE=InnoDB AUTO_INCREMENT=11 DEFAULT CHARSET=utf8 COLLATE=utf8_general_ci;
                
# | Carga de datos de la tabla 'presentaciones'
# +-------------------------------------

COMMIT;
INSERT IGNORE INTO `presentaciones` (`codpresentacion`, `nompresentacion`, `codsucursal`) VALUES 
      ('1', 'UNIDAD', '1'), 
      ('2', 'PAQUETE', '1'), 
      ('3', 'BOTELLA', '1'), 
      ('4', 'GALON', '1'), 
      ('5', 'LITRO', '1'), 
      ('6', 'BOLSAS', '1'), 
      ('7', 'CAJAS', '1'), 
      ('8', 'FRASCOS', '1'), 
      ('9', 'ROLLOS', '1'), 
      ('10', 'KIT', '1');
COMMIT;

# | Vaciado de tabla 'preventas'
# +-------------------------------------
DROP TABLE IF EXISTS `preventas`;


# | Estructura de la tabla 'preventas'
# +-------------------------------------
CREATE TABLE `preventas` (
  `idpreventa` int(11) NOT NULL AUTO_INCREMENT,
  `codpreventa` varchar(30) CHARACTER SET utf8 COLLATE utf8_spanish_ci NOT NULL,
  `tipodocumento` varchar(30) CHARACTER SET utf8 COLLATE utf8_spanish_ci NOT NULL,
  `codfactura` varchar(30) CHARACTER SET utf8 COLLATE utf8_spanish_ci NOT NULL,
  `codcliente` varchar(30) CHARACTER SET utf8 COLLATE utf8_spanish_ci NOT NULL,
  `exonerado` int(2) NOT NULL,
  `subtotal` decimal(12,2) NOT NULL,
  `subtotalexento` decimal(12,2) NOT NULL,
  `subtotaliva` decimal(12,2) NOT NULL,
  `iva` decimal(12,2) NOT NULL,
  `totaliva` decimal(12,2) NOT NULL,
  `descontado` decimal(12,2) NOT NULL,
  `descuento` decimal(12,2) NOT NULL,
  `totaldescuento` decimal(12,2) NOT NULL,
  `totalpago` decimal(12,2) NOT NULL,
  `totalpago2` decimal(12,2) NOT NULL,
  `observaciones` text CHARACTER SET utf8 COLLATE utf8_spanish_ci NOT NULL,
  `fechapreventa` datetime NOT NULL,
  `procesada` varchar(2) CHARACTER SET utf8 COLLATE utf8_spanish_ci NOT NULL,
  `codigo` int(11) NOT NULL,
  `codsucursal` int(11) NOT NULL,
  PRIMARY KEY (`idpreventa`)
) ENGINE=InnoDB DEFAULT CHARSET=utf8 COLLATE=utf8_general_ci;
                
# | Carga de datos de la tabla 'preventas'
# +-------------------------------------

# | Vaciado de tabla 'productos'
# +-------------------------------------
DROP TABLE IF EXISTS `productos`;


# | Estructura de la tabla 'productos'
# +-------------------------------------
CREATE TABLE `productos` (
  `idproducto` int(11) NOT NULL AUTO_INCREMENT,
  `codproducto` varchar(15) CHARACTER SET utf8 COLLATE utf8_spanish_ci NOT NULL,
  `producto` text CHARACTER SET utf8 COLLATE utf8_spanish_ci NOT NULL,
  `descripcion` text CHARACTER SET utf8 COLLATE utf8_spanish_ci NOT NULL,
  `imei` varchar(50) CHARACTER SET utf8 COLLATE utf8_spanish_ci NOT NULL,
  `condicion` varchar(50) CHARACTER SET utf8 COLLATE utf8_spanish_ci NOT NULL,
  `fabricante` text CHARACTER SET utf8 COLLATE utf8_spanish_ci NOT NULL,
  `codfamilia` int(11) NOT NULL,
  `codsubfamilia` int(11) NOT NULL,
  `codmarca` int(11) NOT NULL,
  `codmodelo` int(11) NOT NULL,
  `codpresentacion` int(11) NOT NULL,
  `codcolor` int(11) NOT NULL,
  `codorigen` int(11) NOT NULL,
  `year` varchar(4) CHARACTER SET utf8 COLLATE utf8_spanish_ci NOT NULL,
  `nroparte` varchar(35) CHARACTER SET utf8 COLLATE utf8_spanish_ci NOT NULL,
  `lote` varchar(20) CHARACTER SET utf8 COLLATE utf8_spanish_ci NOT NULL,
  `peso` varchar(30) CHARACTER SET utf8 COLLATE utf8_spanish_ci NOT NULL,
  `preciocompra` decimal(12,2) NOT NULL,
  `precioxmayor` decimal(12,2) NOT NULL,
  `precioxmenor` decimal(12,2) NOT NULL,
  `precioxpublico` decimal(12,2) NOT NULL,
  `existencia` decimal(12,2) NOT NULL,
  `stockoptimo` varchar(10) CHARACTER SET utf8 COLLATE utf8_spanish_ci NOT NULL,
  `stockmedio` varchar(10) CHARACTER SET utf8 COLLATE utf8_spanish_ci NOT NULL,
  `stockminimo` varchar(10) CHARACTER SET utf8 COLLATE utf8_spanish_ci NOT NULL,
  `ivaproducto` varchar(5) CHARACTER SET utf8 COLLATE utf8_spanish_ci NOT NULL,
  `descproducto` decimal(12,2) NOT NULL,
  `codigobarra` varchar(15) CHARACTER SET utf8 COLLATE utf8_spanish_ci NOT NULL,
  `fechaelaboracion` varchar(25) CHARACTER SET utf8 COLLATE utf8_spanish_ci NOT NULL,
  `fechaoptimo` varchar(15) CHARACTER SET utf8 COLLATE utf8_spanish_ci NOT NULL,
  `fechamedio` varchar(15) CHARACTER SET utf8 COLLATE utf8_spanish_ci NOT NULL,
  `fechaminimo` varchar(15) CHARACTER SET utf8 COLLATE utf8_spanish_ci NOT NULL,
  `codproveedor` varchar(30) CHARACTER SET utf8 COLLATE utf8_spanish_ci NOT NULL,
  `stockteorico` decimal(12,2) NOT NULL,
  `motivoajuste` text CHARACTER SET utf8 COLLATE utf8_spanish_ci NOT NULL,
  `codsucursal` int(11) NOT NULL,
  PRIMARY KEY (`idproducto`)
) ENGINE=InnoDB AUTO_INCREMENT=38 DEFAULT CHARSET=utf8 COLLATE=utf8_general_ci;
                
# | Carga de datos de la tabla 'productos'
# +-------------------------------------

COMMIT;
INSERT IGNORE INTO `productos` (`idproducto`, `codproducto`, `producto`, `descripcion`, `imei`, `condicion`, `fabricante`, `codfamilia`, `codsubfamilia`, `codmarca`, `codmodelo`, `codpresentacion`, `codcolor`, `codorigen`, `year`, `nroparte`, `lote`, `peso`, `preciocompra`, `precioxmayor`, `precioxmenor`, `precioxpublico`, `existencia`, `stockoptimo`, `stockmedio`, `stockminimo`, `ivaproducto`, `descproducto`, `codigobarra`, `fechaelaboracion`, `fechaoptimo`, `fechamedio`, `fechaminimo`, `codproveedor`, `stockteorico`, `motivoajuste`, `codsucursal`) VALUES 
      ('1', '1', 'FILTRO DE ACEITE MODERNO', '', 'NO', 'NUEVO', '', '14', '0', '6', '0', '1', '0', '0', '', '', '', '', '23.00', '24.30', '23.00', '26.00', '88.00', '100.00', '60.00', '49.00', '0', '0.00', '1122334455', '0000-00-00', '0000-00-00', '0000-00-00', '0000-00-00', '1', '0.00', 'NINGUNO', '1'), 
      ('2', '2', 'FILTRO AIRE CILINDRICO P/AMARILLO', '', 'NO', 'NUEVO', '', '14', '0', '6', '7', '1', '0', '0', '', '', '', '', '23.00', '26.30', '25.00', '28.00', '191.00', '100.00', '60.00', '49.00', '0', '0.00', '1234567890', '0000-00-00', '0000-00-00', '0000-00-00', '0000-00-00', '1', '0.00', 'NINGUNO', '1'), 
      ('3', '3', 'FILTRO AIRE ESPUMA AMARILLO MOD.', '', 'NO', 'NUEVO', '', '14', '0', '6', '7', '1', '0', '0', '', '', '167', '', '23.00', '26.30', '25.00', '28.00', '75.00', '100.00', '60.00', '49.00', '0', '7.00', '', '0000-00-00', '0000-00-00', '0000-00-00', '0000-00-00', '2', '0.00', 'NINGUNO', '1'), 
      ('4', '4', 'FILTRO AIRE ESPUMA BLANCO ', '', 'NO', 'NUEVO', '', '14', '0', '1', '26', '1', '0', '0', '', '', '', '', '23.00', '26.30', '25.00', '28.00', '35.00', '100.00', '60.00', '49.00', '0', '0.00', '', '0000-00-00', '0000-00-00', '0000-00-00', '0000-00-00', '1', '0.00', 'NINGUNO', '1'), 
      ('5', '5', 'ACEITE DE CAA DE TIMON', '', 'NO', 'NUEVO', '', '1', '0', '1', '26', '5', '0', '0', '', '', '1118', '', '23.70', '26.30', '25.00', '28.00', '46.00', '100.00', '60.00', '49.00', '1', '0.00', '', '0000-00-00', '0000-00-00', '0000-00-00', '0000-00-00', '4', '0.00', 'NINGUNO', '1'), 
      ('6', '6', 'ACTUADOR DE EMBRAGUE 4T METALICO', '', 'NO', 'NUEVO', '', '3', '0', '6', '5', '1', '0', '0', '', '', '119', '', '27.00', '29.30', '28.00', '31.00', '90.00', '100.00', '60.00', '49.00', '1', '0.00', '', '0000-00-00', '0000-00-00', '0000-00-00', '0000-00-00', '4', '0.00', 'NINGUNO', '1'), 
      ('7', '7', 'AGUJA DE CAMPANA 3L #41', '', 'NO', 'NUEVO', '', '2', '0', '6', '2', '1', '0', '0', '', '', '100', '', '22.00', '26.30', '25.00', '28.00', '107.00', '100.00', '60.00', '49.00', '1', '0.00', '', '0000-00-00', '0000-00-00', '0000-00-00', '0000-00-00', '4', '0.00', 'NINGUNO', '1'), 
      ('8', '8', 'AGUJA DE FLOTADOR', '', 'NO', 'NUEVO', '', '3', '0', '6', '2', '1', '0', '0', '', '', '20', '', '33.00', '36.30', '35.00', '38.00', '154.00', '100.00', '60.00', '49.00', '1', '0.00', '', '0000-00-00', '0000-00-00', '0000-00-00', '0000-00-00', '2', '0.00', 'NINGUNO', '1'), 
      ('9', '9', 'AGUJA DE FLOTADOR', '', 'NO', 'NUEVO', '', '3', '0', '6', '2', '1', '0', '0', '', '', '98', '', '22.00', '26.30', '25.00', '28.00', '99.00', '100.00', '60.00', '49.00', '1', '0.00', '', '0000-00-00', '0000-00-00', '0000-00-00', '0000-00-00', '3', '0.00', 'NINGUNO', '1'), 
      ('10', '10', 'AGUJA DE FLOTADOR', '', 'NO', 'NUEVO', '', '3', '0', '6', '5', '1', '0', '0', '', '', '117', '', '22.40', '26.30', '25.00', '28.00', '76.00', '100.00', '60.00', '49.00', '1', '0.00', '', '0000-00-00', '0000-00-00', '0000-00-00', '0000-00-00', '4', '0.00', 'NINGUNO', '1'), 
      ('11', '11', 'AMORTIGUADOR DELANTERO ANTIDIVE', '', 'NO', 'NUEVO', '', '4', '0', '6', '5', '1', '0', '0', '', '', '', '', '22.00', '26.30', '25.00', '28.00', '53.00', '100.00', '60.00', '49.00', '1', '0.00', '', '0000-00-00', '0000-00-00', '0000-00-00', '0000-00-00', '1', '0.00', 'NINGUNO', '1'), 
      ('12', '12', 'AMORTIGUADOR POSTERIOR', '', 'NO', 'NUEVO', '', '4', '0', '6', '5', '1', '0', '0', '', '', '13', '', '23.00', '24.30', '23.00', '26.00', '56.00', '100.00', '60.00', '49.00', '1', '0.00', '', '0000-00-00', '0000-00-00', '0000-00-00', '0000-00-00', '2', '0.00', 'NINGUNO', '1'), 
      ('13', '13', 'AMORTIGUADOR POSTERIOR MONOSHOX', '', 'NO', 'NUEVO', '', '4', '0', '6', '5', '1', '0', '0', '', '', '124', '', '23.00', '26.00', '25.00', '27.00', '32.00', '100.00', '60.00', '49.00', '1', '0.00', '3333333333', '0000-00-00', '0000-00-00', '0000-00-00', '0000-00-00', '2', '0.00', 'NINGUNO', '1'), 
      ('14', '14', 'ANGULO SUPER LUJO', '', 'NO', 'NUEVO', '', '3', '0', '6', '6', '1', '0', '0', '', '', '1109', '', '22.00', '23.30', '22.00', '25.00', '53.00', '100.00', '60.00', '49.00', '1', '0.00', '', '0000-00-00', '0000-00-00', '0000-00-00', '0000-00-00', '4', '0.00', 'NINGUNO', '1'), 
      ('15', '15', 'ANILLO DE TUBO ESCAPE 2T', '', 'NO', 'NUEVO', '', '4', '0', '6', '7', '1', '0', '0', '', '', '1127', '', '27.90', '32.00', '31.00', '33.00', '97.00', '100.00', '60.00', '49.00', '1', '0.00', '', '0000-00-00', '0000-00-00', '0000-00-00', '0000-00-00', '4', '0.00', 'NINGUNO', '1'), 
      ('16', '16', 'ANILLO DE TUBO ESCAPE 4T', '', 'NO', 'NUEVO', '', '3', '0', '6', '6', '1', '0', '0', '', '', '114', '', '20.00', '23.30', '22.00', '25.00', '47.00', '100.00', '60.00', '49.00', '1', '0.00', '', '0000-00-00', '0000-00-00', '0000-00-00', '0000-00-00', '4', '0.00', 'NINGUNO', '1'), 
      ('17', '17', 'ARANDELA DE APOYO', '', 'NO', 'NUEVO', '', '3', '0', '6', '7', '1', '0', '0', '', '', '', '', '20.00', '23.30', '22.00', '25.00', '27.00', '100.00', '60.00', '49.00', '1', '0.00', '', '0000-00-00', '0000-00-00', '0000-00-00', '0000-00-00', '2', '0.00', 'NINGUNO', '1'), 
      ('18', '18', 'ARAA DE BOMBA MASTER', '', 'NO', 'NUEVO', '', '5', '0', '6', '6', '1', '0', '0', '', '', '0', '', '20.00', '23.30', '22.00', '25.00', '50.00', '100.00', '60.00', '49.00', '1', '0.00', '', '0000-00-00', '0000-00-00', '0000-00-00', '0000-00-00', '1', '0.00', 'NINGUNO', '1'), 
      ('19', '19', 'ARMADURA DE ARRANCADOR', '', 'NO', 'NUEVO', '', '3', '0', '6', '6', '1', '0', '0', '', '', '', '', '20.00', '23.30', '22.00', '25.00', '80.00', '100.00', '60.00', '49.00', '1', '0.00', '', '0000-00-00', '0000-00-00', '0000-00-00', '0000-00-00', '1', '0.00', 'NINGUNO', '1'), 
      ('20', '20', 'ARO DE RUEDA MODERNO', '', 'NO', 'NUEVO', '', '5', '0', '6', '6', '1', '0', '0', '', '', '', '', '20.00', '23.30', '22.00', '25.00', '55.00', '100.00', '60.00', '49.00', '1', '0.00', '2222222222', '0000-00-00', '0000-00-00', '0000-00-00', '0000-00-00', '1', '0.00', 'NINGUNO', '1'), 
      ('21', '21', 'ARO DE RUEDA MODERNO', '', 'NO', 'NUEVO', '', '3', '0', '6', '8', '1', '0', '0', '', '', '', '', '22.00', '23.30', '22.00', '25.00', '43.00', '100.00', '60.00', '49.00', '1', '0.00', '', '0000-00-00', '0000-00-00', '0000-00-00', '0000-00-00', '2', '0.00', 'NINGUNO', '1'), 
      ('22', '22', 'ARRANCADOR COMPLETO', '', 'NO', 'NUEVO', '', '3', '0', '6', '8', '1', '0', '0', '', '', '', '', '25.00', '28.00', '27.00', '29.00', '43.00', '100.00', '60.00', '49.00', '1', '0.00', '', '0000-00-00', '0000-00-00', '0000-00-00', '0000-00-00', '1', '0.00', 'NINGUNO', '1'), 
      ('23', '23', 'BENDIX ANTIGUO', '', 'NO', 'NUEVO', '', '5', '0', '6', '7', '1', '0', '0', '', '', '', '', '24.00', '26.00', '25.00', '27.00', '30.00', '100.00', '60.00', '49.00', '1', '0.00', '', '0000-00-00', '0000-00-00', '0000-00-00', '0000-00-00', '2', '0.00', 'NINGUNO', '1'), 
      ('24', '24', 'BENDIX MODERNO', '', 'NO', 'NUEVO', '', '3', '0', '6', '8', '1', '0', '0', '', '', '', '', '20.00', '26.00', '25.00', '27.00', '44.00', '100.00', '60.00', '49.00', '1', '0.00', '', '0000-00-00', '0000-00-00', '0000-00-00', '0000-00-00', '1', '0.00', 'NINGUNO', '1'), 
      ('25', '25', 'BICEL DE FARO 5L DESDE AGO01', '', 'NO', 'NUEVO', '', '3', '0', '6', '8', '1', '0', '0', '', '', '', '', '20.00', '26.00', '25.00', '27.00', '50.00', '100.00', '60.00', '49.00', '1', '0.00', '', '0000-00-00', '0000-00-00', '0000-00-00', '0000-00-00', '3', '0.00', 'NINGUNO', '1'), 
      ('26', '26', 'BICEL DE FARO 5L HASTA JUL01', '', 'NO', 'NUEVO', '', '6', '0', '6', '7', '1', '0', '0', '', '', '', '', '20.00', '23.30', '22.00', '25.00', '17.00', '100.00', '60.00', '49.00', '1', '0.00', '', '0000-00-00', '0000-00-00', '0000-00-00', '0000-00-00', '3', '0.00', 'NINGUNO', '1'), 
      ('27', '27', 'BISAGRA DELANTERA DERECHA', '', 'NO', 'NUEVO', '', '3', '0', '6', '7', '1', '0', '0', '', '', '983', '', '20.00', '23.30', '22.00', '25.00', '15.00', '100.00', '60.00', '49.00', '1', '0.00', '', '0000-00-00', '0000-00-00', '0000-00-00', '0000-00-00', '2', '0.00', 'NINGUNO', '1'), 
      ('28', '28', 'BISAGRA DELANTERA IZQUIERDA', '', 'NO', 'NUEVO', '', '7', '0', '6', '8', '1', '0', '0', '', '', '', '', '30.00', '32.00', '31.00', '33.00', '25.00', '100.00', '60.00', '49.00', '1', '0.00', '', '0000-00-00', '0000-00-00', '0000-00-00', '0000-00-00', '1', '0.00', 'NINGUNO', '1'), 
      ('29', '29', 'BISAGRA POSTERIOR', '', 'NO', 'NUEVO', '', '3', '0', '6', '8', '1', '0', '0', '', '', '', '', '20.00', '27.00', '26.00', '28.00', '83.00', '100.00', '60.00', '49.00', '1', '0.00', '', '0000-00-00', '0000-00-00', '0000-00-00', '0000-00-00', '1', '0.00', 'NINGUNO', '1'), 
      ('30', '30', 'BOBINA ALTA 5L ', '', 'NO', 'NUEVO', '', '6', '0', '6', '5', '1', '0', '0', '', '', '', '', '25.00', '28.00', '27.00', '29.00', '44.00', '100.00', '60.00', '49.00', '1', '0.00', '4444444444', '0000-00-00', '0000-00-00', '0000-00-00', '0000-00-00', '1', '0.00', 'NINGUNO', '1'), 
      ('31', '31', 'PHONE 11 128GB 4GB RAM PANTALLA 6.1', 'PHONE 11 128GB MEMORIA INTERNA, 4GB RAM PANTALLA 6.1, 4G/LTE, PROCESADOR APPLE A13 BIONIC', 'SI', 'NUEVO', '', '13', '0', '9', '43', '1', '2', '0', '0', '0', '0', '0', '75.00', '0.00', '0.00', '95.00', '15.00', '0.00', '0.00', '0.00', '1', '0.00', '', '0000-00-00', '0000-00-00', '0000-00-00', '0000-00-00', '3', '0.00', 'NINGUNO', '1'), 
      ('32', '32', 'APPLE IPHONE 12 128GB', 'APPLE IPHONE 12 128GB ALMACENAMIENTO INTERNO, 4GB DE RAM, RED 5G, PROCESADOR APPLE A14 BIONIC', 'SI', 'NUEVO (SELLADO)', '', '13', '0', '9', '44', '1', '5', '0', '0', '0', '0', '0', '86.00', '0.00', '0.00', '92.00', '22.00', '0.00', '0.00', '0.00', '1', '0.00', '', '0000-00-00', '0000-00-00', '0000-00-00', '0000-00-00', '3', '0.00', 'NINGUNO', '1'), 
      ('33', '33', 'PPLE IPHONE SE 64GB (2020)', 'PPLE IPHONE SE 64GB MEMORIA INTERNA, 3GB MEMORIA RAM, RED 4G/LTE, PROCESADOR APPLE A13 BIONIC', 'SI', 'NUEVO (SELLADO)', '', '13', '0', '9', '45', '1', '6', '0', '0', '0', '0', '0', '38.00', '0.00', '0.00', '55.00', '52.00', '0.00', '0.00', '0.00', '1', '0.00', '', '0000-00-00', '0000-00-00', '0000-00-00', '0000-00-00', '1', '0.00', 'NINGUNO', '1'), 
      ('34', '34', 'ALCATEL 1 4G DUALSIM ', 'ALCATEL 1 4G CON TODAS DUALSIM 1GB/16GB (65), SISTEMA ANDROID', 'SI', 'NUEVO (SELLADO)', '', '13', '0', '16', '46', '1', '5', '0', '0', '0', '0', '0', '22.00', '0.00', '0.00', '35.00', '22.00', '0.00', '0.00', '0.00', '1', '0.00', '', '0000-00-00', '0000-00-00', '0000-00-00', '0000-00-00', '3', '0.00', 'NINGUNO', '1'), 
      ('35', '35', 'SAMSUNG S10 LITE DUAL SIM', 'SAMSUNG S10 LITE DUAL SIM NUEVOS S10E S20 S21, 128GB DE ALMACENAMIENTO INTERNO, 6GB DE MEMORIA RAM, RED 4G/LTE', 'SI', 'NUEVO (SELLADO)', '', '13', '0', '8', '47', '1', '2', '0', '0', '0', '0', '0', '48.00', '0.00', '0.00', '58.00', '54.00', '0.00', '0.00', '0.00', '1', '0.00', '', '0000-00-00', '0000-00-00', '0000-00-00', '0000-00-00', '1', '0.00', 'NINGUNO', '1'), 
      ('36', '36', 'SAMSUNG GALAXY Z FLIP 3', 'SAMSUNG GALAXY Z FLIP 3, 64GB DE ALMACENAMIENTO INTERNO, 4GB DE MEMORIA RAM, DUAL SIM', 'SI', 'NUEVO (SELLADO)', '', '13', '0', '8', '48', '1', '3', '0', '0', '0', '0', '0', '28.00', '0.00', '0.00', '36.00', '25.00', '0.00', '0.00', '0.00', '1', '0.00', '', '0000-00-00', '0000-00-00', '0000-00-00', '0000-00-00', '4', '0.00', 'NINGUNO', '1'), 
      ('37', '37', 'TECNO CAMN 18P', 'TECNO CAM?N 18P, 128G B DE ALMACENAMIENTO INTERNO, 8GB DE MEMORIA RAM, DUAL SIM, SISTEMA OPERATIVO ANDROID VERSION 12', 'SI', 'NUEVO (SELLADO)', '', '13', '0', '7', '42', '1', '2', '0', '0', '0', '0', '0', '56.00', '0.00', '0.00', '68.00', '58.00', '0.00', '0.00', '0.00', '1', '0.00', '', '0000-00-00', '0000-00-00', '0000-00-00', '0000-00-00', '4', '0.00', 'NINGUNO', '1');
COMMIT;

# | Vaciado de tabla 'proveedores'
# +-------------------------------------
DROP TABLE IF EXISTS `proveedores`;


# | Estructura de la tabla 'proveedores'
# +-------------------------------------
CREATE TABLE `proveedores` (
  `idproveedor` int(11) NOT NULL AUTO_INCREMENT,
  `codproveedor` varchar(30) CHARACTER SET utf8 COLLATE utf8_spanish_ci NOT NULL,
  `documproveedor` int(11) NOT NULL,
  `cuitproveedor` varchar(15) CHARACTER SET utf8 COLLATE utf8_spanish_ci NOT NULL,
  `nomproveedor` varchar(150) CHARACTER SET utf8 COLLATE utf8_spanish_ci NOT NULL,
  `tlfproveedor` varchar(20) CHARACTER SET utf8 COLLATE utf8_spanish_ci NOT NULL,
  `id_provincia` int(11) NOT NULL,
  `id_departamento` int(11) NOT NULL,
  `direcproveedor` text CHARACTER SET utf8 COLLATE utf8_spanish_ci NOT NULL,
  `emailproveedor` text CHARACTER SET utf8 COLLATE utf8_spanish_ci NOT NULL,
  `vendedor` varchar(80) CHARACTER SET utf8 COLLATE utf8_spanish_ci NOT NULL,
  `tlfvendedor` varchar(20) CHARACTER SET utf32 COLLATE utf32_spanish_ci NOT NULL,
  `fechaingreso` date NOT NULL,
  `codsucursal` int(11) NOT NULL,
  PRIMARY KEY (`idproveedor`)
) ENGINE=InnoDB AUTO_INCREMENT=5 DEFAULT CHARSET=utf8 COLLATE=utf8_general_ci;
                
# | Carga de datos de la tabla 'proveedores'
# +-------------------------------------

COMMIT;
INSERT IGNORE INTO `proveedores` (`idproveedor`, `codproveedor`, `documproveedor`, `cuitproveedor`, `nomproveedor`, `tlfproveedor`, `id_provincia`, `id_departamento`, `direcproveedor`, `emailproveedor`, `vendedor`, `tlfvendedor`, `fechaingreso`, `codsucursal`) VALUES 
      ('1', '1', '1', '10451248495', 'TREPOLS SAC', '(8012) 3334454', '4', '332', 'JR HUANTA 11', 'CCVO@JBLSERVICEPERU.COM', 'JULIAN RENGIFO', '(0412) 5896632', '2024-03-21', '1'), 
      ('2', '2', '1', '3488729001-J', 'ACCESORIOS Y VENTAS MOTORED', '(0416) 7642234', '3', '293', 'LA CONCORDIA', 'VENTASMOTORED@GMAIL.COM', 'LCDO. JORGE LUIS CAMACHO', '(0416) 7642234', '2024-03-21', '1'), 
      ('3', '3', '2', '872445162-J', 'ACCESORIOS LA GRAN MOTOCICLETA', '(0416) 7652345', '1', '3', 'AL LADO DEL CC MURALLA', 'MOTIC@GMAIL.COM', 'SRA. CARMEN ALICIA CONTRERAS', '(0416) 5456998', '2024-03-21', '1'), 
      ('4', '4', '1', '00235998745-7', 'VENTAS Y REPUESTOS LA GRAN MURLLA', '(0274) 9986589', '1', '3', 'CALLE PRINCIPAL', 'MURALLA12@GMAIL.COM', 'LICDO. JESUS CARDOZO', '(0424) 7896583', '2024-03-21', '1');
COMMIT;

# | Vaciado de tabla 'provincias'
# +-------------------------------------
DROP TABLE IF EXISTS `provincias`;


# | Estructura de la tabla 'provincias'
# +-------------------------------------
CREATE TABLE `provincias` (
  `id_provincia` int(10) NOT NULL AUTO_INCREMENT,
  `provincia` varchar(255) CHARACTER SET latin1 COLLATE latin1_swedish_ci NOT NULL,
  PRIMARY KEY (`id_provincia`)
) ENGINE=InnoDB AUTO_INCREMENT=26 DEFAULT CHARSET=utf8 COLLATE=utf8_general_ci;
                
# | Carga de datos de la tabla 'provincias'
# +-------------------------------------

COMMIT;
INSERT IGNORE INTO `provincias` (`id_provincia`, `provincia`) VALUES 
      ('1', 'BUENOS AIRES'), 
      ('2', 'BUENOS AIRES-GBA'), 
      ('3', 'CAPITAL FEDERAL'), 
      ('4', 'CATAMARCA'), 
      ('5', 'CHACO'), 
      ('6', 'CHUBUT'), 
      ('7', 'CORDOBA'), 
      ('8', 'CORRIENTES'), 
      ('9', 'ENTRE RIOS'), 
      ('10', 'FORMOSA'), 
      ('11', 'JUJUY'), 
      ('12', 'LA PAMPA'), 
      ('13', 'LA RIOJA'), 
      ('14', 'MENDOZA'), 
      ('15', 'MISIONES'), 
      ('16', 'NEUQUIN'), 
      ('17', 'RIO NEGRO'), 
      ('18', 'SALTA'), 
      ('19', 'SAN JUAN'), 
      ('20', 'SAN LUIS'), 
      ('21', 'SANTA CRUZ'), 
      ('22', 'SANTA FE'), 
      ('23', 'SANTIAGO DEL ESTERO'), 
      ('24', 'TIERRA DEL FUEGO'), 
      ('25', 'TUCUMAN');
COMMIT;

# | Vaciado de tabla 'subfamilias'
# +-------------------------------------
DROP TABLE IF EXISTS `subfamilias`;


# | Estructura de la tabla 'subfamilias'
# +-------------------------------------
CREATE TABLE `subfamilias` (
  `codsubfamilia` int(11) NOT NULL AUTO_INCREMENT,
  `nomsubfamilia` varchar(80) CHARACTER SET utf8 COLLATE utf8_spanish_ci NOT NULL,
  `codfamilia` int(11) NOT NULL,
  `codsucursal` int(11) NOT NULL,
  PRIMARY KEY (`codsubfamilia`)
) ENGINE=InnoDB DEFAULT CHARSET=utf8 COLLATE=utf8_general_ci;
                
# | Carga de datos de la tabla 'subfamilias'
# +-------------------------------------

# | Vaciado de tabla 'sucursales'
# +-------------------------------------
DROP TABLE IF EXISTS `sucursales`;


# | Estructura de la tabla 'sucursales'
# +-------------------------------------
CREATE TABLE `sucursales` (
  `codsucursal` int(11) NOT NULL AUTO_INCREMENT,
  `nrosucursal` varchar(10) CHARACTER SET utf8 COLLATE utf8_spanish_ci NOT NULL,
  `documsucursal` int(11) NOT NULL,
  `cuitsucursal` varchar(25) CHARACTER SET utf8 COLLATE utf8_spanish_ci DEFAULT NULL,
  `nomsucursal` text CHARACTER SET utf8 COLLATE utf8_spanish_ci DEFAULT NULL,
  `id_provincia` int(11) NOT NULL,
  `id_departamento` int(11) NOT NULL,
  `direcsucursal` text CHARACTER SET utf8 COLLATE utf8_spanish_ci DEFAULT NULL,
  `correosucursal` varchar(120) CHARACTER SET utf8 COLLATE utf8_spanish_ci DEFAULT NULL,
  `tlfsucursal` varchar(20) CHARACTER SET utf8 COLLATE utf8_spanish_ci DEFAULT NULL,
  `inicioticket` varchar(30) CHARACTER SET utf8 COLLATE utf8_spanish_ci NOT NULL,
  `iniciofactura` varchar(15) CHARACTER SET utf8 COLLATE utf8_spanish_ci NOT NULL,
  `inicioguia` varchar(30) CHARACTER SET utf8 COLLATE utf8_spanish_ci NOT NULL,
  `inicionotaventa` varchar(30) CHARACTER SET utf8 COLLATE utf8_spanish_ci NOT NULL,
  `inicionotacredito` varchar(15) CHARACTER SET utf8 COLLATE utf8_spanish_ci NOT NULL,
  `nroactividadsucursal` varchar(25) CHARACTER SET utf8 COLLATE utf8_spanish_ci NOT NULL,
  `fechaautorsucursal` varchar(25) CHARACTER SET utf8 COLLATE utf8_spanish_ci NOT NULL,
  `llevacontabilidad` varchar(2) CHARACTER SET utf8 COLLATE utf8_spanish_ci NOT NULL,
  `documencargado` int(11) NOT NULL,
  `dniencargado` varchar(25) CHARACTER SET utf8 COLLATE utf8_spanish_ci DEFAULT NULL,
  `nomencargado` varchar(120) CHARACTER SET utf8 COLLATE utf8_spanish_ci DEFAULT NULL,
  `tlfencargado` varchar(20) CHARACTER SET utf8 COLLATE utf8_spanish_ci NOT NULL,
  `descsucursal` decimal(12,2) NOT NULL,
  `porcentaje` decimal(12,2) NOT NULL,
  `codmoneda` int(11) NOT NULL,
  `codmoneda2` int(11) NOT NULL,
  `membrete` text CHARACTER SET utf8 COLLATE utf8_spanish_ci NOT NULL,
  `mostrar_pos` int(2) NOT NULL,
  `ticket_general` int(2) NOT NULL,
  `estado` int(2) NOT NULL,
  PRIMARY KEY (`codsucursal`)
) ENGINE=InnoDB AUTO_INCREMENT=5 DEFAULT CHARSET=utf8 COLLATE=utf8_general_ci;
                
# | Carga de datos de la tabla 'sucursales'
# +-------------------------------------

COMMIT;
INSERT IGNORE INTO `sucursales` (`codsucursal`, `nrosucursal`, `documsucursal`, `cuitsucursal`, `nomsucursal`, `id_provincia`, `id_departamento`, `direcsucursal`, `correosucursal`, `tlfsucursal`, `inicioticket`, `iniciofactura`, `inicioguia`, `inicionotaventa`, `inicionotacredito`, `nroactividadsucursal`, `fechaautorsucursal`, `llevacontabilidad`, `documencargado`, `dniencargado`, `nomencargado`, `tlfencargado`, `descsucursal`, `porcentaje`, `codmoneda`, `codmoneda2`, `membrete`, `mostrar_pos`, `ticket_general`, `estado`) VALUES 
      ('1', '1', '1', '20180816853', 'VENTAS MOTO GRUPO', '13', '1420', 'AVENIDA LOS CAUDILLOS 742', 'MOTOGRUPO@GMAIL.COM', '4247 424274', '000000001', '000000001', '000000001', '000000001', '000000001', '0001', '2017-08-31', 'SI', '11', '18081685', 'RUBEN DARIO CHIRINOS RODRIGUEZ', '', '0.00', '10.00', '7', '1', 'GRACIAS POR SU COMPRA', '1', '8', '1'), 
      ('2', '2', '1', '269985749', 'REPUESTOS JARAMILLO SHOT', '5', '371', 'CALLE PRINCIPAL', 'JARAMILLO@GMAIL.COM', '4254 485745', '000000001', '000000001', '000000001', '000000001', '000000001', '002', '2019-06-14', 'SI', '11', '16317737', 'MARBELLA PAREDES MARQUEZ', '', '0.00', '10.00', '7', '1', 'GRACIAS POR SU COMPRA', '2', '8', '1'), 
      ('3', '3', '1', '389965745', 'REPUESTOS Y ACCESORIOS JV&C', '11', '1286', 'AVENIDA INTERCOMUNICAL', 'JV&C@GMAIL.COM', '4268 596658', '000000001', '000000001', '000000001', '000000001', '000000001', '003', '2019-06-20', 'SI', '11', '24879658', 'RAFAEL DE JESUS RAMIREZ', '', '0.00', '0.00', '7', '1', 'GRACIAS POR SU COMPRA', '1', '5', '1');
COMMIT;

# | Vaciado de tabla 'tiposcambio'
# +-------------------------------------
DROP TABLE IF EXISTS `tiposcambio`;


# | Estructura de la tabla 'tiposcambio'
# +-------------------------------------
CREATE TABLE `tiposcambio` (
  `codcambio` int(11) NOT NULL AUTO_INCREMENT,
  `descripcioncambio` varchar(100) CHARACTER SET utf8 COLLATE utf8_spanish_ci NOT NULL,
  `montocambio` decimal(12,3) NOT NULL,
  `codmoneda` int(11) NOT NULL,
  `fechacambio` date NOT NULL,
  `codsucursal` int(11) NOT NULL,
  PRIMARY KEY (`codcambio`)
) ENGINE=InnoDB DEFAULT CHARSET=utf8 COLLATE=utf8_general_ci;
                
# | Carga de datos de la tabla 'tiposcambio'
# +-------------------------------------

# | Vaciado de tabla 'tiposmoneda'
# +-------------------------------------
DROP TABLE IF EXISTS `tiposmoneda`;


# | Estructura de la tabla 'tiposmoneda'
# +-------------------------------------
CREATE TABLE `tiposmoneda` (
  `codmoneda` int(11) NOT NULL AUTO_INCREMENT,
  `moneda` varchar(50) CHARACTER SET utf8 COLLATE utf8_spanish_ci NOT NULL,
  `siglas` varchar(15) CHARACTER SET utf8 COLLATE utf8_spanish_ci NOT NULL,
  `simbolo` varchar(10) CHARACTER SET utf8 COLLATE utf8_spanish_ci NOT NULL,
  PRIMARY KEY (`codmoneda`)
) ENGINE=InnoDB AUTO_INCREMENT=8 DEFAULT CHARSET=utf8 COLLATE=utf8_general_ci;
                
# | Carga de datos de la tabla 'tiposmoneda'
# +-------------------------------------

COMMIT;
INSERT IGNORE INTO `tiposmoneda` (`codmoneda`, `moneda`, `siglas`, `simbolo`) VALUES 
      ('1', 'US DOLLAR', 'USD', '$'), 
      ('2', 'EURO', 'EUR', '&euro;'), 
      ('3', 'PESO CHILENO', 'CLP', '$'), 
      ('4', 'DOLAR CANADIENSE', 'CAD', '$'), 
      ('5', 'QUETZAL', 'GTQ', 'Q'), 
      ('6', 'DOLAR BELIZE', 'BZD', 'B'), 
      ('7', 'SOLES', 'SOL', 'S/.');
COMMIT;

# | Vaciado de tabla 'traspasos'
# +-------------------------------------
DROP TABLE IF EXISTS `traspasos`;


# | Estructura de la tabla 'traspasos'
# +-------------------------------------
CREATE TABLE `traspasos` (
  `idtraspaso` int(11) NOT NULL AUTO_INCREMENT,
  `codtraspaso` varchar(30) CHARACTER SET utf8 COLLATE utf8_spanish_ci NOT NULL,
  `tipodocumento` varchar(30) CHARACTER SET utf8 COLLATE utf8_spanish_ci NOT NULL,
  `codfactura` varchar(30) CHARACTER SET utf8 COLLATE utf8_spanish_ci NOT NULL,
  `numero_tracking` varchar(50) CHARACTER SET utf8 COLLATE utf8_spanish_ci NOT NULL,
  `sucursal_envia` int(11) NOT NULL,
  `sucursal_recibe` int(11) NOT NULL,
  `nombres_responsable` varchar(150) CHARACTER SET utf8 COLLATE utf8_spanish_ci NOT NULL,
  `subtotal` decimal(12,2) NOT NULL,
  `subtotalexento` decimal(12,2) NOT NULL,
  `subtotaliva` decimal(12,2) NOT NULL,
  `iva` decimal(12,2) NOT NULL,
  `totaliva` decimal(12,2) NOT NULL,
  `descontado` decimal(12,2) NOT NULL,
  `descuento` decimal(12,2) NOT NULL,
  `totaldescuento` decimal(12,2) NOT NULL,
  `totalpago` decimal(12,2) NOT NULL,
  `totalpago2` decimal(12,2) NOT NULL,
  `fechatraspaso` datetime NOT NULL,
  `observaciones` text CHARACTER SET utf8 COLLATE utf8_spanish_ci NOT NULL,
  `codigo` int(11) NOT NULL,
  `estado_traspaso` int(2) NOT NULL,
  `fecha_enviado` varchar(30) CHARACTER SET utf8 COLLATE utf8_spanish_ci NOT NULL,
  `persona_recibe` int(11) NOT NULL,
  `fecha_recibe` varchar(30) CHARACTER SET utf8 COLLATE utf8_spanish_ci NOT NULL,
  `observaciones_recibido` text CHARACTER SET utf8 COLLATE utf8_spanish_ci NOT NULL,
  `agregar_stock` varchar(2) CHARACTER SET utf8 COLLATE utf8_spanish_ci NOT NULL,
  PRIMARY KEY (`idtraspaso`)
) ENGINE=InnoDB DEFAULT CHARSET=utf8 COLLATE=utf8_general_ci;
                
# | Carga de datos de la tabla 'traspasos'
# +-------------------------------------

# | Vaciado de tabla 'usuarios'
# +-------------------------------------
DROP TABLE IF EXISTS `usuarios`;


# | Estructura de la tabla 'usuarios'
# +-------------------------------------
CREATE TABLE `usuarios` (
  `codigo` int(11) NOT NULL AUTO_INCREMENT,
  `dni` varchar(25) CHARACTER SET utf8 COLLATE utf8_spanish_ci NOT NULL,
  `nombres` varchar(70) CHARACTER SET utf8 COLLATE utf8_spanish_ci NOT NULL,
  `sexo` varchar(10) CHARACTER SET utf8 COLLATE utf8_spanish_ci NOT NULL,
  `direccion` text CHARACTER SET utf8 COLLATE utf8_spanish_ci NOT NULL,
  `telefono` varchar(15) CHARACTER SET utf8 COLLATE utf8_spanish_ci NOT NULL,
  `email` varchar(100) CHARACTER SET utf8 COLLATE utf8_spanish_ci NOT NULL,
  `usuario` varchar(100) CHARACTER SET utf8 COLLATE utf8_spanish_ci NOT NULL,
  `password` longtext CHARACTER SET utf8 COLLATE utf8_spanish_ci NOT NULL,
  `nivel` varchar(35) CHARACTER SET utf8 COLLATE utf8_spanish_ci NOT NULL,
  `status` int(2) NOT NULL,
  `comision` decimal(12,2) NOT NULL,
  `limite_descuento` decimal(12,2) NOT NULL,
  `codsucursal` int(11) NOT NULL,
  `gruposid` varchar(30) CHARACTER SET utf8 COLLATE utf8_spanish_ci NOT NULL,
  PRIMARY KEY (`codigo`)
) ENGINE=InnoDB AUTO_INCREMENT=7 DEFAULT CHARSET=utf8 COLLATE=utf8_general_ci;
                
# | Carga de datos de la tabla 'usuarios'
# +-------------------------------------

COMMIT;
INSERT IGNORE INTO `usuarios` (`codigo`, `dni`, `nombres`, `sexo`, `direccion`, `telefono`, `email`, `usuario`, `password`, `nivel`, `status`, `comision`, `limite_descuento`, `codsucursal`, `gruposid`) VALUES 
      ('1', '123456789', 'RUBEN DARIO CHIRINOS PAREDES', 'MASCULINO', 'SANTA CRUZ DE MORA', '(0416) 9983764', 'ELSAIYA2@GMAIL.COM', 'RUBENPAREDES', '$2y$10$1bIjscjIoi1Kt5bj7dJk9u6ZatZlRxSUAaM2RWgiltmqp7oWPE2a2', 'ADMINISTRADOR(A) GENERAL', '1', '0.00', '0.00', '0', '0'), 
      ('2', '18633174', 'RUBEN DARIO CHIRINOS RODRIGUEZ', 'MASCULINO', 'SANTA CRUZ DE MORA', '(0414) 7225970', 'ELSAIYA@GMAIL.COM', 'RUBENCHIRINOS', '$2y$10$ftsMDEvpGHUE9Fh87ct.Fu4NuU4YVrof1atfN.vMwwJCeI7khlaUy', 'ADMINISTRADOR(A) SUCURSAL', '1', '0.00', '0.00', '1', '2, 3'), 
      ('3', '16317737', 'MARBELLA PAREDES MARQUEZ', 'FEMENINO', 'SANTA CRUZ DE MORA', '(0416) 3422924', 'PAREDESMARQUEZMARBELLA@GMAIL.COM', 'MARBELLAPAREDES', '$2y$10$GGAlbpcZC3Ip6AoSisQH6uxMtzfBd9blaYy.1v1rgGjsJLYEJuFTq', 'SECRETARIA', '1', '0.00', '0.00', '1', '2, 3'), 
      ('4', '25879642', 'MOISES RODOLFO CHIRINOS LEAL', 'MASCULINO', 'SANTA CRUZ DE MORA', '(0274) 9981185', 'MOISESRODOLFOCHIRINOSLEAL@GMAIL.COM', 'MOISESCHIRINOS', '$2y$10$QW3nPXNwZ99fWeTbeOOoBux6cvvvfqjqYKGMQKnQV0LGeMjDQ4FNG', 'CAJERO(A)', '1', '0.00', '0.00', '1', '2, 3'), 
      ('5', '235698745', 'JESUS RAMON CHIRINOS', 'MASCULINO', 'SANTA CRUZ DE MORA', '(0414) 7225970', 'RAMON@GMAIL.COM', 'RAMONCHIRINOS', '$2y$10$2ifmCH5v/kvNcfsBYHNu7.a5bVA0l0K8rSXy6ZoqOsTq2gQ6DlQoi', 'ADMINISTRADOR(A) SUCURSAL', '1', '0.00', '0.00', '2', '3'), 
      ('6', '12345678', 'RICHARD JOSE CHIRINOS RODRIGUEZ', 'MASCULINO', 'CABIMAS ESTADO ZULIA', '(0424) 7895874', 'RJCH@GMAIL.COM', 'RICHARDCHIRINOS', '$2y$10$8wZuBz5AMlhbdo9OMB0EA.LIdRl2iYKjNV5N9TkzknMU1EfZSOK1G', 'VENDEDOR(A)', '1', '0.00', '0.00', '1', '2, 3');
COMMIT;

# | Vaciado de tabla 'ventas'
# +-------------------------------------
DROP TABLE IF EXISTS `ventas`;


# | Estructura de la tabla 'ventas'
# +-------------------------------------
CREATE TABLE `ventas` (
  `idventa` int(11) NOT NULL AUTO_INCREMENT,
  `tipodocumento` varchar(30) CHARACTER SET utf8 COLLATE utf8_spanish_ci NOT NULL,
  `codarqueo` int(11) NOT NULL,
  `codcaja` int(11) NOT NULL,
  `codventa` varchar(30) CHARACTER SET utf8 COLLATE utf8_spanish_ci NOT NULL,
  `codfactura` varchar(30) CHARACTER SET utf8 COLLATE utf8_spanish_ci NOT NULL,
  `codserie` varchar(30) CHARACTER SET utf8 COLLATE utf8_spanish_ci NOT NULL,
  `codautorizacion` varchar(50) CHARACTER SET utf8 COLLATE utf8_spanish_ci NOT NULL,
  `codcliente` varchar(30) CHARACTER SET utf8 COLLATE utf8_spanish_ci NOT NULL,
  `exonerado` int(2) NOT NULL,
  `subtotal` decimal(12,2) NOT NULL,
  `subtotalexento` decimal(12,2) NOT NULL,
  `subtotaliva` decimal(12,2) NOT NULL,
  `iva` decimal(12,2) NOT NULL,
  `totaliva` decimal(12,2) NOT NULL,
  `descontado` decimal(12,2) NOT NULL,
  `descuento` decimal(12,2) NOT NULL,
  `totaldescuento` decimal(12,2) NOT NULL,
  `totalpago` decimal(12,2) NOT NULL,
  `totalpago2` decimal(12,2) NOT NULL,
  `creditopagado` decimal(12,2) NOT NULL,
  `tipopago` varchar(10) CHARACTER SET utf8 COLLATE utf8_spanish_ci NOT NULL,
  `formapago` varchar(25) CHARACTER SET utf8 COLLATE utf8_spanish_ci NOT NULL,
  `montopagado` decimal(12,2) NOT NULL,
  `montodevuelto` decimal(12,2) NOT NULL,
  `fechavencecredito` varchar(25) CHARACTER SET utf8 COLLATE utf8_spanish_ci NOT NULL,
  `fechapagado` varchar(25) CHARACTER SET utf8 COLLATE utf8_spanish_ci NOT NULL,
  `statusventa` varchar(10) CHARACTER SET utf8 COLLATE utf8_spanish_ci NOT NULL,
  `fechaventa` datetime NOT NULL,
  `observaciones` text CHARACTER SET utf8 COLLATE utf8_spanish_ci NOT NULL,
  `notacredito` int(2) NOT NULL,
  `codigo` int(11) NOT NULL,
  `codsucursal` int(11) NOT NULL,
  PRIMARY KEY (`idventa`)
) ENGINE=InnoDB DEFAULT CHARSET=utf8 COLLATE=utf8_general_ci;
                
# | Carga de datos de la tabla 'ventas'
# +-------------------------------------

